
C:/Users/andyu/Documents/WorkshopComputerFork/releases/83_chorgan/build/chorgan.elf:     file format elf32-littlearm

Sections:
Idx Name          Size      VMA       LMA       File off  Algn
  0 .boot2        00000100  10000000  10000000  00001000  2**0
                  CONTENTS, ALLOC, LOAD, READONLY, CODE
  1 .text         00003b58  10000100  10000100  00001100  2**3
                  CONTENTS, ALLOC, LOAD, READONLY, CODE
  2 .rodata       00000cd0  10003c58  10003c58  00004c58  2**2
                  CONTENTS, ALLOC, LOAD, READONLY, DATA
  3 .binary_info  0000001c  10004928  10004928  00005928  2**2
                  CONTENTS, ALLOC, LOAD, READONLY, DATA
  4 .ram_vector_table 000000c0  20000000  20000000  00008000  2**2
                  ALLOC
  5 .uninitialized_data 00000000  200000c0  200000c0  00007b40  2**0
                  CONTENTS
  6 .data         00001a80  200000c0  10004944  000060c0  2**4
                  CONTENTS, ALLOC, LOAD, READONLY, CODE
  7 .tdata        00000000  20001b40  20001b40  00007b40  2**0
                  CONTENTS, ALLOC, LOAD, DATA, THREAD_LOCAL
  8 .tbss         00000000  20001b40  20001b40  00000000  2**0
                  ALLOC, THREAD_LOCAL
  9 .bss          00000794  20001b40  100063c4  00007b40  2**3
                  ALLOC
 10 .heap         00000800  200022d4  100063c4  000082d4  2**2
                  ALLOC, READONLY
 11 .scratch_x    00000000  20040000  20040000  00007b40  2**0
                  CONTENTS
 12 .scratch_y    00000000  20041000  20041000  00007b40  2**0
                  CONTENTS
 13 .stack_dummy  00000800  20041000  20041000  00008000  2**5
                  ALLOC, READONLY
 14 .ARM.attributes 00000028  00000000  00000000  00007b40  2**0
                  CONTENTS, READONLY
 15 .comment      00000045  00000000  00000000  00007b68  2**0
                  CONTENTS, READONLY
 16 .debug_info   00029db0  00000000  00000000  00007bad  2**0
                  CONTENTS, READONLY, DEBUGGING, OCTETS
 17 .debug_abbrev 000066ec  00000000  00000000  0003195d  2**0
                  CONTENTS, READONLY, DEBUGGING, OCTETS
 18 .debug_loclists 00019023  00000000  00000000  00038049  2**0
                  CONTENTS, READONLY, DEBUGGING, OCTETS
 19 .debug_aranges 00001178  00000000  00000000  00051070  2**3
                  CONTENTS, READONLY, DEBUGGING, OCTETS
 20 .debug_rnglists 000040a7  00000000  00000000  000521e8  2**0
                  CONTENTS, READONLY, DEBUGGING, OCTETS
 21 .debug_line   00020257  00000000  00000000  0005628f  2**0
                  CONTENTS, READONLY, DEBUGGING, OCTETS
 22 .debug_str    00007434  00000000  00000000  000764e6  2**0
                  CONTENTS, READONLY, DEBUGGING, OCTETS
 23 .debug_frame  0000232c  00000000  00000000  0007d91c  2**2
                  CONTENTS, READONLY, DEBUGGING, OCTETS
 24 .debug_line_str 0000037d  00000000  00000000  0007fc48  2**0
                  CONTENTS, READONLY, DEBUGGING, OCTETS

C:/Users/andyu/Documents/WorkshopComputerFork/releases/83_chorgan/build/chorgan.elf:     file format elf32-littlearm


Disassembly of section .boot2:

10000000 <__boot2_start__>:
10000000:	4b32b500 	.word	0x4b32b500
10000004:	60582021 	.word	0x60582021
10000008:	21026898 	.word	0x21026898
1000000c:	60984388 	.word	0x60984388
10000010:	611860d8 	.word	0x611860d8
10000014:	4b2e6158 	.word	0x4b2e6158
10000018:	60992100 	.word	0x60992100
1000001c:	61592102 	.word	0x61592102
10000020:	22f02101 	.word	0x22f02101
10000024:	492b5099 	.word	0x492b5099
10000028:	21016019 	.word	0x21016019
1000002c:	20356099 	.word	0x20356099
10000030:	f844f000 	.word	0xf844f000
10000034:	42902202 	.word	0x42902202
10000038:	2106d014 	.word	0x2106d014
1000003c:	f0006619 	.word	0xf0006619
10000040:	6e19f834 	.word	0x6e19f834
10000044:	66192101 	.word	0x66192101
10000048:	66182000 	.word	0x66182000
1000004c:	f000661a 	.word	0xf000661a
10000050:	6e19f82c 	.word	0x6e19f82c
10000054:	6e196e19 	.word	0x6e196e19
10000058:	f0002005 	.word	0xf0002005
1000005c:	2101f82f 	.word	0x2101f82f
10000060:	d1f94208 	.word	0xd1f94208
10000064:	60992100 	.word	0x60992100
10000068:	6019491b 	.word	0x6019491b
1000006c:	60592100 	.word	0x60592100
10000070:	481b491a 	.word	0x481b491a
10000074:	21016001 	.word	0x21016001
10000078:	21eb6099 	.word	0x21eb6099
1000007c:	21a06619 	.word	0x21a06619
10000080:	f0006619 	.word	0xf0006619
10000084:	2100f812 	.word	0x2100f812
10000088:	49166099 	.word	0x49166099
1000008c:	60014814 	.word	0x60014814
10000090:	60992101 	.word	0x60992101
10000094:	2800bc01 	.word	0x2800bc01
10000098:	4700d000 	.word	0x4700d000
1000009c:	49134812 	.word	0x49134812
100000a0:	c8036008 	.word	0xc8036008
100000a4:	8808f380 	.word	0x8808f380
100000a8:	b5034708 	.word	0xb5034708
100000ac:	20046a99 	.word	0x20046a99
100000b0:	d0fb4201 	.word	0xd0fb4201
100000b4:	42012001 	.word	0x42012001
100000b8:	bd03d1f8 	.word	0xbd03d1f8
100000bc:	6618b502 	.word	0x6618b502
100000c0:	f7ff6618 	.word	0xf7ff6618
100000c4:	6e18fff2 	.word	0x6e18fff2
100000c8:	bd026e18 	.word	0xbd026e18
100000cc:	40020000 	.word	0x40020000
100000d0:	18000000 	.word	0x18000000
100000d4:	00070000 	.word	0x00070000
100000d8:	005f0300 	.word	0x005f0300
100000dc:	00002221 	.word	0x00002221
100000e0:	180000f4 	.word	0x180000f4
100000e4:	a0002022 	.word	0xa0002022
100000e8:	10000100 	.word	0x10000100
100000ec:	e000ed08 	.word	0xe000ed08
	...
100000fc:	7a4eb274 	.word	0x7a4eb274

Disassembly of section .text:

10000100 <__VECTOR_TABLE>:
10000100:	20042000 	.word	0x20042000
10000104:	100001f7 	.word	0x100001f7
10000108:	100001cb 	.word	0x100001cb
1000010c:	100001cd 	.word	0x100001cd
10000110:	100001c9 	.word	0x100001c9
10000114:	100001c9 	.word	0x100001c9
10000118:	100001c9 	.word	0x100001c9
1000011c:	100001c9 	.word	0x100001c9
10000120:	100001c9 	.word	0x100001c9
10000124:	100001c9 	.word	0x100001c9
10000128:	100001c9 	.word	0x100001c9
1000012c:	100001cf 	.word	0x100001cf
10000130:	100001c9 	.word	0x100001c9
10000134:	100001c9 	.word	0x100001c9
10000138:	100001d1 	.word	0x100001d1
1000013c:	100001d3 	.word	0x100001d3
10000140:	100001c1 	.word	0x100001c1
10000144:	100001c1 	.word	0x100001c1
10000148:	100001c1 	.word	0x100001c1
1000014c:	100001c1 	.word	0x100001c1
10000150:	100001c1 	.word	0x100001c1
10000154:	100001c1 	.word	0x100001c1
10000158:	100001c1 	.word	0x100001c1
1000015c:	100001c1 	.word	0x100001c1
10000160:	100001c1 	.word	0x100001c1
10000164:	100001c1 	.word	0x100001c1
10000168:	100001c1 	.word	0x100001c1
1000016c:	100001c1 	.word	0x100001c1
10000170:	100001c1 	.word	0x100001c1
10000174:	100001c1 	.word	0x100001c1
10000178:	100001c1 	.word	0x100001c1
1000017c:	100001c1 	.word	0x100001c1
10000180:	100001c1 	.word	0x100001c1
10000184:	100001c1 	.word	0x100001c1
10000188:	100001c1 	.word	0x100001c1
1000018c:	100001c1 	.word	0x100001c1
10000190:	100001c1 	.word	0x100001c1
10000194:	100001c1 	.word	0x100001c1
10000198:	100001c1 	.word	0x100001c1
1000019c:	100001c1 	.word	0x100001c1
100001a0:	100001c1 	.word	0x100001c1
100001a4:	100001c1 	.word	0x100001c1
100001a8:	100001c1 	.word	0x100001c1
100001ac:	100001c1 	.word	0x100001c1
100001b0:	100001c1 	.word	0x100001c1
100001b4:	100001c1 	.word	0x100001c1
100001b8:	100001c1 	.word	0x100001c1
100001bc:	100001c1 	.word	0x100001c1

100001c0 <__unhandled_user_irq>:
100001c0:	f3ef 8005 	mrs	r0, IPSR
100001c4:	3810      	subs	r0, #16

100001c6 <unhandled_user_irq_num_in_r0>:
100001c6:	be00      	bkpt	0x0000

100001c8 <isr_invalid>:
100001c8:	be00      	bkpt	0x0000

100001ca <isr_nmi>:
100001ca:	be00      	bkpt	0x0000

100001cc <isr_hardfault>:
100001cc:	be00      	bkpt	0x0000

100001ce <isr_svcall>:
100001ce:	be00      	bkpt	0x0000

100001d0 <isr_pendsv>:
100001d0:	be00      	bkpt	0x0000

100001d2 <isr_systick>:
100001d2:	be00      	bkpt	0x0000

100001d4 <__default_isrs_end>:
100001d4:	7188ebf2 	.word	0x7188ebf2
100001d8:	10004928 	.word	0x10004928
100001dc:	10004944 	.word	0x10004944
100001e0:	10000238 	.word	0x10000238
100001e4:	e71aa390 	.word	0xe71aa390

100001e8 <_entry_point>:
100001e8:	481e      	ldr	r0, [pc, #120]	@ (10000264 <data_cpy_table+0x2c>)

100001ea <_enter_vtable_in_r0>:
100001ea:	491f      	ldr	r1, [pc, #124]	@ (10000268 <data_cpy_table+0x30>)
100001ec:	6008      	str	r0, [r1, #0]
100001ee:	c806      	ldmia	r0!, {r1, r2}
100001f0:	f381 8808 	msr	MSP, r1
100001f4:	4710      	bx	r2

100001f6 <_reset_handler>:
100001f6:	481d      	ldr	r0, [pc, #116]	@ (1000026c <data_cpy_table+0x34>)
100001f8:	6800      	ldr	r0, [r0, #0]
100001fa:	2800      	cmp	r0, #0
100001fc:	d001      	beq.n	10000202 <hold_non_core0_in_bootrom+0x4>

100001fe <hold_non_core0_in_bootrom>:
100001fe:	4819      	ldr	r0, [pc, #100]	@ (10000264 <data_cpy_table+0x2c>)
10000200:	e7f3      	b.n	100001ea <_enter_vtable_in_r0>
10000202:	a40d      	add	r4, pc, #52	@ (adr r4, 10000238 <data_cpy_table>)
10000204:	cc0e      	ldmia	r4!, {r1, r2, r3}
10000206:	2900      	cmp	r1, #0
10000208:	d002      	beq.n	10000210 <hold_non_core0_in_bootrom+0x12>
1000020a:	f000 f812 	bl	10000232 <data_cpy>
1000020e:	e7f9      	b.n	10000204 <hold_non_core0_in_bootrom+0x6>
10000210:	4917      	ldr	r1, [pc, #92]	@ (10000270 <data_cpy_table+0x38>)
10000212:	4a18      	ldr	r2, [pc, #96]	@ (10000274 <data_cpy_table+0x3c>)
10000214:	2000      	movs	r0, #0
10000216:	e000      	b.n	1000021a <bss_fill_test>

10000218 <bss_fill_loop>:
10000218:	c101      	stmia	r1!, {r0}

1000021a <bss_fill_test>:
1000021a:	4291      	cmp	r1, r2
1000021c:	d1fc      	bne.n	10000218 <bss_fill_loop>

1000021e <platform_entry>:
1000021e:	4916      	ldr	r1, [pc, #88]	@ (10000278 <data_cpy_table+0x40>)
10000220:	4788      	blx	r1
10000222:	4916      	ldr	r1, [pc, #88]	@ (1000027c <data_cpy_table+0x44>)
10000224:	4788      	blx	r1
10000226:	4916      	ldr	r1, [pc, #88]	@ (10000280 <data_cpy_table+0x48>)
10000228:	4788      	blx	r1
1000022a:	be00      	bkpt	0x0000
1000022c:	e7fd      	b.n	1000022a <platform_entry+0xc>

1000022e <data_cpy_loop>:
1000022e:	c901      	ldmia	r1!, {r0}
10000230:	c201      	stmia	r2!, {r0}

10000232 <data_cpy>:
10000232:	429a      	cmp	r2, r3
10000234:	d3fb      	bcc.n	1000022e <data_cpy_loop>
10000236:	4770      	bx	lr

10000238 <data_cpy_table>:
10000238:	10004944 	.word	0x10004944
1000023c:	200000c0 	.word	0x200000c0
10000240:	20001b40 	.word	0x20001b40
10000244:	100063c4 	.word	0x100063c4
10000248:	20040000 	.word	0x20040000
1000024c:	20040000 	.word	0x20040000
10000250:	100063c4 	.word	0x100063c4
10000254:	20041000 	.word	0x20041000
10000258:	20041000 	.word	0x20041000
1000025c:	00000000 	.word	0x00000000
10000260:	4770      	bx	lr
10000262:	0000      	.short	0x0000
10000264:	00000000 	.word	0x00000000
10000268:	e000ed08 	.word	0xe000ed08
1000026c:	d0000000 	.word	0xd0000000
10000270:	20001b40 	.word	0x20001b40
10000274:	200022d4 	.word	0x200022d4
10000278:	10003235 	.word	0x10003235
1000027c:	1000116d 	.word	0x1000116d
10000280:	1000322d 	.word	0x1000322d

10000284 <_init>:
10000284:	b5f8      	push	{r3, r4, r5, r6, r7, lr}
10000286:	46c0      	nop			@ (mov r8, r8)

10000288 <register_tm_clones>:
10000288:	4806      	ldr	r0, [pc, #24]	@ (100002a4 <register_tm_clones+0x1c>)
1000028a:	4907      	ldr	r1, [pc, #28]	@ (100002a8 <register_tm_clones+0x20>)
1000028c:	1a09      	subs	r1, r1, r0
1000028e:	108b      	asrs	r3, r1, #2
10000290:	0fc9      	lsrs	r1, r1, #31
10000292:	18c9      	adds	r1, r1, r3
10000294:	b510      	push	{r4, lr}
10000296:	1049      	asrs	r1, r1, #1
10000298:	d003      	beq.n	100002a2 <register_tm_clones+0x1a>
1000029a:	4b04      	ldr	r3, [pc, #16]	@ (100002ac <register_tm_clones+0x24>)
1000029c:	2b00      	cmp	r3, #0
1000029e:	d000      	beq.n	100002a2 <register_tm_clones+0x1a>
100002a0:	4798      	blx	r3
100002a2:	bd10      	pop	{r4, pc}
100002a4:	20001b40 	.word	0x20001b40
100002a8:	20001b40 	.word	0x20001b40
100002ac:	00000000 	.word	0x00000000

100002b0 <frame_dummy>:
100002b0:	4b05      	ldr	r3, [pc, #20]	@ (100002c8 <frame_dummy+0x18>)
100002b2:	b510      	push	{r4, lr}
100002b4:	2b00      	cmp	r3, #0
100002b6:	d003      	beq.n	100002c0 <frame_dummy+0x10>
100002b8:	4904      	ldr	r1, [pc, #16]	@ (100002cc <frame_dummy+0x1c>)
100002ba:	4805      	ldr	r0, [pc, #20]	@ (100002d0 <frame_dummy+0x20>)
100002bc:	e000      	b.n	100002c0 <frame_dummy+0x10>
100002be:	bf00      	nop
100002c0:	f7ff ffe2 	bl	10000288 <register_tm_clones>
100002c4:	bd10      	pop	{r4, pc}
100002c6:	46c0      	nop			@ (mov r8, r8)
100002c8:	00000000 	.word	0x00000000
100002cc:	20002298 	.word	0x20002298
100002d0:	10003c58 	.word	0x10003c58

100002d4 <_ZN12ComputerCard11OnCVPWMWrapEv>:
100002d4:	23a4      	movs	r3, #164	@ 0xa4
100002d6:	2108      	movs	r1, #8
100002d8:	b570      	push	{r4, r5, r6, lr}
100002da:	24ff      	movs	r4, #255	@ 0xff
100002dc:	4a12      	ldr	r2, [pc, #72]	@ (10000328 <_ZN12ComputerCard11OnCVPWMWrapEv+0x54>)
100002de:	4813      	ldr	r0, [pc, #76]	@ (1000032c <_ZN12ComputerCard11OnCVPWMWrapEv+0x58>)
100002e0:	50d1      	str	r1, [r2, r3]
100002e2:	4a13      	ldr	r2, [pc, #76]	@ (10000330 <_ZN12ComputerCard11OnCVPWMWrapEv+0x5c>)
100002e4:	6801      	ldr	r1, [r0, #0]
100002e6:	6813      	ldr	r3, [r2, #0]
100002e8:	6815      	ldr	r5, [r2, #0]
100002ea:	1a5b      	subs	r3, r3, r1
100002ec:	43a3      	bics	r3, r4
100002ee:	1b49      	subs	r1, r1, r5
100002f0:	18c9      	adds	r1, r1, r3
100002f2:	6001      	str	r1, [r0, #0]
100002f4:	480f      	ldr	r0, [pc, #60]	@ (10000334 <_ZN12ComputerCard11OnCVPWMWrapEv+0x60>)
100002f6:	0a1b      	lsrs	r3, r3, #8
100002f8:	6801      	ldr	r1, [r0, #0]
100002fa:	041b      	lsls	r3, r3, #16
100002fc:	404b      	eors	r3, r1
100002fe:	0c1b      	lsrs	r3, r3, #16
10000300:	490d      	ldr	r1, [pc, #52]	@ (10000338 <_ZN12ComputerCard11OnCVPWMWrapEv+0x64>)
10000302:	4e0e      	ldr	r6, [pc, #56]	@ (1000033c <_ZN12ComputerCard11OnCVPWMWrapEv+0x68>)
10000304:	041b      	lsls	r3, r3, #16
10000306:	600b      	str	r3, [r1, #0]
10000308:	6835      	ldr	r5, [r6, #0]
1000030a:	6853      	ldr	r3, [r2, #4]
1000030c:	6852      	ldr	r2, [r2, #4]
1000030e:	1b5b      	subs	r3, r3, r5
10000310:	43a3      	bics	r3, r4
10000312:	1aad      	subs	r5, r5, r2
10000314:	18ed      	adds	r5, r5, r3
10000316:	6035      	str	r5, [r6, #0]
10000318:	6802      	ldr	r2, [r0, #0]
1000031a:	021b      	lsls	r3, r3, #8
1000031c:	0c1b      	lsrs	r3, r3, #16
1000031e:	4053      	eors	r3, r2
10000320:	041b      	lsls	r3, r3, #16
10000322:	0c1b      	lsrs	r3, r3, #16
10000324:	600b      	str	r3, [r1, #0]
10000326:	bd70      	pop	{r4, r5, r6, pc}
10000328:	40050000 	.word	0x40050000
1000032c:	20002158 	.word	0x20002158
10000330:	20001a98 	.word	0x20001a98
10000334:	40050048 	.word	0x40050048
10000338:	40051048 	.word	0x40051048
1000033c:	2000215c 	.word	0x2000215c

10000340 <_ZN12ComputerCard18ReadByteFromEEPROMEjRb.constprop.0>:
10000340:	b5f0      	push	{r4, r5, r6, r7, lr}
10000342:	2350      	movs	r3, #80	@ 0x50
10000344:	b087      	sub	sp, #28
10000346:	2617      	movs	r6, #23
10000348:	466a      	mov	r2, sp
1000034a:	0504      	lsls	r4, r0, #20
1000034c:	0f24      	lsrs	r4, r4, #28
1000034e:	431c      	orrs	r4, r3
10000350:	446e      	add	r6, sp
10000352:	33af      	adds	r3, #175	@ 0xaf
10000354:	7593      	strb	r3, [r2, #22]
10000356:	000d      	movs	r5, r1
10000358:	7030      	strb	r0, [r6, #0]
1000035a:	f001 fc5b 	bl	10001c14 <time_us_64>
1000035e:	2300      	movs	r3, #0
10000360:	4a1a      	ldr	r2, [pc, #104]	@ (100003cc <_ZN12ComputerCard18ReadByteFromEEPROMEjRb.constprop.0+0x8c>)
10000362:	4f1b      	ldr	r7, [pc, #108]	@ (100003d0 <_ZN12ComputerCard18ReadByteFromEEPROMEjRb.constprop.0+0x90>)
10000364:	1812      	adds	r2, r2, r0
10000366:	414b      	adcs	r3, r1
10000368:	2b00      	cmp	r3, #0
1000036a:	da02      	bge.n	10000372 <_ZN12ComputerCard18ReadByteFromEEPROMEjRb.constprop.0+0x32>
1000036c:	2201      	movs	r2, #1
1000036e:	4b19      	ldr	r3, [pc, #100]	@ (100003d4 <_ZN12ComputerCard18ReadByteFromEEPROMEjRb.constprop.0+0x94>)
10000370:	4252      	negs	r2, r2
10000372:	9202      	str	r2, [sp, #8]
10000374:	9303      	str	r3, [sp, #12]
10000376:	2300      	movs	r3, #0
10000378:	0032      	movs	r2, r6
1000037a:	9300      	str	r3, [sp, #0]
1000037c:	0021      	movs	r1, r4
1000037e:	0038      	movs	r0, r7
10000380:	3301      	adds	r3, #1
10000382:	f003 fadb 	bl	1000393c <i2c_write_blocking_until>
10000386:	2800      	cmp	r0, #0
10000388:	dd1a      	ble.n	100003c0 <_ZN12ComputerCard18ReadByteFromEEPROMEjRb.constprop.0+0x80>
1000038a:	f001 fc43 	bl	10001c14 <time_us_64>
1000038e:	2300      	movs	r3, #0
10000390:	4a0e      	ldr	r2, [pc, #56]	@ (100003cc <_ZN12ComputerCard18ReadByteFromEEPROMEjRb.constprop.0+0x8c>)
10000392:	1880      	adds	r0, r0, r2
10000394:	4159      	adcs	r1, r3
10000396:	2900      	cmp	r1, #0
10000398:	da02      	bge.n	100003a0 <_ZN12ComputerCard18ReadByteFromEEPROMEjRb.constprop.0+0x60>
1000039a:	2001      	movs	r0, #1
1000039c:	490d      	ldr	r1, [pc, #52]	@ (100003d4 <_ZN12ComputerCard18ReadByteFromEEPROMEjRb.constprop.0+0x94>)
1000039e:	4240      	negs	r0, r0
100003a0:	2300      	movs	r3, #0
100003a2:	2216      	movs	r2, #22
100003a4:	9002      	str	r0, [sp, #8]
100003a6:	9103      	str	r1, [sp, #12]
100003a8:	9300      	str	r3, [sp, #0]
100003aa:	0021      	movs	r1, r4
100003ac:	0038      	movs	r0, r7
100003ae:	3301      	adds	r3, #1
100003b0:	446a      	add	r2, sp
100003b2:	f003 fae7 	bl	10003984 <i2c_read_blocking_until>
100003b6:	2800      	cmp	r0, #0
100003b8:	dd02      	ble.n	100003c0 <_ZN12ComputerCard18ReadByteFromEEPROMEjRb.constprop.0+0x80>
100003ba:	466b      	mov	r3, sp
100003bc:	7d98      	ldrb	r0, [r3, #22]
100003be:	e002      	b.n	100003c6 <_ZN12ComputerCard18ReadByteFromEEPROMEjRb.constprop.0+0x86>
100003c0:	2301      	movs	r3, #1
100003c2:	2000      	movs	r0, #0
100003c4:	702b      	strb	r3, [r5, #0]
100003c6:	b007      	add	sp, #28
100003c8:	bdf0      	pop	{r4, r5, r6, r7, pc}
100003ca:	46c0      	nop			@ (mov r8, r8)
100003cc:	00002710 	.word	0x00002710
100003d0:	20001b30 	.word	0x20001b30
100003d4:	7fffffff 	.word	0x7fffffff

100003d8 <_ZN12ComputerCard13AudioCallbackEv>:
100003d8:	b510      	push	{r4, lr}
100003da:	4b02      	ldr	r3, [pc, #8]	@ (100003e4 <_ZN12ComputerCard13AudioCallbackEv+0xc>)
100003dc:	6818      	ldr	r0, [r3, #0]
100003de:	f003 fc0f 	bl	10003c00 <___ZN12ComputerCard10BufferFullEv_veneer>
100003e2:	bd10      	pop	{r4, pc}
100003e4:	20002130 	.word	0x20002130

100003e8 <_ZN12ComputerCard20ProbeHardwareVersionEv>:
100003e8:	b570      	push	{r4, r5, r6, lr}
100003ea:	25d0      	movs	r5, #208	@ 0xd0
100003ec:	2201      	movs	r2, #1
100003ee:	2100      	movs	r1, #0
100003f0:	2007      	movs	r0, #7
100003f2:	f001 fe19 	bl	10002028 <gpio_set_pulls>
100003f6:	2201      	movs	r2, #1
100003f8:	2100      	movs	r1, #0
100003fa:	2006      	movs	r0, #6
100003fc:	f001 fe14 	bl	10002028 <gpio_set_pulls>
10000400:	2201      	movs	r2, #1
10000402:	2100      	movs	r1, #0
10000404:	2005      	movs	r0, #5
10000406:	062d      	lsls	r5, r5, #24
10000408:	f001 fe0e 	bl	10002028 <gpio_set_pulls>
1000040c:	2001      	movs	r0, #1
1000040e:	2100      	movs	r1, #0
10000410:	f001 fada 	bl	100019c8 <sleep_us>
10000414:	686a      	ldr	r2, [r5, #4]
10000416:	686c      	ldr	r4, [r5, #4]
10000418:	686b      	ldr	r3, [r5, #4]
1000041a:	0664      	lsls	r4, r4, #25
1000041c:	069b      	lsls	r3, r3, #26
1000041e:	0fe4      	lsrs	r4, r4, #31
10000420:	0fdb      	lsrs	r3, r3, #31
10000422:	011b      	lsls	r3, r3, #4
10000424:	00a4      	lsls	r4, r4, #2
10000426:	431c      	orrs	r4, r3
10000428:	0613      	lsls	r3, r2, #24
1000042a:	0fdb      	lsrs	r3, r3, #31
1000042c:	2200      	movs	r2, #0
1000042e:	2101      	movs	r1, #1
10000430:	2007      	movs	r0, #7
10000432:	431c      	orrs	r4, r3
10000434:	f001 fdf8 	bl	10002028 <gpio_set_pulls>
10000438:	2200      	movs	r2, #0
1000043a:	2101      	movs	r1, #1
1000043c:	2006      	movs	r0, #6
1000043e:	f001 fdf3 	bl	10002028 <gpio_set_pulls>
10000442:	2200      	movs	r2, #0
10000444:	2101      	movs	r1, #1
10000446:	2005      	movs	r0, #5
10000448:	f001 fdee 	bl	10002028 <gpio_set_pulls>
1000044c:	2001      	movs	r0, #1
1000044e:	2100      	movs	r1, #0
10000450:	f001 faba 	bl	100019c8 <sleep_us>
10000454:	6869      	ldr	r1, [r5, #4]
10000456:	686a      	ldr	r2, [r5, #4]
10000458:	0609      	lsls	r1, r1, #24
1000045a:	686b      	ldr	r3, [r5, #4]
1000045c:	0fc9      	lsrs	r1, r1, #31
1000045e:	0652      	lsls	r2, r2, #25
10000460:	0049      	lsls	r1, r1, #1
10000462:	b264      	sxtb	r4, r4
10000464:	0fd2      	lsrs	r2, r2, #31
10000466:	069b      	lsls	r3, r3, #26
10000468:	430c      	orrs	r4, r1
1000046a:	00d2      	lsls	r2, r2, #3
1000046c:	0fdb      	lsrs	r3, r3, #31
1000046e:	015b      	lsls	r3, r3, #5
10000470:	2100      	movs	r1, #0
10000472:	2007      	movs	r0, #7
10000474:	4314      	orrs	r4, r2
10000476:	2201      	movs	r2, #1
10000478:	431c      	orrs	r4, r3
1000047a:	f001 fdd5 	bl	10002028 <gpio_set_pulls>
1000047e:	2201      	movs	r2, #1
10000480:	2100      	movs	r1, #0
10000482:	2006      	movs	r0, #6
10000484:	f001 fdd0 	bl	10002028 <gpio_set_pulls>
10000488:	b264      	sxtb	r4, r4
1000048a:	2201      	movs	r2, #1
1000048c:	2100      	movs	r1, #0
1000048e:	2005      	movs	r0, #5
10000490:	f001 fdca 	bl	10002028 <gpio_set_pulls>
10000494:	2c2a      	cmp	r4, #42	@ 0x2a
10000496:	d005      	beq.n	100004a4 <_ZN12ComputerCard20ProbeHardwareVersionEv+0xbc>
10000498:	2c30      	cmp	r4, #48	@ 0x30
1000049a:	d003      	beq.n	100004a4 <_ZN12ComputerCard20ProbeHardwareVersionEv+0xbc>
1000049c:	20ff      	movs	r0, #255	@ 0xff
1000049e:	2c0c      	cmp	r4, #12
100004a0:	d000      	beq.n	100004a4 <_ZN12ComputerCard20ProbeHardwareVersionEv+0xbc>
100004a2:	bd70      	pop	{r4, r5, r6, pc}
100004a4:	b2e0      	uxtb	r0, r4
100004a6:	e7fc      	b.n	100004a2 <_ZN12ComputerCard20ProbeHardwareVersionEv+0xba>

100004a8 <_ZN12ComputerCard13CalcCalCoeffsEi>:
100004a8:	b5f0      	push	{r4, r5, r6, r7, lr}
100004aa:	464e      	mov	r6, r9
100004ac:	46de      	mov	lr, fp
100004ae:	4657      	mov	r7, sl
100004b0:	4645      	mov	r5, r8
100004b2:	0003      	movs	r3, r0
100004b4:	468c      	mov	ip, r1
100004b6:	b5e0      	push	{r5, r6, r7, lr}
100004b8:	4463      	add	r3, ip
100004ba:	3324      	adds	r3, #36	@ 0x24
100004bc:	781b      	ldrb	r3, [r3, #0]
100004be:	b085      	sub	sp, #20
100004c0:	4699      	mov	r9, r3
100004c2:	9001      	str	r0, [sp, #4]
100004c4:	9102      	str	r1, [sp, #8]
100004c6:	2b00      	cmp	r3, #0
100004c8:	d100      	bne.n	100004cc <_ZN12ComputerCard13CalcCalCoeffsEi+0x24>
100004ca:	e238      	b.n	1000093e <_ZN12ComputerCard13CalcCalCoeffsEi+0x496>
100004cc:	4680      	mov	r8, r0
100004ce:	008b      	lsls	r3, r1, #2
100004d0:	9303      	str	r3, [sp, #12]
100004d2:	4463      	add	r3, ip
100004d4:	011b      	lsls	r3, r3, #4
100004d6:	4498      	add	r8, r3
100004d8:	4644      	mov	r4, r8
100004da:	2000      	movs	r0, #0
100004dc:	342c      	adds	r4, #44	@ 0x2c
100004de:	5620      	ldrsb	r0, [r4, r0]
100004e0:	f002 fdc0 	bl	10003064 <__wrap___aeabi_i2f>
100004e4:	49e9      	ldr	r1, [pc, #932]	@ (1000088c <_ZN12ComputerCard13CalcCalCoeffsEi+0x3e4>)
100004e6:	f002 fd86 	bl	10002ff6 <__wrap___aeabi_fmul>
100004ea:	4644      	mov	r4, r8
100004ec:	1c07      	adds	r7, r0, #0
100004ee:	6aa0      	ldr	r0, [r4, #40]	@ 0x28
100004f0:	f002 fdb8 	bl	10003064 <__wrap___aeabi_i2f>
100004f4:	2100      	movs	r1, #0
100004f6:	4682      	mov	sl, r0
100004f8:	1c38      	adds	r0, r7, #0
100004fa:	f002 fd65 	bl	10002fc8 <__wrap___aeabi_fadd>
100004fe:	2100      	movs	r1, #0
10000500:	1c04      	adds	r4, r0, #0
10000502:	4650      	mov	r0, sl
10000504:	f002 fd60 	bl	10002fc8 <__wrap___aeabi_fadd>
10000508:	1c39      	adds	r1, r7, #0
1000050a:	1c05      	adds	r5, r0, #0
1000050c:	1c38      	adds	r0, r7, #0
1000050e:	f002 fd72 	bl	10002ff6 <__wrap___aeabi_fmul>
10000512:	2100      	movs	r1, #0
10000514:	f002 fd58 	bl	10002fc8 <__wrap___aeabi_fadd>
10000518:	1c39      	adds	r1, r7, #0
1000051a:	1c06      	adds	r6, r0, #0
1000051c:	4650      	mov	r0, sl
1000051e:	f002 fd6a 	bl	10002ff6 <__wrap___aeabi_fmul>
10000522:	2100      	movs	r1, #0
10000524:	f002 fd50 	bl	10002fc8 <__wrap___aeabi_fadd>
10000528:	464a      	mov	r2, r9
1000052a:	1c07      	adds	r7, r0, #0
1000052c:	2a01      	cmp	r2, #1
1000052e:	d100      	bne.n	10000532 <_ZN12ComputerCard13CalcCalCoeffsEi+0x8a>
10000530:	e1a6      	b.n	10000880 <_ZN12ComputerCard13CalcCalCoeffsEi+0x3d8>
10000532:	4642      	mov	r2, r8
10000534:	2000      	movs	r0, #0
10000536:	3234      	adds	r2, #52	@ 0x34
10000538:	5610      	ldrsb	r0, [r2, r0]
1000053a:	f002 fd93 	bl	10003064 <__wrap___aeabi_i2f>
1000053e:	49d3      	ldr	r1, [pc, #844]	@ (1000088c <_ZN12ComputerCard13CalcCalCoeffsEi+0x3e4>)
10000540:	f002 fd59 	bl	10002ff6 <__wrap___aeabi_fmul>
10000544:	4642      	mov	r2, r8
10000546:	4682      	mov	sl, r0
10000548:	6b10      	ldr	r0, [r2, #48]	@ 0x30
1000054a:	f002 fd8b 	bl	10003064 <__wrap___aeabi_i2f>
1000054e:	4651      	mov	r1, sl
10000550:	4683      	mov	fp, r0
10000552:	1c20      	adds	r0, r4, #0
10000554:	f002 fd38 	bl	10002fc8 <__wrap___aeabi_fadd>
10000558:	4659      	mov	r1, fp
1000055a:	1c04      	adds	r4, r0, #0
1000055c:	1c28      	adds	r0, r5, #0
1000055e:	f002 fd33 	bl	10002fc8 <__wrap___aeabi_fadd>
10000562:	4651      	mov	r1, sl
10000564:	1c05      	adds	r5, r0, #0
10000566:	4650      	mov	r0, sl
10000568:	f002 fd45 	bl	10002ff6 <__wrap___aeabi_fmul>
1000056c:	1c01      	adds	r1, r0, #0
1000056e:	1c30      	adds	r0, r6, #0
10000570:	f002 fd2a 	bl	10002fc8 <__wrap___aeabi_fadd>
10000574:	4651      	mov	r1, sl
10000576:	1c06      	adds	r6, r0, #0
10000578:	4658      	mov	r0, fp
1000057a:	f002 fd3c 	bl	10002ff6 <__wrap___aeabi_fmul>
1000057e:	1c01      	adds	r1, r0, #0
10000580:	1c38      	adds	r0, r7, #0
10000582:	f002 fd21 	bl	10002fc8 <__wrap___aeabi_fadd>
10000586:	464a      	mov	r2, r9
10000588:	1c07      	adds	r7, r0, #0
1000058a:	2a02      	cmp	r2, #2
1000058c:	d100      	bne.n	10000590 <_ZN12ComputerCard13CalcCalCoeffsEi+0xe8>
1000058e:	e177      	b.n	10000880 <_ZN12ComputerCard13CalcCalCoeffsEi+0x3d8>
10000590:	4642      	mov	r2, r8
10000592:	2000      	movs	r0, #0
10000594:	323c      	adds	r2, #60	@ 0x3c
10000596:	5610      	ldrsb	r0, [r2, r0]
10000598:	f002 fd64 	bl	10003064 <__wrap___aeabi_i2f>
1000059c:	49bb      	ldr	r1, [pc, #748]	@ (1000088c <_ZN12ComputerCard13CalcCalCoeffsEi+0x3e4>)
1000059e:	f002 fd2a 	bl	10002ff6 <__wrap___aeabi_fmul>
100005a2:	4642      	mov	r2, r8
100005a4:	4682      	mov	sl, r0
100005a6:	6b90      	ldr	r0, [r2, #56]	@ 0x38
100005a8:	f002 fd5c 	bl	10003064 <__wrap___aeabi_i2f>
100005ac:	4651      	mov	r1, sl
100005ae:	4683      	mov	fp, r0
100005b0:	1c20      	adds	r0, r4, #0
100005b2:	f002 fd09 	bl	10002fc8 <__wrap___aeabi_fadd>
100005b6:	4659      	mov	r1, fp
100005b8:	1c04      	adds	r4, r0, #0
100005ba:	1c28      	adds	r0, r5, #0
100005bc:	f002 fd04 	bl	10002fc8 <__wrap___aeabi_fadd>
100005c0:	4651      	mov	r1, sl
100005c2:	1c05      	adds	r5, r0, #0
100005c4:	4650      	mov	r0, sl
100005c6:	f002 fd16 	bl	10002ff6 <__wrap___aeabi_fmul>
100005ca:	1c01      	adds	r1, r0, #0
100005cc:	1c30      	adds	r0, r6, #0
100005ce:	f002 fcfb 	bl	10002fc8 <__wrap___aeabi_fadd>
100005d2:	4651      	mov	r1, sl
100005d4:	1c06      	adds	r6, r0, #0
100005d6:	4658      	mov	r0, fp
100005d8:	f002 fd0d 	bl	10002ff6 <__wrap___aeabi_fmul>
100005dc:	1c01      	adds	r1, r0, #0
100005de:	1c38      	adds	r0, r7, #0
100005e0:	f002 fcf2 	bl	10002fc8 <__wrap___aeabi_fadd>
100005e4:	464a      	mov	r2, r9
100005e6:	1c07      	adds	r7, r0, #0
100005e8:	2a03      	cmp	r2, #3
100005ea:	d100      	bne.n	100005ee <_ZN12ComputerCard13CalcCalCoeffsEi+0x146>
100005ec:	e148      	b.n	10000880 <_ZN12ComputerCard13CalcCalCoeffsEi+0x3d8>
100005ee:	4642      	mov	r2, r8
100005f0:	2000      	movs	r0, #0
100005f2:	3244      	adds	r2, #68	@ 0x44
100005f4:	5610      	ldrsb	r0, [r2, r0]
100005f6:	f002 fd35 	bl	10003064 <__wrap___aeabi_i2f>
100005fa:	49a4      	ldr	r1, [pc, #656]	@ (1000088c <_ZN12ComputerCard13CalcCalCoeffsEi+0x3e4>)
100005fc:	f002 fcfb 	bl	10002ff6 <__wrap___aeabi_fmul>
10000600:	4642      	mov	r2, r8
10000602:	4682      	mov	sl, r0
10000604:	6c10      	ldr	r0, [r2, #64]	@ 0x40
10000606:	f002 fd2d 	bl	10003064 <__wrap___aeabi_i2f>
1000060a:	4651      	mov	r1, sl
1000060c:	4683      	mov	fp, r0
1000060e:	1c20      	adds	r0, r4, #0
10000610:	f002 fcda 	bl	10002fc8 <__wrap___aeabi_fadd>
10000614:	4659      	mov	r1, fp
10000616:	1c04      	adds	r4, r0, #0
10000618:	1c28      	adds	r0, r5, #0
1000061a:	f002 fcd5 	bl	10002fc8 <__wrap___aeabi_fadd>
1000061e:	4651      	mov	r1, sl
10000620:	1c05      	adds	r5, r0, #0
10000622:	4650      	mov	r0, sl
10000624:	f002 fce7 	bl	10002ff6 <__wrap___aeabi_fmul>
10000628:	1c01      	adds	r1, r0, #0
1000062a:	1c30      	adds	r0, r6, #0
1000062c:	f002 fccc 	bl	10002fc8 <__wrap___aeabi_fadd>
10000630:	4659      	mov	r1, fp
10000632:	1c06      	adds	r6, r0, #0
10000634:	4650      	mov	r0, sl
10000636:	f002 fcde 	bl	10002ff6 <__wrap___aeabi_fmul>
1000063a:	1c01      	adds	r1, r0, #0
1000063c:	1c38      	adds	r0, r7, #0
1000063e:	f002 fcc3 	bl	10002fc8 <__wrap___aeabi_fadd>
10000642:	464a      	mov	r2, r9
10000644:	1c07      	adds	r7, r0, #0
10000646:	2a04      	cmp	r2, #4
10000648:	d100      	bne.n	1000064c <_ZN12ComputerCard13CalcCalCoeffsEi+0x1a4>
1000064a:	e119      	b.n	10000880 <_ZN12ComputerCard13CalcCalCoeffsEi+0x3d8>
1000064c:	4642      	mov	r2, r8
1000064e:	2000      	movs	r0, #0
10000650:	324c      	adds	r2, #76	@ 0x4c
10000652:	5610      	ldrsb	r0, [r2, r0]
10000654:	f002 fd06 	bl	10003064 <__wrap___aeabi_i2f>
10000658:	498c      	ldr	r1, [pc, #560]	@ (1000088c <_ZN12ComputerCard13CalcCalCoeffsEi+0x3e4>)
1000065a:	f002 fccc 	bl	10002ff6 <__wrap___aeabi_fmul>
1000065e:	4642      	mov	r2, r8
10000660:	4682      	mov	sl, r0
10000662:	6c90      	ldr	r0, [r2, #72]	@ 0x48
10000664:	f002 fcfe 	bl	10003064 <__wrap___aeabi_i2f>
10000668:	4651      	mov	r1, sl
1000066a:	4683      	mov	fp, r0
1000066c:	1c20      	adds	r0, r4, #0
1000066e:	f002 fcab 	bl	10002fc8 <__wrap___aeabi_fadd>
10000672:	4659      	mov	r1, fp
10000674:	1c04      	adds	r4, r0, #0
10000676:	1c28      	adds	r0, r5, #0
10000678:	f002 fca6 	bl	10002fc8 <__wrap___aeabi_fadd>
1000067c:	4651      	mov	r1, sl
1000067e:	1c05      	adds	r5, r0, #0
10000680:	4650      	mov	r0, sl
10000682:	f002 fcb8 	bl	10002ff6 <__wrap___aeabi_fmul>
10000686:	1c01      	adds	r1, r0, #0
10000688:	1c30      	adds	r0, r6, #0
1000068a:	f002 fc9d 	bl	10002fc8 <__wrap___aeabi_fadd>
1000068e:	4659      	mov	r1, fp
10000690:	1c06      	adds	r6, r0, #0
10000692:	4650      	mov	r0, sl
10000694:	f002 fcaf 	bl	10002ff6 <__wrap___aeabi_fmul>
10000698:	1c01      	adds	r1, r0, #0
1000069a:	1c38      	adds	r0, r7, #0
1000069c:	f002 fc94 	bl	10002fc8 <__wrap___aeabi_fadd>
100006a0:	464a      	mov	r2, r9
100006a2:	1c07      	adds	r7, r0, #0
100006a4:	2a05      	cmp	r2, #5
100006a6:	d100      	bne.n	100006aa <_ZN12ComputerCard13CalcCalCoeffsEi+0x202>
100006a8:	e0ea      	b.n	10000880 <_ZN12ComputerCard13CalcCalCoeffsEi+0x3d8>
100006aa:	2354      	movs	r3, #84	@ 0x54
100006ac:	4642      	mov	r2, r8
100006ae:	56d0      	ldrsb	r0, [r2, r3]
100006b0:	f002 fcd8 	bl	10003064 <__wrap___aeabi_i2f>
100006b4:	4975      	ldr	r1, [pc, #468]	@ (1000088c <_ZN12ComputerCard13CalcCalCoeffsEi+0x3e4>)
100006b6:	f002 fc9e 	bl	10002ff6 <__wrap___aeabi_fmul>
100006ba:	4642      	mov	r2, r8
100006bc:	4682      	mov	sl, r0
100006be:	6d10      	ldr	r0, [r2, #80]	@ 0x50
100006c0:	f002 fcd0 	bl	10003064 <__wrap___aeabi_i2f>
100006c4:	4651      	mov	r1, sl
100006c6:	4683      	mov	fp, r0
100006c8:	1c20      	adds	r0, r4, #0
100006ca:	f002 fc7d 	bl	10002fc8 <__wrap___aeabi_fadd>
100006ce:	4659      	mov	r1, fp
100006d0:	1c04      	adds	r4, r0, #0
100006d2:	1c28      	adds	r0, r5, #0
100006d4:	f002 fc78 	bl	10002fc8 <__wrap___aeabi_fadd>
100006d8:	4651      	mov	r1, sl
100006da:	1c05      	adds	r5, r0, #0
100006dc:	4650      	mov	r0, sl
100006de:	f002 fc8a 	bl	10002ff6 <__wrap___aeabi_fmul>
100006e2:	1c01      	adds	r1, r0, #0
100006e4:	1c30      	adds	r0, r6, #0
100006e6:	f002 fc6f 	bl	10002fc8 <__wrap___aeabi_fadd>
100006ea:	4659      	mov	r1, fp
100006ec:	1c06      	adds	r6, r0, #0
100006ee:	4650      	mov	r0, sl
100006f0:	f002 fc81 	bl	10002ff6 <__wrap___aeabi_fmul>
100006f4:	1c01      	adds	r1, r0, #0
100006f6:	1c38      	adds	r0, r7, #0
100006f8:	f002 fc66 	bl	10002fc8 <__wrap___aeabi_fadd>
100006fc:	464a      	mov	r2, r9
100006fe:	1c07      	adds	r7, r0, #0
10000700:	2a06      	cmp	r2, #6
10000702:	d100      	bne.n	10000706 <_ZN12ComputerCard13CalcCalCoeffsEi+0x25e>
10000704:	e0bc      	b.n	10000880 <_ZN12ComputerCard13CalcCalCoeffsEi+0x3d8>
10000706:	4642      	mov	r2, r8
10000708:	2000      	movs	r0, #0
1000070a:	325c      	adds	r2, #92	@ 0x5c
1000070c:	5610      	ldrsb	r0, [r2, r0]
1000070e:	f002 fca9 	bl	10003064 <__wrap___aeabi_i2f>
10000712:	495e      	ldr	r1, [pc, #376]	@ (1000088c <_ZN12ComputerCard13CalcCalCoeffsEi+0x3e4>)
10000714:	f002 fc6f 	bl	10002ff6 <__wrap___aeabi_fmul>
10000718:	4642      	mov	r2, r8
1000071a:	4682      	mov	sl, r0
1000071c:	6d90      	ldr	r0, [r2, #88]	@ 0x58
1000071e:	f002 fca1 	bl	10003064 <__wrap___aeabi_i2f>
10000722:	4651      	mov	r1, sl
10000724:	4683      	mov	fp, r0
10000726:	1c20      	adds	r0, r4, #0
10000728:	f002 fc4e 	bl	10002fc8 <__wrap___aeabi_fadd>
1000072c:	4659      	mov	r1, fp
1000072e:	1c04      	adds	r4, r0, #0
10000730:	1c28      	adds	r0, r5, #0
10000732:	f002 fc49 	bl	10002fc8 <__wrap___aeabi_fadd>
10000736:	4651      	mov	r1, sl
10000738:	1c05      	adds	r5, r0, #0
1000073a:	4650      	mov	r0, sl
1000073c:	f002 fc5b 	bl	10002ff6 <__wrap___aeabi_fmul>
10000740:	1c01      	adds	r1, r0, #0
10000742:	1c30      	adds	r0, r6, #0
10000744:	f002 fc40 	bl	10002fc8 <__wrap___aeabi_fadd>
10000748:	4659      	mov	r1, fp
1000074a:	1c06      	adds	r6, r0, #0
1000074c:	4650      	mov	r0, sl
1000074e:	f002 fc52 	bl	10002ff6 <__wrap___aeabi_fmul>
10000752:	1c01      	adds	r1, r0, #0
10000754:	1c38      	adds	r0, r7, #0
10000756:	f002 fc37 	bl	10002fc8 <__wrap___aeabi_fadd>
1000075a:	464a      	mov	r2, r9
1000075c:	1c07      	adds	r7, r0, #0
1000075e:	2a07      	cmp	r2, #7
10000760:	d100      	bne.n	10000764 <_ZN12ComputerCard13CalcCalCoeffsEi+0x2bc>
10000762:	e08d      	b.n	10000880 <_ZN12ComputerCard13CalcCalCoeffsEi+0x3d8>
10000764:	4642      	mov	r2, r8
10000766:	2000      	movs	r0, #0
10000768:	3264      	adds	r2, #100	@ 0x64
1000076a:	5610      	ldrsb	r0, [r2, r0]
1000076c:	f002 fc7a 	bl	10003064 <__wrap___aeabi_i2f>
10000770:	4946      	ldr	r1, [pc, #280]	@ (1000088c <_ZN12ComputerCard13CalcCalCoeffsEi+0x3e4>)
10000772:	f002 fc40 	bl	10002ff6 <__wrap___aeabi_fmul>
10000776:	4642      	mov	r2, r8
10000778:	4682      	mov	sl, r0
1000077a:	6e10      	ldr	r0, [r2, #96]	@ 0x60
1000077c:	f002 fc72 	bl	10003064 <__wrap___aeabi_i2f>
10000780:	4651      	mov	r1, sl
10000782:	4683      	mov	fp, r0
10000784:	1c20      	adds	r0, r4, #0
10000786:	f002 fc1f 	bl	10002fc8 <__wrap___aeabi_fadd>
1000078a:	4659      	mov	r1, fp
1000078c:	1c04      	adds	r4, r0, #0
1000078e:	1c28      	adds	r0, r5, #0
10000790:	f002 fc1a 	bl	10002fc8 <__wrap___aeabi_fadd>
10000794:	4651      	mov	r1, sl
10000796:	1c05      	adds	r5, r0, #0
10000798:	4650      	mov	r0, sl
1000079a:	f002 fc2c 	bl	10002ff6 <__wrap___aeabi_fmul>
1000079e:	1c01      	adds	r1, r0, #0
100007a0:	1c30      	adds	r0, r6, #0
100007a2:	f002 fc11 	bl	10002fc8 <__wrap___aeabi_fadd>
100007a6:	4659      	mov	r1, fp
100007a8:	1c06      	adds	r6, r0, #0
100007aa:	4650      	mov	r0, sl
100007ac:	f002 fc23 	bl	10002ff6 <__wrap___aeabi_fmul>
100007b0:	1c01      	adds	r1, r0, #0
100007b2:	1c38      	adds	r0, r7, #0
100007b4:	f002 fc08 	bl	10002fc8 <__wrap___aeabi_fadd>
100007b8:	464a      	mov	r2, r9
100007ba:	1c07      	adds	r7, r0, #0
100007bc:	2a08      	cmp	r2, #8
100007be:	d05f      	beq.n	10000880 <_ZN12ComputerCard13CalcCalCoeffsEi+0x3d8>
100007c0:	4642      	mov	r2, r8
100007c2:	2000      	movs	r0, #0
100007c4:	326c      	adds	r2, #108	@ 0x6c
100007c6:	5610      	ldrsb	r0, [r2, r0]
100007c8:	f002 fc4c 	bl	10003064 <__wrap___aeabi_i2f>
100007cc:	492f      	ldr	r1, [pc, #188]	@ (1000088c <_ZN12ComputerCard13CalcCalCoeffsEi+0x3e4>)
100007ce:	f002 fc12 	bl	10002ff6 <__wrap___aeabi_fmul>
100007d2:	4642      	mov	r2, r8
100007d4:	4682      	mov	sl, r0
100007d6:	6e90      	ldr	r0, [r2, #104]	@ 0x68
100007d8:	f002 fc44 	bl	10003064 <__wrap___aeabi_i2f>
100007dc:	4651      	mov	r1, sl
100007de:	4680      	mov	r8, r0
100007e0:	1c20      	adds	r0, r4, #0
100007e2:	f002 fbf1 	bl	10002fc8 <__wrap___aeabi_fadd>
100007e6:	4641      	mov	r1, r8
100007e8:	1c04      	adds	r4, r0, #0
100007ea:	1c28      	adds	r0, r5, #0
100007ec:	f002 fbec 	bl	10002fc8 <__wrap___aeabi_fadd>
100007f0:	4651      	mov	r1, sl
100007f2:	1c05      	adds	r5, r0, #0
100007f4:	4650      	mov	r0, sl
100007f6:	f002 fbfe 	bl	10002ff6 <__wrap___aeabi_fmul>
100007fa:	1c01      	adds	r1, r0, #0
100007fc:	1c30      	adds	r0, r6, #0
100007fe:	f002 fbe3 	bl	10002fc8 <__wrap___aeabi_fadd>
10000802:	4641      	mov	r1, r8
10000804:	1c06      	adds	r6, r0, #0
10000806:	4650      	mov	r0, sl
10000808:	f002 fbf5 	bl	10002ff6 <__wrap___aeabi_fmul>
1000080c:	1c01      	adds	r1, r0, #0
1000080e:	1c38      	adds	r0, r7, #0
10000810:	f002 fbda 	bl	10002fc8 <__wrap___aeabi_fadd>
10000814:	464a      	mov	r2, r9
10000816:	1c07      	adds	r7, r0, #0
10000818:	2a09      	cmp	r2, #9
1000081a:	d031      	beq.n	10000880 <_ZN12ComputerCard13CalcCalCoeffsEi+0x3d8>
1000081c:	9802      	ldr	r0, [sp, #8]
1000081e:	9a01      	ldr	r2, [sp, #4]
10000820:	4684      	mov	ip, r0
10000822:	4690      	mov	r8, r2
10000824:	9b03      	ldr	r3, [sp, #12]
10000826:	2074      	movs	r0, #116	@ 0x74
10000828:	4463      	add	r3, ip
1000082a:	011b      	lsls	r3, r3, #4
1000082c:	4498      	add	r8, r3
1000082e:	4643      	mov	r3, r8
10000830:	5618      	ldrsb	r0, [r3, r0]
10000832:	f002 fc17 	bl	10003064 <__wrap___aeabi_i2f>
10000836:	4915      	ldr	r1, [pc, #84]	@ (1000088c <_ZN12ComputerCard13CalcCalCoeffsEi+0x3e4>)
10000838:	f002 fbdd 	bl	10002ff6 <__wrap___aeabi_fmul>
1000083c:	4643      	mov	r3, r8
1000083e:	4682      	mov	sl, r0
10000840:	6f18      	ldr	r0, [r3, #112]	@ 0x70
10000842:	f002 fc0f 	bl	10003064 <__wrap___aeabi_i2f>
10000846:	4651      	mov	r1, sl
10000848:	4680      	mov	r8, r0
1000084a:	1c20      	adds	r0, r4, #0
1000084c:	f002 fbbc 	bl	10002fc8 <__wrap___aeabi_fadd>
10000850:	4641      	mov	r1, r8
10000852:	1c04      	adds	r4, r0, #0
10000854:	1c28      	adds	r0, r5, #0
10000856:	f002 fbb7 	bl	10002fc8 <__wrap___aeabi_fadd>
1000085a:	4651      	mov	r1, sl
1000085c:	1c05      	adds	r5, r0, #0
1000085e:	4650      	mov	r0, sl
10000860:	f002 fbc9 	bl	10002ff6 <__wrap___aeabi_fmul>
10000864:	1c01      	adds	r1, r0, #0
10000866:	1c30      	adds	r0, r6, #0
10000868:	f002 fbae 	bl	10002fc8 <__wrap___aeabi_fadd>
1000086c:	4641      	mov	r1, r8
1000086e:	1c06      	adds	r6, r0, #0
10000870:	4650      	mov	r0, sl
10000872:	f002 fbc0 	bl	10002ff6 <__wrap___aeabi_fmul>
10000876:	1c01      	adds	r1, r0, #0
10000878:	1c38      	adds	r0, r7, #0
1000087a:	f002 fba5 	bl	10002fc8 <__wrap___aeabi_fadd>
1000087e:	1c07      	adds	r7, r0, #0
10000880:	1c21      	adds	r1, r4, #0
10000882:	1c20      	adds	r0, r4, #0
10000884:	f002 fbb7 	bl	10002ff6 <__wrap___aeabi_fmul>
10000888:	4680      	mov	r8, r0
1000088a:	e001      	b.n	10000890 <_ZN12ComputerCard13CalcCalCoeffsEi+0x3e8>
1000088c:	3dcccccd 	.word	0x3dcccccd
10000890:	4648      	mov	r0, r9
10000892:	f002 fbe7 	bl	10003064 <__wrap___aeabi_i2f>
10000896:	1c31      	adds	r1, r6, #0
10000898:	4681      	mov	r9, r0
1000089a:	f002 fbac 	bl	10002ff6 <__wrap___aeabi_fmul>
1000089e:	4641      	mov	r1, r8
100008a0:	f002 fb8f 	bl	10002fc2 <__wrap___aeabi_fsub>
100008a4:	2100      	movs	r1, #0
100008a6:	1c06      	adds	r6, r0, #0
100008a8:	f002 fbd4 	bl	10003054 <__wrap___aeabi_fcmpeq>
100008ac:	2800      	cmp	r0, #0
100008ae:	d142      	bne.n	10000936 <_ZN12ComputerCard13CalcCalCoeffsEi+0x48e>
100008b0:	1c39      	adds	r1, r7, #0
100008b2:	4648      	mov	r0, r9
100008b4:	f002 fb9f 	bl	10002ff6 <__wrap___aeabi_fmul>
100008b8:	1c29      	adds	r1, r5, #0
100008ba:	1c07      	adds	r7, r0, #0
100008bc:	1c20      	adds	r0, r4, #0
100008be:	f002 fb9a 	bl	10002ff6 <__wrap___aeabi_fmul>
100008c2:	1c01      	adds	r1, r0, #0
100008c4:	1c38      	adds	r0, r7, #0
100008c6:	f002 fb7c 	bl	10002fc2 <__wrap___aeabi_fsub>
100008ca:	1c31      	adds	r1, r6, #0
100008cc:	f002 fb7f 	bl	10002fce <__wrap___aeabi_fdiv>
100008d0:	491e      	ldr	r1, [pc, #120]	@ (1000094c <_ZN12ComputerCard13CalcCalCoeffsEi+0x4a4>)
100008d2:	1c07      	adds	r7, r0, #0
100008d4:	f002 fb8f 	bl	10002ff6 <__wrap___aeabi_fmul>
100008d8:	21fc      	movs	r1, #252	@ 0xfc
100008da:	0589      	lsls	r1, r1, #22
100008dc:	f002 fb74 	bl	10002fc8 <__wrap___aeabi_fadd>
100008e0:	f002 fbe2 	bl	100030a8 <__wrap___aeabi_f2iz>
100008e4:	4680      	mov	r8, r0
100008e6:	9b02      	ldr	r3, [sp, #8]
100008e8:	1c21      	adds	r1, r4, #0
100008ea:	011e      	lsls	r6, r3, #4
100008ec:	9b01      	ldr	r3, [sp, #4]
100008ee:	1c38      	adds	r0, r7, #0
100008f0:	469c      	mov	ip, r3
100008f2:	4466      	add	r6, ip
100008f4:	0033      	movs	r3, r6
100008f6:	33c8      	adds	r3, #200	@ 0xc8
100008f8:	601f      	str	r7, [r3, #0]
100008fa:	f002 fb7c 	bl	10002ff6 <__wrap___aeabi_fmul>
100008fe:	1c01      	adds	r1, r0, #0
10000900:	1c28      	adds	r0, r5, #0
10000902:	f002 fb5e 	bl	10002fc2 <__wrap___aeabi_fsub>
10000906:	4649      	mov	r1, r9
10000908:	f002 fb61 	bl	10002fce <__wrap___aeabi_fdiv>
1000090c:	0033      	movs	r3, r6
1000090e:	33cc      	adds	r3, #204	@ 0xcc
10000910:	4642      	mov	r2, r8
10000912:	6018      	str	r0, [r3, #0]
10000914:	21fc      	movs	r1, #252	@ 0xfc
10000916:	23d0      	movs	r3, #208	@ 0xd0
10000918:	0589      	lsls	r1, r1, #22
1000091a:	50f2      	str	r2, [r6, r3]
1000091c:	f002 fb54 	bl	10002fc8 <__wrap___aeabi_fadd>
10000920:	f002 fbc2 	bl	100030a8 <__wrap___aeabi_f2iz>
10000924:	23d4      	movs	r3, #212	@ 0xd4
10000926:	50f0      	str	r0, [r6, r3]
10000928:	b005      	add	sp, #20
1000092a:	bcf0      	pop	{r4, r5, r6, r7}
1000092c:	46bb      	mov	fp, r7
1000092e:	46b2      	mov	sl, r6
10000930:	46a9      	mov	r9, r5
10000932:	46a0      	mov	r8, r4
10000934:	bdf0      	pop	{r4, r5, r6, r7, pc}
10000936:	2300      	movs	r3, #0
10000938:	2700      	movs	r7, #0
1000093a:	4698      	mov	r8, r3
1000093c:	e7d3      	b.n	100008e6 <_ZN12ComputerCard13CalcCalCoeffsEi+0x43e>
1000093e:	2300      	movs	r3, #0
10000940:	4698      	mov	r8, r3
10000942:	1c1f      	adds	r7, r3, #0
10000944:	1c1e      	adds	r6, r3, #0
10000946:	1c1d      	adds	r5, r3, #0
10000948:	1c1c      	adds	r4, r3, #0
1000094a:	e7a1      	b.n	10000890 <_ZN12ComputerCard13CalcCalCoeffsEi+0x3e8>
1000094c:	3faaaaab 	.word	0x3faaaaab

10000950 <_ZN12ComputerCard10ReadEEPROMEv>:
10000950:	2303      	movs	r3, #3
10000952:	b5f0      	push	{r4, r5, r6, r7, lr}
10000954:	4657      	mov	r7, sl
10000956:	469a      	mov	sl, r3
10000958:	46de      	mov	lr, fp
1000095a:	464e      	mov	r6, r9
1000095c:	4645      	mov	r5, r8
1000095e:	4651      	mov	r1, sl
10000960:	b5e0      	push	{r5, r6, r7, lr}
10000962:	3321      	adds	r3, #33	@ 0x21
10000964:	b09f      	sub	sp, #124	@ 0x7c
10000966:	54c1      	strb	r1, [r0, r3]
10000968:	33c8      	adds	r3, #200	@ 0xc8
1000096a:	4699      	mov	r9, r3
1000096c:	4649      	mov	r1, r9
1000096e:	3bc0      	subs	r3, #192	@ 0xc0
10000970:	54c1      	strb	r1, [r0, r3]
10000972:	4b4c      	ldr	r3, [pc, #304]	@ (10000aa4 <_ZN12ComputerCard10ReadEEPROMEv+0x154>)
10000974:	2400      	movs	r4, #0
10000976:	6283      	str	r3, [r0, #40]	@ 0x28
10000978:	4698      	mov	r8, r3
1000097a:	2334      	movs	r3, #52	@ 0x34
1000097c:	2614      	movs	r6, #20
1000097e:	4683      	mov	fp, r0
10000980:	4f49      	ldr	r7, [pc, #292]	@ (10000aa8 <_ZN12ComputerCard10ReadEEPROMEv+0x158>)
10000982:	4d4a      	ldr	r5, [pc, #296]	@ (10000aac <_ZN12ComputerCard10ReadEEPROMEv+0x15c>)
10000984:	54c4      	strb	r4, [r0, r3]
10000986:	3308      	adds	r3, #8
10000988:	6307      	str	r7, [r0, #48]	@ 0x30
1000098a:	2100      	movs	r1, #0
1000098c:	54c6      	strb	r6, [r0, r3]
1000098e:	6385      	str	r5, [r0, #56]	@ 0x38
10000990:	9004      	str	r0, [sp, #16]
10000992:	f7ff fd89 	bl	100004a8 <_ZN12ComputerCard13CalcCalCoeffsEi>
10000996:	465a      	mov	r2, fp
10000998:	2325      	movs	r3, #37	@ 0x25
1000099a:	4651      	mov	r1, sl
1000099c:	54d1      	strb	r1, [r2, r3]
1000099e:	4649      	mov	r1, r9
100009a0:	3357      	adds	r3, #87	@ 0x57
100009a2:	54d1      	strb	r1, [r2, r3]
100009a4:	4643      	mov	r3, r8
100009a6:	6793      	str	r3, [r2, #120]	@ 0x78
100009a8:	2384      	movs	r3, #132	@ 0x84
100009aa:	54d4      	strb	r4, [r2, r3]
100009ac:	3b04      	subs	r3, #4
100009ae:	50d7      	str	r7, [r2, r3]
100009b0:	330c      	adds	r3, #12
100009b2:	54d6      	strb	r6, [r2, r3]
100009b4:	3b04      	subs	r3, #4
100009b6:	0010      	movs	r0, r2
100009b8:	50d5      	str	r5, [r2, r3]
100009ba:	39eb      	subs	r1, #235	@ 0xeb
100009bc:	f7ff fd74 	bl	100004a8 <_ZN12ComputerCard13CalcCalCoeffsEi>
100009c0:	aa02      	add	r2, sp, #8
100009c2:	ab02      	add	r3, sp, #8
100009c4:	4694      	mov	ip, r2
100009c6:	755c      	strb	r4, [r3, #21]
100009c8:	2315      	movs	r3, #21
100009ca:	4463      	add	r3, ip
100009cc:	0019      	movs	r1, r3
100009ce:	2000      	movs	r0, #0
100009d0:	f7ff fcb6 	bl	10000340 <_ZN12ComputerCard18ReadByteFromEEPROMEjRb.constprop.0>
100009d4:	aa02      	add	r2, sp, #8
100009d6:	4694      	mov	ip, r2
100009d8:	2315      	movs	r3, #21
100009da:	4463      	add	r3, ip
100009dc:	0004      	movs	r4, r0
100009de:	0019      	movs	r1, r3
100009e0:	2001      	movs	r0, #1
100009e2:	f7ff fcad 	bl	10000340 <_ZN12ComputerCard18ReadByteFromEEPROMEjRb.constprop.0>
100009e6:	4b32      	ldr	r3, [pc, #200]	@ (10000ab0 <_ZN12ComputerCard10ReadEEPROMEv+0x160>)
100009e8:	0224      	lsls	r4, r4, #8
100009ea:	4304      	orrs	r4, r0
100009ec:	429c      	cmp	r4, r3
100009ee:	d000      	beq.n	100009f2 <_ZN12ComputerCard10ReadEEPROMEv+0xa2>
100009f0:	e18d      	b.n	10000d0e <_ZN12ComputerCard10ReadEEPROMEv+0x3be>
100009f2:	a902      	add	r1, sp, #8
100009f4:	468c      	mov	ip, r1
100009f6:	2216      	movs	r2, #22
100009f8:	4462      	add	r2, ip
100009fa:	4693      	mov	fp, r2
100009fc:	2217      	movs	r2, #23
100009fe:	4462      	add	r2, ip
10000a00:	4690      	mov	r8, r2
10000a02:	4a2c      	ldr	r2, [pc, #176]	@ (10000ab4 <_ZN12ComputerCard10ReadEEPROMEv+0x164>)
10000a04:	ab08      	add	r3, sp, #32
10000a06:	4692      	mov	sl, r2
10000a08:	22ff      	movs	r2, #255	@ 0xff
10000a0a:	001d      	movs	r5, r3
10000a0c:	2400      	movs	r4, #0
10000a0e:	4691      	mov	r9, r2
10000a10:	2700      	movs	r7, #0
10000a12:	4e29      	ldr	r6, [pc, #164]	@ (10000ab8 <_ZN12ComputerCard10ReadEEPROMEv+0x168>)
10000a14:	9305      	str	r3, [sp, #20]
10000a16:	e01b      	b.n	10000a50 <_ZN12ComputerCard10ReadEEPROMEv+0x100>
10000a18:	f001 f8fc 	bl	10001c14 <time_us_64>
10000a1c:	1980      	adds	r0, r0, r6
10000a1e:	4179      	adcs	r1, r7
10000a20:	2900      	cmp	r1, #0
10000a22:	da02      	bge.n	10000a2a <_ZN12ComputerCard10ReadEEPROMEv+0xda>
10000a24:	2001      	movs	r0, #1
10000a26:	4925      	ldr	r1, [pc, #148]	@ (10000abc <_ZN12ComputerCard10ReadEEPROMEv+0x16c>)
10000a28:	4240      	negs	r0, r0
10000a2a:	2300      	movs	r3, #0
10000a2c:	9002      	str	r0, [sp, #8]
10000a2e:	9103      	str	r1, [sp, #12]
10000a30:	9300      	str	r3, [sp, #0]
10000a32:	465a      	mov	r2, fp
10000a34:	2150      	movs	r1, #80	@ 0x50
10000a36:	4650      	mov	r0, sl
10000a38:	3301      	adds	r3, #1
10000a3a:	f002 ffa3 	bl	10003984 <i2c_read_blocking_until>
10000a3e:	2800      	cmp	r0, #0
10000a40:	dd20      	ble.n	10000a84 <_ZN12ComputerCard10ReadEEPROMEv+0x134>
10000a42:	465b      	mov	r3, fp
10000a44:	781b      	ldrb	r3, [r3, #0]
10000a46:	3401      	adds	r4, #1
10000a48:	702b      	strb	r3, [r5, #0]
10000a4a:	3501      	adds	r5, #1
10000a4c:	2c58      	cmp	r4, #88	@ 0x58
10000a4e:	d022      	beq.n	10000a96 <_ZN12ComputerCard10ReadEEPROMEv+0x146>
10000a50:	465b      	mov	r3, fp
10000a52:	464a      	mov	r2, r9
10000a54:	701a      	strb	r2, [r3, #0]
10000a56:	4643      	mov	r3, r8
10000a58:	701c      	strb	r4, [r3, #0]
10000a5a:	f001 f8db 	bl	10001c14 <time_us_64>
10000a5e:	1980      	adds	r0, r0, r6
10000a60:	4179      	adcs	r1, r7
10000a62:	2900      	cmp	r1, #0
10000a64:	da02      	bge.n	10000a6c <_ZN12ComputerCard10ReadEEPROMEv+0x11c>
10000a66:	2001      	movs	r0, #1
10000a68:	4914      	ldr	r1, [pc, #80]	@ (10000abc <_ZN12ComputerCard10ReadEEPROMEv+0x16c>)
10000a6a:	4240      	negs	r0, r0
10000a6c:	2300      	movs	r3, #0
10000a6e:	9002      	str	r0, [sp, #8]
10000a70:	9103      	str	r1, [sp, #12]
10000a72:	9300      	str	r3, [sp, #0]
10000a74:	4642      	mov	r2, r8
10000a76:	2150      	movs	r1, #80	@ 0x50
10000a78:	4650      	mov	r0, sl
10000a7a:	3301      	adds	r3, #1
10000a7c:	f002 ff5e 	bl	1000393c <i2c_write_blocking_until>
10000a80:	2800      	cmp	r0, #0
10000a82:	dcc9      	bgt.n	10000a18 <_ZN12ComputerCard10ReadEEPROMEv+0xc8>
10000a84:	2301      	movs	r3, #1
10000a86:	aa02      	add	r2, sp, #8
10000a88:	7553      	strb	r3, [r2, #21]
10000a8a:	2300      	movs	r3, #0
10000a8c:	3401      	adds	r4, #1
10000a8e:	702b      	strb	r3, [r5, #0]
10000a90:	3501      	adds	r5, #1
10000a92:	2c58      	cmp	r4, #88	@ 0x58
10000a94:	d1dc      	bne.n	10000a50 <_ZN12ComputerCard10ReadEEPROMEv+0x100>
10000a96:	ac08      	add	r4, sp, #32
10000a98:	9b05      	ldr	r3, [sp, #20]
10000a9a:	4909      	ldr	r1, [pc, #36]	@ (10000ac0 <_ZN12ComputerCard10ReadEEPROMEv+0x170>)
10000a9c:	4809      	ldr	r0, [pc, #36]	@ (10000ac4 <_ZN12ComputerCard10ReadEEPROMEv+0x174>)
10000a9e:	3456      	adds	r4, #86	@ 0x56
10000aa0:	e03a      	b.n	10000b18 <_ZN12ComputerCard10ReadEEPROMEv+0x1c8>
10000aa2:	46c0      	nop			@ (mov r8, r8)
10000aa4:	00054e34 	.word	0x00054e34
10000aa8:	0003fc50 	.word	0x0003fc50
10000aac:	0002a940 	.word	0x0002a940
10000ab0:	000007d1 	.word	0x000007d1
10000ab4:	20001b30 	.word	0x20001b30
10000ab8:	00002710 	.word	0x00002710
10000abc:	7fffffff 	.word	0x7fffffff
10000ac0:	0000ffff 	.word	0x0000ffff
10000ac4:	00001021 	.word	0x00001021
10000ac8:	0049      	lsls	r1, r1, #1
10000aca:	b28a      	uxth	r2, r1
10000acc:	b209      	sxth	r1, r1
10000ace:	2900      	cmp	r1, #0
10000ad0:	db2e      	blt.n	10000b30 <_ZN12ComputerCard10ReadEEPROMEv+0x1e0>
10000ad2:	0052      	lsls	r2, r2, #1
10000ad4:	b291      	uxth	r1, r2
10000ad6:	b212      	sxth	r2, r2
10000ad8:	2a00      	cmp	r2, #0
10000ada:	db2f      	blt.n	10000b3c <_ZN12ComputerCard10ReadEEPROMEv+0x1ec>
10000adc:	0049      	lsls	r1, r1, #1
10000ade:	b28a      	uxth	r2, r1
10000ae0:	b209      	sxth	r1, r1
10000ae2:	2900      	cmp	r1, #0
10000ae4:	db30      	blt.n	10000b48 <_ZN12ComputerCard10ReadEEPROMEv+0x1f8>
10000ae6:	0052      	lsls	r2, r2, #1
10000ae8:	b291      	uxth	r1, r2
10000aea:	b212      	sxth	r2, r2
10000aec:	2a00      	cmp	r2, #0
10000aee:	db31      	blt.n	10000b54 <_ZN12ComputerCard10ReadEEPROMEv+0x204>
10000af0:	0049      	lsls	r1, r1, #1
10000af2:	b28a      	uxth	r2, r1
10000af4:	b209      	sxth	r1, r1
10000af6:	2900      	cmp	r1, #0
10000af8:	db32      	blt.n	10000b60 <_ZN12ComputerCard10ReadEEPROMEv+0x210>
10000afa:	0052      	lsls	r2, r2, #1
10000afc:	b295      	uxth	r5, r2
10000afe:	b212      	sxth	r2, r2
10000b00:	2a00      	cmp	r2, #0
10000b02:	db33      	blt.n	10000b6c <_ZN12ComputerCard10ReadEEPROMEv+0x21c>
10000b04:	006d      	lsls	r5, r5, #1
10000b06:	b2a9      	uxth	r1, r5
10000b08:	b22d      	sxth	r5, r5
10000b0a:	2d00      	cmp	r5, #0
10000b0c:	db34      	blt.n	10000b78 <_ZN12ComputerCard10ReadEEPROMEv+0x228>
10000b0e:	0049      	lsls	r1, r1, #1
10000b10:	3301      	adds	r3, #1
10000b12:	b289      	uxth	r1, r1
10000b14:	429c      	cmp	r4, r3
10000b16:	d035      	beq.n	10000b84 <_ZN12ComputerCard10ReadEEPROMEv+0x234>
10000b18:	781a      	ldrb	r2, [r3, #0]
10000b1a:	0212      	lsls	r2, r2, #8
10000b1c:	4051      	eors	r1, r2
10000b1e:	b20a      	sxth	r2, r1
10000b20:	2a00      	cmp	r2, #0
10000b22:	dad1      	bge.n	10000ac8 <_ZN12ComputerCard10ReadEEPROMEv+0x178>
10000b24:	0052      	lsls	r2, r2, #1
10000b26:	4042      	eors	r2, r0
10000b28:	b211      	sxth	r1, r2
10000b2a:	b292      	uxth	r2, r2
10000b2c:	2900      	cmp	r1, #0
10000b2e:	dad0      	bge.n	10000ad2 <_ZN12ComputerCard10ReadEEPROMEv+0x182>
10000b30:	0049      	lsls	r1, r1, #1
10000b32:	4041      	eors	r1, r0
10000b34:	b20a      	sxth	r2, r1
10000b36:	b289      	uxth	r1, r1
10000b38:	2a00      	cmp	r2, #0
10000b3a:	dacf      	bge.n	10000adc <_ZN12ComputerCard10ReadEEPROMEv+0x18c>
10000b3c:	0052      	lsls	r2, r2, #1
10000b3e:	4042      	eors	r2, r0
10000b40:	b211      	sxth	r1, r2
10000b42:	b292      	uxth	r2, r2
10000b44:	2900      	cmp	r1, #0
10000b46:	dace      	bge.n	10000ae6 <_ZN12ComputerCard10ReadEEPROMEv+0x196>
10000b48:	0049      	lsls	r1, r1, #1
10000b4a:	4041      	eors	r1, r0
10000b4c:	b20a      	sxth	r2, r1
10000b4e:	b289      	uxth	r1, r1
10000b50:	2a00      	cmp	r2, #0
10000b52:	dacd      	bge.n	10000af0 <_ZN12ComputerCard10ReadEEPROMEv+0x1a0>
10000b54:	0052      	lsls	r2, r2, #1
10000b56:	4042      	eors	r2, r0
10000b58:	b211      	sxth	r1, r2
10000b5a:	b292      	uxth	r2, r2
10000b5c:	2900      	cmp	r1, #0
10000b5e:	dacc      	bge.n	10000afa <_ZN12ComputerCard10ReadEEPROMEv+0x1aa>
10000b60:	004d      	lsls	r5, r1, #1
10000b62:	4045      	eors	r5, r0
10000b64:	b22a      	sxth	r2, r5
10000b66:	b2ad      	uxth	r5, r5
10000b68:	2a00      	cmp	r2, #0
10000b6a:	dacb      	bge.n	10000b04 <_ZN12ComputerCard10ReadEEPROMEv+0x1b4>
10000b6c:	0051      	lsls	r1, r2, #1
10000b6e:	4041      	eors	r1, r0
10000b70:	b20d      	sxth	r5, r1
10000b72:	b289      	uxth	r1, r1
10000b74:	2d00      	cmp	r5, #0
10000b76:	daca      	bge.n	10000b0e <_ZN12ComputerCard10ReadEEPROMEv+0x1be>
10000b78:	006d      	lsls	r5, r5, #1
10000b7a:	4045      	eors	r5, r0
10000b7c:	3301      	adds	r3, #1
10000b7e:	b2a9      	uxth	r1, r5
10000b80:	429c      	cmp	r4, r3
10000b82:	d1c9      	bne.n	10000b18 <_ZN12ComputerCard10ReadEEPROMEv+0x1c8>
10000b84:	2018      	movs	r0, #24
10000b86:	2356      	movs	r3, #86	@ 0x56
10000b88:	aa02      	add	r2, sp, #8
10000b8a:	1812      	adds	r2, r2, r0
10000b8c:	5ad3      	ldrh	r3, [r2, r3]
10000b8e:	ba5b      	rev16	r3, r3
10000b90:	b29b      	uxth	r3, r3
10000b92:	428b      	cmp	r3, r1
10000b94:	d000      	beq.n	10000b98 <_ZN12ComputerCard10ReadEEPROMEv+0x248>
10000b96:	e0ba      	b.n	10000d0e <_ZN12ComputerCard10ReadEEPROMEv+0x3be>
10000b98:	2224      	movs	r2, #36	@ 0x24
10000b9a:	4694      	mov	ip, r2
10000b9c:	9b04      	ldr	r3, [sp, #16]
10000b9e:	2700      	movs	r7, #0
10000ba0:	001d      	movs	r5, r3
10000ba2:	4463      	add	r3, ip
10000ba4:	4698      	mov	r8, r3
10000ba6:	2324      	movs	r3, #36	@ 0x24
10000ba8:	4699      	mov	r9, r3
10000baa:	ac09      	add	r4, sp, #36	@ 0x24
10000bac:	3528      	adds	r5, #40	@ 0x28
10000bae:	ae11      	add	r6, sp, #68	@ 0x44
10000bb0:	4642      	mov	r2, r8
10000bb2:	7823      	ldrb	r3, [r4, #0]
10000bb4:	55d3      	strb	r3, [r2, r7]
10000bb6:	2b00      	cmp	r3, #0
10000bb8:	d100      	bne.n	10000bbc <_ZN12ComputerCard10ReadEEPROMEv+0x26c>
10000bba:	e09a      	b.n	10000cf2 <_ZN12ComputerCard10ReadEEPROMEv+0x3a2>
10000bbc:	78a2      	ldrb	r2, [r4, #2]
10000bbe:	78e1      	ldrb	r1, [r4, #3]
10000bc0:	0612      	lsls	r2, r2, #24
10000bc2:	0409      	lsls	r1, r1, #16
10000bc4:	430a      	orrs	r2, r1
10000bc6:	7961      	ldrb	r1, [r4, #5]
10000bc8:	430a      	orrs	r2, r1
10000bca:	7921      	ldrb	r1, [r4, #4]
10000bcc:	0209      	lsls	r1, r1, #8
10000bce:	430a      	orrs	r2, r1
10000bd0:	7861      	ldrb	r1, [r4, #1]
10000bd2:	602a      	str	r2, [r5, #0]
10000bd4:	7129      	strb	r1, [r5, #4]
10000bd6:	2b01      	cmp	r3, #1
10000bd8:	d100      	bne.n	10000bdc <_ZN12ComputerCard10ReadEEPROMEv+0x28c>
10000bda:	e08a      	b.n	10000cf2 <_ZN12ComputerCard10ReadEEPROMEv+0x3a2>
10000bdc:	79e2      	ldrb	r2, [r4, #7]
10000bde:	7a21      	ldrb	r1, [r4, #8]
10000be0:	0612      	lsls	r2, r2, #24
10000be2:	0409      	lsls	r1, r1, #16
10000be4:	430a      	orrs	r2, r1
10000be6:	7aa1      	ldrb	r1, [r4, #10]
10000be8:	430a      	orrs	r2, r1
10000bea:	7a61      	ldrb	r1, [r4, #9]
10000bec:	0209      	lsls	r1, r1, #8
10000bee:	430a      	orrs	r2, r1
10000bf0:	79a1      	ldrb	r1, [r4, #6]
10000bf2:	60aa      	str	r2, [r5, #8]
10000bf4:	7329      	strb	r1, [r5, #12]
10000bf6:	2b02      	cmp	r3, #2
10000bf8:	d07b      	beq.n	10000cf2 <_ZN12ComputerCard10ReadEEPROMEv+0x3a2>
10000bfa:	7b22      	ldrb	r2, [r4, #12]
10000bfc:	7b61      	ldrb	r1, [r4, #13]
10000bfe:	0612      	lsls	r2, r2, #24
10000c00:	0409      	lsls	r1, r1, #16
10000c02:	430a      	orrs	r2, r1
10000c04:	7be1      	ldrb	r1, [r4, #15]
10000c06:	430a      	orrs	r2, r1
10000c08:	7ba1      	ldrb	r1, [r4, #14]
10000c0a:	0209      	lsls	r1, r1, #8
10000c0c:	430a      	orrs	r2, r1
10000c0e:	7ae1      	ldrb	r1, [r4, #11]
10000c10:	612a      	str	r2, [r5, #16]
10000c12:	7529      	strb	r1, [r5, #20]
10000c14:	2b03      	cmp	r3, #3
10000c16:	d06c      	beq.n	10000cf2 <_ZN12ComputerCard10ReadEEPROMEv+0x3a2>
10000c18:	7c62      	ldrb	r2, [r4, #17]
10000c1a:	7ca1      	ldrb	r1, [r4, #18]
10000c1c:	0612      	lsls	r2, r2, #24
10000c1e:	0409      	lsls	r1, r1, #16
10000c20:	430a      	orrs	r2, r1
10000c22:	7d21      	ldrb	r1, [r4, #20]
10000c24:	430a      	orrs	r2, r1
10000c26:	7ce1      	ldrb	r1, [r4, #19]
10000c28:	0209      	lsls	r1, r1, #8
10000c2a:	430a      	orrs	r2, r1
10000c2c:	7c21      	ldrb	r1, [r4, #16]
10000c2e:	61aa      	str	r2, [r5, #24]
10000c30:	7729      	strb	r1, [r5, #28]
10000c32:	2b04      	cmp	r3, #4
10000c34:	d05d      	beq.n	10000cf2 <_ZN12ComputerCard10ReadEEPROMEv+0x3a2>
10000c36:	4648      	mov	r0, r9
10000c38:	7da2      	ldrb	r2, [r4, #22]
10000c3a:	7de1      	ldrb	r1, [r4, #23]
10000c3c:	0612      	lsls	r2, r2, #24
10000c3e:	0409      	lsls	r1, r1, #16
10000c40:	430a      	orrs	r2, r1
10000c42:	7e61      	ldrb	r1, [r4, #25]
10000c44:	430a      	orrs	r2, r1
10000c46:	7e21      	ldrb	r1, [r4, #24]
10000c48:	0209      	lsls	r1, r1, #8
10000c4a:	430a      	orrs	r2, r1
10000c4c:	7d61      	ldrb	r1, [r4, #21]
10000c4e:	5429      	strb	r1, [r5, r0]
10000c50:	622a      	str	r2, [r5, #32]
10000c52:	2b05      	cmp	r3, #5
10000c54:	d04d      	beq.n	10000cf2 <_ZN12ComputerCard10ReadEEPROMEv+0x3a2>
10000c56:	7ee2      	ldrb	r2, [r4, #27]
10000c58:	7f21      	ldrb	r1, [r4, #28]
10000c5a:	0612      	lsls	r2, r2, #24
10000c5c:	0409      	lsls	r1, r1, #16
10000c5e:	430a      	orrs	r2, r1
10000c60:	7fa1      	ldrb	r1, [r4, #30]
10000c62:	7ea0      	ldrb	r0, [r4, #26]
10000c64:	430a      	orrs	r2, r1
10000c66:	7f61      	ldrb	r1, [r4, #29]
10000c68:	0209      	lsls	r1, r1, #8
10000c6a:	430a      	orrs	r2, r1
10000c6c:	212c      	movs	r1, #44	@ 0x2c
10000c6e:	5468      	strb	r0, [r5, r1]
10000c70:	62aa      	str	r2, [r5, #40]	@ 0x28
10000c72:	2b06      	cmp	r3, #6
10000c74:	d03d      	beq.n	10000cf2 <_ZN12ComputerCard10ReadEEPROMEv+0x3a2>
10000c76:	7832      	ldrb	r2, [r6, #0]
10000c78:	7871      	ldrb	r1, [r6, #1]
10000c7a:	0612      	lsls	r2, r2, #24
10000c7c:	0409      	lsls	r1, r1, #16
10000c7e:	430a      	orrs	r2, r1
10000c80:	78f1      	ldrb	r1, [r6, #3]
10000c82:	7fe0      	ldrb	r0, [r4, #31]
10000c84:	430a      	orrs	r2, r1
10000c86:	78b1      	ldrb	r1, [r6, #2]
10000c88:	0209      	lsls	r1, r1, #8
10000c8a:	430a      	orrs	r2, r1
10000c8c:	2134      	movs	r1, #52	@ 0x34
10000c8e:	5468      	strb	r0, [r5, r1]
10000c90:	632a      	str	r2, [r5, #48]	@ 0x30
10000c92:	2b07      	cmp	r3, #7
10000c94:	d02d      	beq.n	10000cf2 <_ZN12ComputerCard10ReadEEPROMEv+0x3a2>
10000c96:	7972      	ldrb	r2, [r6, #5]
10000c98:	79b1      	ldrb	r1, [r6, #6]
10000c9a:	0612      	lsls	r2, r2, #24
10000c9c:	0409      	lsls	r1, r1, #16
10000c9e:	430a      	orrs	r2, r1
10000ca0:	7a31      	ldrb	r1, [r6, #8]
10000ca2:	7930      	ldrb	r0, [r6, #4]
10000ca4:	430a      	orrs	r2, r1
10000ca6:	79f1      	ldrb	r1, [r6, #7]
10000ca8:	0209      	lsls	r1, r1, #8
10000caa:	430a      	orrs	r2, r1
10000cac:	213c      	movs	r1, #60	@ 0x3c
10000cae:	5468      	strb	r0, [r5, r1]
10000cb0:	63aa      	str	r2, [r5, #56]	@ 0x38
10000cb2:	2b08      	cmp	r3, #8
10000cb4:	d01d      	beq.n	10000cf2 <_ZN12ComputerCard10ReadEEPROMEv+0x3a2>
10000cb6:	7ab2      	ldrb	r2, [r6, #10]
10000cb8:	7af1      	ldrb	r1, [r6, #11]
10000cba:	0612      	lsls	r2, r2, #24
10000cbc:	0409      	lsls	r1, r1, #16
10000cbe:	430a      	orrs	r2, r1
10000cc0:	7b71      	ldrb	r1, [r6, #13]
10000cc2:	7a70      	ldrb	r0, [r6, #9]
10000cc4:	430a      	orrs	r2, r1
10000cc6:	7b31      	ldrb	r1, [r6, #12]
10000cc8:	0209      	lsls	r1, r1, #8
10000cca:	430a      	orrs	r2, r1
10000ccc:	2144      	movs	r1, #68	@ 0x44
10000cce:	5468      	strb	r0, [r5, r1]
10000cd0:	642a      	str	r2, [r5, #64]	@ 0x40
10000cd2:	2b09      	cmp	r3, #9
10000cd4:	d00d      	beq.n	10000cf2 <_ZN12ComputerCard10ReadEEPROMEv+0x3a2>
10000cd6:	7bf3      	ldrb	r3, [r6, #15]
10000cd8:	7c32      	ldrb	r2, [r6, #16]
10000cda:	061b      	lsls	r3, r3, #24
10000cdc:	0412      	lsls	r2, r2, #16
10000cde:	4313      	orrs	r3, r2
10000ce0:	7cb2      	ldrb	r2, [r6, #18]
10000ce2:	7bb1      	ldrb	r1, [r6, #14]
10000ce4:	4313      	orrs	r3, r2
10000ce6:	7c72      	ldrb	r2, [r6, #17]
10000ce8:	0212      	lsls	r2, r2, #8
10000cea:	4313      	orrs	r3, r2
10000cec:	224c      	movs	r2, #76	@ 0x4c
10000cee:	54a9      	strb	r1, [r5, r2]
10000cf0:	64ab      	str	r3, [r5, #72]	@ 0x48
10000cf2:	0039      	movs	r1, r7
10000cf4:	9804      	ldr	r0, [sp, #16]
10000cf6:	f7ff fbd7 	bl	100004a8 <_ZN12ComputerCard13CalcCalCoeffsEi>
10000cfa:	1c7b      	adds	r3, r7, #1
10000cfc:	3429      	adds	r4, #41	@ 0x29
10000cfe:	2701      	movs	r7, #1
10000d00:	3550      	adds	r5, #80	@ 0x50
10000d02:	3629      	adds	r6, #41	@ 0x29
10000d04:	2b02      	cmp	r3, #2
10000d06:	d000      	beq.n	10000d0a <_ZN12ComputerCard10ReadEEPROMEv+0x3ba>
10000d08:	e752      	b.n	10000bb0 <_ZN12ComputerCard10ReadEEPROMEv+0x260>
10000d0a:	2000      	movs	r0, #0
10000d0c:	e000      	b.n	10000d10 <_ZN12ComputerCard10ReadEEPROMEv+0x3c0>
10000d0e:	2001      	movs	r0, #1
10000d10:	b01f      	add	sp, #124	@ 0x7c
10000d12:	bcf0      	pop	{r4, r5, r6, r7}
10000d14:	46bb      	mov	fp, r7
10000d16:	46b2      	mov	sl, r6
10000d18:	46a9      	mov	r9, r5
10000d1a:	46a0      	mov	r8, r4
10000d1c:	bdf0      	pop	{r4, r5, r6, r7, pc}
10000d1e:	46c0      	nop			@ (mov r8, r8)

10000d20 <_ZN12ComputerCardC1Ev>:
10000d20:	b5f0      	push	{r4, r5, r6, r7, lr}
10000d22:	46d6      	mov	lr, sl
10000d24:	464f      	mov	r7, r9
10000d26:	4646      	mov	r6, r8
10000d28:	2500      	movs	r5, #0
10000d2a:	b5c0      	push	{r6, r7, lr}
10000d2c:	0007      	movs	r7, r0
10000d2e:	4bf0      	ldr	r3, [pc, #960]	@ (100010f0 <_ZN12ComputerCardC1Ev+0x3d0>)
10000d30:	2210      	movs	r2, #16
10000d32:	6003      	str	r3, [r0, #0]
10000d34:	2100      	movs	r1, #0
10000d36:	6105      	str	r5, [r0, #16]
10000d38:	60c5      	str	r5, [r0, #12]
10000d3a:	6085      	str	r5, [r0, #8]
10000d3c:	6045      	str	r5, [r0, #4]
10000d3e:	6205      	str	r5, [r0, #32]
10000d40:	61c5      	str	r5, [r0, #28]
10000d42:	6185      	str	r5, [r0, #24]
10000d44:	6145      	str	r5, [r0, #20]
10000d46:	30f8      	adds	r0, #248	@ 0xf8
10000d48:	f002 fa42 	bl	100031d0 <__wrap_memset>
10000d4c:	2384      	movs	r3, #132	@ 0x84
10000d4e:	0038      	movs	r0, r7
10000d50:	005b      	lsls	r3, r3, #1
10000d52:	52fd      	strh	r5, [r7, r3]
10000d54:	300d      	adds	r0, #13
10000d56:	3302      	adds	r3, #2
10000d58:	2208      	movs	r2, #8
10000d5a:	2100      	movs	r1, #0
10000d5c:	52fd      	strh	r5, [r7, r3]
10000d5e:	30ff      	adds	r0, #255	@ 0xff
10000d60:	f002 fa36 	bl	100031d0 <__wrap_memset>
10000d64:	2380      	movs	r3, #128	@ 0x80
10000d66:	228a      	movs	r2, #138	@ 0x8a
10000d68:	011b      	lsls	r3, r3, #4
10000d6a:	0052      	lsls	r2, r2, #1
10000d6c:	52bb      	strh	r3, [r7, r2]
10000d6e:	3202      	adds	r2, #2
10000d70:	52bb      	strh	r3, [r7, r2]
10000d72:	0038      	movs	r0, r7
10000d74:	238c      	movs	r3, #140	@ 0x8c
10000d76:	2400      	movs	r4, #0
10000d78:	005b      	lsls	r3, r3, #1
10000d7a:	301d      	adds	r0, #29
10000d7c:	54fc      	strb	r4, [r7, r3]
10000d7e:	2100      	movs	r1, #0
10000d80:	3afe      	subs	r2, #254	@ 0xfe
10000d82:	30ff      	adds	r0, #255	@ 0xff
10000d84:	f002 fa24 	bl	100031d0 <__wrap_memset>
10000d88:	0038      	movs	r0, r7
10000d8a:	3035      	adds	r0, #53	@ 0x35
10000d8c:	2206      	movs	r2, #6
10000d8e:	2100      	movs	r1, #0
10000d90:	30ff      	adds	r0, #255	@ 0xff
10000d92:	f002 fa1d 	bl	100031d0 <__wrap_memset>
10000d96:	23b5      	movs	r3, #181	@ 0xb5
10000d98:	005b      	lsls	r3, r3, #1
10000d9a:	54fc      	strb	r4, [r7, r3]
10000d9c:	233e      	movs	r3, #62	@ 0x3e
10000d9e:	2208      	movs	r2, #8
10000da0:	33ff      	adds	r3, #255	@ 0xff
10000da2:	54fc      	strb	r4, [r7, r3]
10000da4:	4bd3      	ldr	r3, [pc, #844]	@ (100010f4 <_ZN12ComputerCardC1Ev+0x3d4>)
10000da6:	2601      	movs	r6, #1
10000da8:	601a      	str	r2, [r3, #0]
10000daa:	22e0      	movs	r2, #224	@ 0xe0
10000dac:	4bd2      	ldr	r3, [pc, #840]	@ (100010f8 <_ZN12ComputerCardC1Ev+0x3d8>)
10000dae:	01d2      	lsls	r2, r2, #7
10000db0:	681b      	ldr	r3, [r3, #0]
10000db2:	4013      	ands	r3, r2
10000db4:	4ad1      	ldr	r2, [pc, #836]	@ (100010fc <_ZN12ComputerCardC1Ev+0x3dc>)
10000db6:	6013      	str	r3, [r2, #0]
10000db8:	239d      	movs	r3, #157	@ 0x9d
10000dba:	005b      	lsls	r3, r3, #1
10000dbc:	54fc      	strb	r4, [r7, r3]
10000dbe:	3b06      	subs	r3, #6
10000dc0:	54fc      	strb	r4, [r7, r3]
10000dc2:	2336      	movs	r3, #54	@ 0x36
10000dc4:	33ff      	adds	r3, #255	@ 0xff
10000dc6:	54fc      	strb	r4, [r7, r3]
10000dc8:	3301      	adds	r3, #1
10000dca:	54fc      	strb	r4, [r7, r3]
10000dcc:	2338      	movs	r3, #56	@ 0x38
10000dce:	33ff      	adds	r3, #255	@ 0xff
10000dd0:	54fc      	strb	r4, [r7, r3]
10000dd2:	3301      	adds	r3, #1
10000dd4:	54fc      	strb	r4, [r7, r3]
10000dd6:	233a      	movs	r3, #58	@ 0x3a
10000dd8:	33ff      	adds	r3, #255	@ 0xff
10000dda:	54fc      	strb	r4, [r7, r3]
10000ddc:	4cc8      	ldr	r4, [pc, #800]	@ (10001100 <_ZN12ComputerCardC1Ev+0x3e0>)
10000dde:	1da3      	adds	r3, r4, #6
10000de0:	4699      	mov	r9, r3
10000de2:	4bc8      	ldr	r3, [pc, #800]	@ (10001104 <_ZN12ComputerCardC1Ev+0x3e4>)
10000de4:	4698      	mov	r8, r3
10000de6:	7823      	ldrb	r3, [r4, #0]
10000de8:	2104      	movs	r1, #4
10000dea:	469a      	mov	sl, r3
10000dec:	0018      	movs	r0, r3
10000dee:	f001 f901 	bl	10001ff4 <gpio_set_function>
10000df2:	4653      	mov	r3, sl
10000df4:	2104      	movs	r1, #4
10000df6:	1c58      	adds	r0, r3, #1
10000df8:	f001 f8fc 	bl	10001ff4 <gpio_set_function>
10000dfc:	4653      	mov	r3, sl
10000dfe:	4652      	mov	r2, sl
10000e00:	085b      	lsrs	r3, r3, #1
10000e02:	2a1f      	cmp	r2, #31
10000e04:	d900      	bls.n	10000e08 <_ZN12ComputerCardC1Ev+0xe8>
10000e06:	e1ad      	b.n	10001164 <_ZN12ComputerCardC1Ev+0x444>
10000e08:	2207      	movs	r2, #7
10000e0a:	401a      	ands	r2, r3
10000e0c:	0093      	lsls	r3, r2, #2
10000e0e:	189b      	adds	r3, r3, r2
10000e10:	49bd      	ldr	r1, [pc, #756]	@ (10001108 <_ZN12ComputerCardC1Ev+0x3e8>)
10000e12:	4abe      	ldr	r2, [pc, #760]	@ (1000110c <_ZN12ComputerCardC1Ev+0x3ec>)
10000e14:	009b      	lsls	r3, r3, #2
10000e16:	189a      	adds	r2, r3, r2
10000e18:	1859      	adds	r1, r3, r1
10000e1a:	6015      	str	r5, [r2, #0]
10000e1c:	600d      	str	r5, [r1, #0]
10000e1e:	49bc      	ldr	r1, [pc, #752]	@ (10001110 <_ZN12ComputerCardC1Ev+0x3f0>)
10000e20:	1859      	adds	r1, r3, r1
10000e22:	600d      	str	r5, [r1, #0]
10000e24:	49bb      	ldr	r1, [pc, #748]	@ (10001114 <_ZN12ComputerCardC1Ev+0x3f4>)
10000e26:	468c      	mov	ip, r1
10000e28:	4641      	mov	r1, r8
10000e2a:	4463      	add	r3, ip
10000e2c:	6019      	str	r1, [r3, #0]
10000e2e:	2310      	movs	r3, #16
10000e30:	6053      	str	r3, [r2, #4]
10000e32:	6016      	str	r6, [r2, #0]
10000e34:	7823      	ldrb	r3, [r4, #0]
10000e36:	3301      	adds	r3, #1
10000e38:	0859      	lsrs	r1, r3, #1
10000e3a:	2b1f      	cmp	r3, #31
10000e3c:	dd00      	ble.n	10000e40 <_ZN12ComputerCardC1Ev+0x120>
10000e3e:	e18d      	b.n	1000115c <_ZN12ComputerCardC1Ev+0x43c>
10000e40:	2207      	movs	r2, #7
10000e42:	400a      	ands	r2, r1
10000e44:	0093      	lsls	r3, r2, #2
10000e46:	189b      	adds	r3, r3, r2
10000e48:	49af      	ldr	r1, [pc, #700]	@ (10001108 <_ZN12ComputerCardC1Ev+0x3e8>)
10000e4a:	4ab0      	ldr	r2, [pc, #704]	@ (1000110c <_ZN12ComputerCardC1Ev+0x3ec>)
10000e4c:	009b      	lsls	r3, r3, #2
10000e4e:	189a      	adds	r2, r3, r2
10000e50:	1859      	adds	r1, r3, r1
10000e52:	6015      	str	r5, [r2, #0]
10000e54:	600d      	str	r5, [r1, #0]
10000e56:	49ae      	ldr	r1, [pc, #696]	@ (10001110 <_ZN12ComputerCardC1Ev+0x3f0>)
10000e58:	1859      	adds	r1, r3, r1
10000e5a:	600d      	str	r5, [r1, #0]
10000e5c:	49ad      	ldr	r1, [pc, #692]	@ (10001114 <_ZN12ComputerCardC1Ev+0x3f4>)
10000e5e:	468c      	mov	ip, r1
10000e60:	4641      	mov	r1, r8
10000e62:	4463      	add	r3, ip
10000e64:	6019      	str	r1, [r3, #0]
10000e66:	2310      	movs	r3, #16
10000e68:	6053      	str	r3, [r2, #4]
10000e6a:	6016      	str	r6, [r2, #0]
10000e6c:	7823      	ldrb	r3, [r4, #0]
10000e6e:	085a      	lsrs	r2, r3, #1
10000e70:	2b1f      	cmp	r3, #31
10000e72:	d900      	bls.n	10000e76 <_ZN12ComputerCardC1Ev+0x156>
10000e74:	e16e      	b.n	10001154 <_ZN12ComputerCardC1Ev+0x434>
10000e76:	2107      	movs	r1, #7
10000e78:	4011      	ands	r1, r2
10000e7a:	008a      	lsls	r2, r1, #2
10000e7c:	1852      	adds	r2, r2, r1
10000e7e:	49a4      	ldr	r1, [pc, #656]	@ (10001110 <_ZN12ComputerCardC1Ev+0x3f0>)
10000e80:	0092      	lsls	r2, r2, #2
10000e82:	1851      	adds	r1, r2, r1
10000e84:	6809      	ldr	r1, [r1, #0]
10000e86:	4640      	mov	r0, r8
10000e88:	468c      	mov	ip, r1
10000e8a:	0031      	movs	r1, r6
10000e8c:	4019      	ands	r1, r3
10000e8e:	4249      	negs	r1, r1
10000e90:	4041      	eors	r1, r0
10000e92:	4660      	mov	r0, ip
10000e94:	4001      	ands	r1, r0
10000e96:	48a0      	ldr	r0, [pc, #640]	@ (10001118 <_ZN12ComputerCardC1Ev+0x3f8>)
10000e98:	3301      	adds	r3, #1
10000e9a:	4684      	mov	ip, r0
10000e9c:	4462      	add	r2, ip
10000e9e:	6011      	str	r1, [r2, #0]
10000ea0:	085a      	lsrs	r2, r3, #1
10000ea2:	2b1f      	cmp	r3, #31
10000ea4:	dd00      	ble.n	10000ea8 <_ZN12ComputerCardC1Ev+0x188>
10000ea6:	e11f      	b.n	100010e8 <_ZN12ComputerCardC1Ev+0x3c8>
10000ea8:	2107      	movs	r1, #7
10000eaa:	4011      	ands	r1, r2
10000eac:	4640      	mov	r0, r8
10000eae:	008a      	lsls	r2, r1, #2
10000eb0:	1852      	adds	r2, r2, r1
10000eb2:	4997      	ldr	r1, [pc, #604]	@ (10001110 <_ZN12ComputerCardC1Ev+0x3f0>)
10000eb4:	0092      	lsls	r2, r2, #2
10000eb6:	1851      	adds	r1, r2, r1
10000eb8:	4033      	ands	r3, r6
10000eba:	6809      	ldr	r1, [r1, #0]
10000ebc:	425b      	negs	r3, r3
10000ebe:	4043      	eors	r3, r0
10000ec0:	400b      	ands	r3, r1
10000ec2:	4995      	ldr	r1, [pc, #596]	@ (10001118 <_ZN12ComputerCardC1Ev+0x3f8>)
10000ec4:	3402      	adds	r4, #2
10000ec6:	468c      	mov	ip, r1
10000ec8:	4462      	add	r2, ip
10000eca:	6013      	str	r3, [r2, #0]
10000ecc:	45a1      	cmp	r9, r4
10000ece:	d18a      	bne.n	10000de6 <_ZN12ComputerCardC1Ev+0xc6>
10000ed0:	f002 fd7c 	bl	100039cc <adc_init>
10000ed4:	211f      	movs	r1, #31
10000ed6:	201b      	movs	r0, #27
10000ed8:	f001 f88c 	bl	10001ff4 <gpio_set_function>
10000edc:	2200      	movs	r2, #0
10000ede:	2100      	movs	r1, #0
10000ee0:	201b      	movs	r0, #27
10000ee2:	f001 f8a1 	bl	10002028 <gpio_set_pulls>
10000ee6:	2100      	movs	r1, #0
10000ee8:	201b      	movs	r0, #27
10000eea:	f001 f8b1 	bl	10002050 <gpio_set_input_enabled>
10000eee:	211f      	movs	r1, #31
10000ef0:	201a      	movs	r0, #26
10000ef2:	f001 f87f 	bl	10001ff4 <gpio_set_function>
10000ef6:	2200      	movs	r2, #0
10000ef8:	2100      	movs	r1, #0
10000efa:	201a      	movs	r0, #26
10000efc:	f001 f894 	bl	10002028 <gpio_set_pulls>
10000f00:	2100      	movs	r1, #0
10000f02:	201a      	movs	r0, #26
10000f04:	f001 f8a4 	bl	10002050 <gpio_set_input_enabled>
10000f08:	211f      	movs	r1, #31
10000f0a:	201c      	movs	r0, #28
10000f0c:	f001 f872 	bl	10001ff4 <gpio_set_function>
10000f10:	2200      	movs	r2, #0
10000f12:	2100      	movs	r1, #0
10000f14:	201c      	movs	r0, #28
10000f16:	f001 f887 	bl	10002028 <gpio_set_pulls>
10000f1a:	2100      	movs	r1, #0
10000f1c:	201c      	movs	r0, #28
10000f1e:	f001 f897 	bl	10002050 <gpio_set_input_enabled>
10000f22:	211f      	movs	r1, #31
10000f24:	201d      	movs	r0, #29
10000f26:	f001 f865 	bl	10001ff4 <gpio_set_function>
10000f2a:	2200      	movs	r2, #0
10000f2c:	2100      	movs	r1, #0
10000f2e:	201d      	movs	r0, #29
10000f30:	f001 f87a 	bl	10002028 <gpio_set_pulls>
10000f34:	2100      	movs	r1, #0
10000f36:	201d      	movs	r0, #29
10000f38:	f001 f88a 	bl	10002050 <gpio_set_input_enabled>
10000f3c:	2018      	movs	r0, #24
10000f3e:	f001 f89b 	bl	10002078 <gpio_init>
10000f42:	2019      	movs	r0, #25
10000f44:	f001 f898 	bl	10002078 <gpio_init>
10000f48:	24d0      	movs	r4, #208	@ 0xd0
10000f4a:	2380      	movs	r3, #128	@ 0x80
10000f4c:	0624      	lsls	r4, r4, #24
10000f4e:	045b      	lsls	r3, r3, #17
10000f50:	6263      	str	r3, [r4, #36]	@ 0x24
10000f52:	2380      	movs	r3, #128	@ 0x80
10000f54:	049b      	lsls	r3, r3, #18
10000f56:	6263      	str	r3, [r4, #36]	@ 0x24
10000f58:	2008      	movs	r0, #8
10000f5a:	f001 f88d 	bl	10002078 <gpio_init>
10000f5e:	2380      	movs	r3, #128	@ 0x80
10000f60:	005b      	lsls	r3, r3, #1
10000f62:	6263      	str	r3, [r4, #36]	@ 0x24
10000f64:	2009      	movs	r0, #9
10000f66:	6163      	str	r3, [r4, #20]
10000f68:	f001 f886 	bl	10002078 <gpio_init>
10000f6c:	2380      	movs	r3, #128	@ 0x80
10000f6e:	009b      	lsls	r3, r3, #2
10000f70:	6263      	str	r3, [r4, #36]	@ 0x24
10000f72:	2002      	movs	r0, #2
10000f74:	6163      	str	r3, [r4, #20]
10000f76:	f001 f87f 	bl	10002078 <gpio_init>
10000f7a:	2304      	movs	r3, #4
10000f7c:	2200      	movs	r2, #0
10000f7e:	62a3      	str	r3, [r4, #40]	@ 0x28
10000f80:	2101      	movs	r1, #1
10000f82:	2002      	movs	r0, #2
10000f84:	f001 f850 	bl	10002028 <gpio_set_pulls>
10000f88:	2003      	movs	r0, #3
10000f8a:	f001 f875 	bl	10002078 <gpio_init>
10000f8e:	2308      	movs	r3, #8
10000f90:	4d62      	ldr	r5, [pc, #392]	@ (1000111c <_ZN12ComputerCardC1Ev+0x3fc>)
10000f92:	62a3      	str	r3, [r4, #40]	@ 0x28
10000f94:	2200      	movs	r2, #0
10000f96:	2101      	movs	r1, #1
10000f98:	2003      	movs	r0, #3
10000f9a:	f001 f845 	bl	10002028 <gpio_set_pulls>
10000f9e:	0028      	movs	r0, r5
10000fa0:	495f      	ldr	r1, [pc, #380]	@ (10001120 <_ZN12ComputerCardC1Ev+0x400>)
10000fa2:	f002 fd2f 	bl	10003a04 <spi_init>
10000fa6:	2202      	movs	r2, #2
10000fa8:	4690      	mov	r8, r2
10000faa:	4641      	mov	r1, r8
10000fac:	686b      	ldr	r3, [r5, #4]
10000fae:	2012      	movs	r0, #18
10000fb0:	4013      	ands	r3, r2
10000fb2:	4a5c      	ldr	r2, [pc, #368]	@ (10001124 <_ZN12ComputerCardC1Ev+0x404>)
10000fb4:	6011      	str	r1, [r2, #0]
10000fb6:	220f      	movs	r2, #15
10000fb8:	6829      	ldr	r1, [r5, #0]
10000fba:	2510      	movs	r5, #16
10000fbc:	4051      	eors	r1, r2
10000fbe:	32c0      	adds	r2, #192	@ 0xc0
10000fc0:	400a      	ands	r2, r1
10000fc2:	4959      	ldr	r1, [pc, #356]	@ (10001128 <_ZN12ComputerCardC1Ev+0x408>)
10000fc4:	600a      	str	r2, [r1, #0]
10000fc6:	4a59      	ldr	r2, [pc, #356]	@ (1000112c <_ZN12ComputerCardC1Ev+0x40c>)
10000fc8:	2101      	movs	r1, #1
10000fca:	6013      	str	r3, [r2, #0]
10000fcc:	f001 f812 	bl	10001ff4 <gpio_set_function>
10000fd0:	2101      	movs	r1, #1
10000fd2:	2013      	movs	r0, #19
10000fd4:	f001 f80e 	bl	10001ff4 <gpio_set_function>
10000fd8:	2101      	movs	r1, #1
10000fda:	2015      	movs	r0, #21
10000fdc:	f001 f80a 	bl	10001ff4 <gpio_set_function>
10000fe0:	2104      	movs	r1, #4
10000fe2:	2017      	movs	r0, #23
10000fe4:	f001 f806 	bl	10001ff4 <gpio_set_function>
10000fe8:	2104      	movs	r1, #4
10000fea:	2016      	movs	r0, #22
10000fec:	f001 f802 	bl	10001ff4 <gpio_set_function>
10000ff0:	2200      	movs	r2, #0
10000ff2:	4b46      	ldr	r3, [pc, #280]	@ (1000110c <_ZN12ComputerCardC1Ev+0x3ec>)
10000ff4:	494e      	ldr	r1, [pc, #312]	@ (10001130 <_ZN12ComputerCardC1Ev+0x410>)
10000ff6:	63da      	str	r2, [r3, #60]	@ 0x3c
10000ff8:	645a      	str	r2, [r3, #68]	@ 0x44
10000ffa:	649a      	str	r2, [r3, #72]	@ 0x48
10000ffc:	64d9      	str	r1, [r3, #76]	@ 0x4c
10000ffe:	641d      	str	r5, [r3, #64]	@ 0x40
10001000:	63de      	str	r6, [r3, #60]	@ 0x3c
10001002:	63da      	str	r2, [r3, #60]	@ 0x3c
10001004:	645a      	str	r2, [r3, #68]	@ 0x44
10001006:	649a      	str	r2, [r3, #72]	@ 0x48
10001008:	64d9      	str	r1, [r3, #76]	@ 0x4c
1000100a:	641d      	str	r5, [r3, #64]	@ 0x40
1000100c:	63de      	str	r6, [r3, #60]	@ 0x3c
1000100e:	23fa      	movs	r3, #250	@ 0xfa
10001010:	4948      	ldr	r1, [pc, #288]	@ (10001134 <_ZN12ComputerCardC1Ev+0x414>)
10001012:	049b      	lsls	r3, r3, #18
10001014:	680a      	ldr	r2, [r1, #0]
10001016:	2007      	movs	r0, #7
10001018:	4053      	eors	r3, r2
1000101a:	0c1b      	lsrs	r3, r3, #16
1000101c:	4a46      	ldr	r2, [pc, #280]	@ (10001138 <_ZN12ComputerCardC1Ev+0x418>)
1000101e:	041b      	lsls	r3, r3, #16
10001020:	6013      	str	r3, [r2, #0]
10001022:	23fa      	movs	r3, #250	@ 0xfa
10001024:	6809      	ldr	r1, [r1, #0]
10001026:	009b      	lsls	r3, r3, #2
10001028:	404b      	eors	r3, r1
1000102a:	041b      	lsls	r3, r3, #16
1000102c:	0c1b      	lsrs	r3, r3, #16
1000102e:	6013      	str	r3, [r2, #0]
10001030:	f001 f822 	bl	10002078 <gpio_init>
10001034:	2006      	movs	r0, #6
10001036:	f001 f81f 	bl	10002078 <gpio_init>
1000103a:	2005      	movs	r0, #5
1000103c:	f001 f81c 	bl	10002078 <gpio_init>
10001040:	2380      	movs	r3, #128	@ 0x80
10001042:	62a3      	str	r3, [r4, #40]	@ 0x28
10001044:	3b40      	subs	r3, #64	@ 0x40
10001046:	62a3      	str	r3, [r4, #40]	@ 0x28
10001048:	3b20      	subs	r3, #32
1000104a:	62a3      	str	r3, [r4, #40]	@ 0x28
1000104c:	2014      	movs	r0, #20
1000104e:	f001 f813 	bl	10002078 <gpio_init>
10001052:	2200      	movs	r2, #0
10001054:	2100      	movs	r1, #0
10001056:	2014      	movs	r0, #20
10001058:	f000 ffe6 	bl	10002028 <gpio_set_pulls>
1000105c:	2004      	movs	r0, #4
1000105e:	f001 f80b 	bl	10002078 <gpio_init>
10001062:	6265      	str	r5, [r4, #36]	@ 0x24
10001064:	4935      	ldr	r1, [pc, #212]	@ (1000113c <_ZN12ComputerCardC1Ev+0x41c>)
10001066:	61a5      	str	r5, [r4, #24]
10001068:	4835      	ldr	r0, [pc, #212]	@ (10001140 <_ZN12ComputerCardC1Ev+0x420>)
1000106a:	f002 fc3f 	bl	100038ec <i2c_init>
1000106e:	2103      	movs	r1, #3
10001070:	2010      	movs	r0, #16
10001072:	f000 ffbf 	bl	10001ff4 <gpio_set_function>
10001076:	2103      	movs	r1, #3
10001078:	2011      	movs	r0, #17
1000107a:	f000 ffbb 	bl	10001ff4 <gpio_set_function>
1000107e:	2000      	movs	r0, #0
10001080:	f000 fffa 	bl	10002078 <gpio_init>
10001084:	6266      	str	r6, [r4, #36]	@ 0x24
10001086:	2001      	movs	r0, #1
10001088:	f000 fff6 	bl	10002078 <gpio_init>
1000108c:	4643      	mov	r3, r8
1000108e:	0038      	movs	r0, r7
10001090:	6263      	str	r3, [r4, #36]	@ 0x24
10001092:	f7ff f9a9 	bl	100003e8 <_ZN12ComputerCard20ProbeHardwareVersionEv>
10001096:	23f0      	movs	r3, #240	@ 0xf0
10001098:	54f8      	strb	r0, [r7, r3]
1000109a:	0038      	movs	r0, r7
1000109c:	f7ff fc58 	bl	10000950 <_ZN12ComputerCard10ReadEEPROMEv>
100010a0:	239f      	movs	r3, #159	@ 0x9f
100010a2:	4046      	eors	r6, r0
100010a4:	2001      	movs	r0, #1
100010a6:	005b      	lsls	r3, r3, #1
100010a8:	4030      	ands	r0, r6
100010aa:	54f8      	strb	r0, [r7, r3]
100010ac:	3b56      	subs	r3, #86	@ 0x56
100010ae:	4698      	mov	r8, r3
100010b0:	44b8      	add	r8, r7
100010b2:	4640      	mov	r0, r8
100010b4:	f000 f908 	bl	100012c8 <flash_get_unique_id>
100010b8:	2614      	movs	r6, #20
100010ba:	4643      	mov	r3, r8
100010bc:	4c21      	ldr	r4, [pc, #132]	@ (10001144 <_ZN12ComputerCardC1Ev+0x424>)
100010be:	4d22      	ldr	r5, [pc, #136]	@ (10001148 <_ZN12ComputerCardC1Ev+0x428>)
100010c0:	6818      	ldr	r0, [r3, #0]
100010c2:	6859      	ldr	r1, [r3, #4]
100010c4:	4a21      	ldr	r2, [pc, #132]	@ (1000114c <_ZN12ComputerCardC1Ev+0x42c>)
100010c6:	4b22      	ldr	r3, [pc, #136]	@ (10001150 <_ZN12ComputerCardC1Ev+0x430>)
100010c8:	f001 ff5e 	bl	10002f88 <__wrap___aeabi_lmul>
100010cc:	3e01      	subs	r6, #1
100010ce:	1900      	adds	r0, r0, r4
100010d0:	4169      	adcs	r1, r5
100010d2:	2e00      	cmp	r6, #0
100010d4:	d1f6      	bne.n	100010c4 <_ZN12ComputerCardC1Ev+0x3a4>
100010d6:	4643      	mov	r3, r8
100010d8:	6018      	str	r0, [r3, #0]
100010da:	6059      	str	r1, [r3, #4]
100010dc:	0038      	movs	r0, r7
100010de:	bce0      	pop	{r5, r6, r7}
100010e0:	46ba      	mov	sl, r7
100010e2:	46b1      	mov	r9, r6
100010e4:	46a8      	mov	r8, r5
100010e6:	bdf0      	pop	{r4, r5, r6, r7, pc}
100010e8:	2103      	movs	r1, #3
100010ea:	4011      	ands	r1, r2
100010ec:	3108      	adds	r1, #8
100010ee:	e6dd      	b.n	10000eac <_ZN12ComputerCardC1Ev+0x18c>
100010f0:	10003d34 	.word	0x10003d34
100010f4:	4004f000 	.word	0x4004f000
100010f8:	4004c000 	.word	0x4004c000
100010fc:	4004d000 	.word	0x4004d000
10001100:	100048c8 	.word	0x100048c8
10001104:	0000ffff 	.word	0x0000ffff
10001108:	40050008 	.word	0x40050008
1000110c:	40050000 	.word	0x40050000
10001110:	4005000c 	.word	0x4005000c
10001114:	40050010 	.word	0x40050010
10001118:	4005100c 	.word	0x4005100c
1000111c:	4003c000 	.word	0x4003c000
10001120:	00ee6b28 	.word	0x00ee6b28
10001124:	4003f004 	.word	0x4003f004
10001128:	4003d000 	.word	0x4003d000
1000112c:	4003e004 	.word	0x4003e004
10001130:	000007cf 	.word	0x000007cf
10001134:	40050048 	.word	0x40050048
10001138:	40051048 	.word	0x40051048
1000113c:	000186a0 	.word	0x000186a0
10001140:	20001b30 	.word	0x20001b30
10001144:	f767814f 	.word	0xf767814f
10001148:	14057b7e 	.word	0x14057b7e
1000114c:	4c957f2d 	.word	0x4c957f2d
10001150:	5851f42d 	.word	0x5851f42d
10001154:	2103      	movs	r1, #3
10001156:	4011      	ands	r1, r2
10001158:	3108      	adds	r1, #8
1000115a:	e68e      	b.n	10000e7a <_ZN12ComputerCardC1Ev+0x15a>
1000115c:	2203      	movs	r2, #3
1000115e:	400a      	ands	r2, r1
10001160:	3208      	adds	r2, #8
10001162:	e66f      	b.n	10000e44 <_ZN12ComputerCardC1Ev+0x124>
10001164:	2203      	movs	r2, #3
10001166:	401a      	ands	r2, r3
10001168:	3208      	adds	r2, #8
1000116a:	e64f      	b.n	10000e0c <_ZN12ComputerCardC1Ev+0xec>

1000116c <main>:
1000116c:	b500      	push	{lr}
1000116e:	b085      	sub	sp, #20
10001170:	480c      	ldr	r0, [pc, #48]	@ (100011a4 <main+0x38>)
10001172:	ab03      	add	r3, sp, #12
10001174:	aa02      	add	r2, sp, #8
10001176:	a901      	add	r1, sp, #4
10001178:	f001 f96e 	bl	10002458 <check_sys_clock_khz>
1000117c:	2800      	cmp	r0, #0
1000117e:	d103      	bne.n	10001188 <main+0x1c>
10001180:	4809      	ldr	r0, [pc, #36]	@ (100011a8 <main+0x3c>)
10001182:	4908      	ldr	r1, [pc, #32]	@ (100011a4 <main+0x38>)
10001184:	f000 f8be 	bl	10001304 <panic>
10001188:	9a03      	ldr	r2, [sp, #12]
1000118a:	9902      	ldr	r1, [sp, #8]
1000118c:	9801      	ldr	r0, [sp, #4]
1000118e:	f001 f887 	bl	100022a0 <set_sys_clock_pll>
10001192:	4b06      	ldr	r3, [pc, #24]	@ (100011ac <main+0x40>)
10001194:	4806      	ldr	r0, [pc, #24]	@ (100011b0 <main+0x44>)
10001196:	6018      	str	r0, [r3, #0]
10001198:	f002 fd2a 	bl	10003bf0 <___ZN12ComputerCard11AudioWorkerEv_veneer>
1000119c:	2000      	movs	r0, #0
1000119e:	b005      	add	sp, #20
100011a0:	bd00      	pop	{pc}
100011a2:	46c0      	nop			@ (mov r8, r8)
100011a4:	00023280 	.word	0x00023280
100011a8:	10003c58 	.word	0x10003c58
100011ac:	20002130 	.word	0x20002130
100011b0:	20001b40 	.word	0x20001b40

100011b4 <_GLOBAL__sub_I__ZN12ComputerCard7cvValueE>:
100011b4:	b5f8      	push	{r3, r4, r5, r6, r7, lr}
100011b6:	4c39      	ldr	r4, [pc, #228]	@ (1000129c <_GLOBAL__sub_I__ZN12ComputerCard7cvValueE+0xe8>)
100011b8:	2680      	movs	r6, #128	@ 0x80
100011ba:	0020      	movs	r0, r4
100011bc:	f7ff fdb0 	bl	10000d20 <_ZN12ComputerCardC1Ev>
100011c0:	0020      	movs	r0, r4
100011c2:	4b37      	ldr	r3, [pc, #220]	@ (100012a0 <_GLOBAL__sub_I__ZN12ComputerCard7cvValueE+0xec>)
100011c4:	306d      	adds	r0, #109	@ 0x6d
100011c6:	2218      	movs	r2, #24
100011c8:	2100      	movs	r1, #0
100011ca:	30ff      	adds	r0, #255	@ 0xff
100011cc:	6023      	str	r3, [r4, #0]
100011ce:	f001 ffff 	bl	100031d0 <__wrap_memset>
100011d2:	23ce      	movs	r3, #206	@ 0xce
100011d4:	2500      	movs	r5, #0
100011d6:	2701      	movs	r7, #1
100011d8:	0276      	lsls	r6, r6, #9
100011da:	005b      	lsls	r3, r3, #1
100011dc:	50e6      	str	r6, [r4, r3]
100011de:	3304      	adds	r3, #4
100011e0:	50e6      	str	r6, [r4, r3]
100011e2:	3304      	adds	r3, #4
100011e4:	50e5      	str	r5, [r4, r3]
100011e6:	3304      	adds	r3, #4
100011e8:	50e5      	str	r5, [r4, r3]
100011ea:	3304      	adds	r3, #4
100011ec:	50e5      	str	r5, [r4, r3]
100011ee:	427f      	negs	r7, r7
100011f0:	3304      	adds	r3, #4
100011f2:	50e7      	str	r7, [r4, r3]
100011f4:	22da      	movs	r2, #218	@ 0xda
100011f6:	2380      	movs	r3, #128	@ 0x80
100011f8:	0052      	lsls	r2, r2, #1
100011fa:	011b      	lsls	r3, r3, #4
100011fc:	50a3      	str	r3, [r4, r2]
100011fe:	3204      	adds	r2, #4
10001200:	50a3      	str	r3, [r4, r2]
10001202:	3204      	adds	r2, #4
10001204:	50a5      	str	r5, [r4, r2]
10001206:	3204      	adds	r2, #4
10001208:	50a5      	str	r5, [r4, r2]
1000120a:	3204      	adds	r2, #4
1000120c:	50a3      	str	r3, [r4, r2]
1000120e:	23e4      	movs	r3, #228	@ 0xe4
10001210:	2280      	movs	r2, #128	@ 0x80
10001212:	005b      	lsls	r3, r3, #1
10001214:	0612      	lsls	r2, r2, #24
10001216:	0020      	movs	r0, r4
10001218:	50e2      	str	r2, [r4, r3]
1000121a:	2201      	movs	r2, #1
1000121c:	3304      	adds	r3, #4
1000121e:	50e5      	str	r5, [r4, r3]
10001220:	3304      	adds	r3, #4
10001222:	50e5      	str	r5, [r4, r3]
10001224:	30dd      	adds	r0, #221	@ 0xdd
10001226:	3304      	adds	r3, #4
10001228:	54e2      	strb	r2, [r4, r3]
1000122a:	2100      	movs	r1, #0
1000122c:	3304      	adds	r3, #4
1000122e:	325f      	adds	r2, #95	@ 0x5f
10001230:	30ff      	adds	r0, #255	@ 0xff
10001232:	50e5      	str	r5, [r4, r3]
10001234:	f001 ffcc 	bl	100031d0 <__wrap_memset>
10001238:	238f      	movs	r3, #143	@ 0x8f
1000123a:	009b      	lsls	r3, r3, #2
1000123c:	50e5      	str	r5, [r4, r3]
1000123e:	3304      	adds	r3, #4
10001240:	50e5      	str	r5, [r4, r3]
10001242:	3304      	adds	r3, #4
10001244:	50e5      	str	r5, [r4, r3]
10001246:	3304      	adds	r3, #4
10001248:	54e5      	strb	r5, [r4, r3]
1000124a:	3304      	adds	r3, #4
1000124c:	50e6      	str	r6, [r4, r3]
1000124e:	18e1      	adds	r1, r4, r3
10001250:	2200      	movs	r2, #0
10001252:	2300      	movs	r3, #0
10001254:	604a      	str	r2, [r1, #4]
10001256:	608b      	str	r3, [r1, #8]
10001258:	2396      	movs	r3, #150	@ 0x96
1000125a:	009b      	lsls	r3, r3, #2
1000125c:	50e5      	str	r5, [r4, r3]
1000125e:	3304      	adds	r3, #4
10001260:	50e6      	str	r6, [r4, r3]
10001262:	3304      	adds	r3, #4
10001264:	50e5      	str	r5, [r4, r3]
10001266:	3304      	adds	r3, #4
10001268:	50e5      	str	r5, [r4, r3]
1000126a:	3304      	adds	r3, #4
1000126c:	50e7      	str	r7, [r4, r3]
1000126e:	3304      	adds	r3, #4
10001270:	54e5      	strb	r5, [r4, r3]
10001272:	3285      	adds	r2, #133	@ 0x85
10001274:	4b0b      	ldr	r3, [pc, #44]	@ (100012a4 <_GLOBAL__sub_I__ZN12ComputerCard7cvValueE+0xf0>)
10001276:	32ff      	adds	r2, #255	@ 0xff
10001278:	50a3      	str	r3, [r4, r2]
1000127a:	3204      	adds	r2, #4
1000127c:	50a3      	str	r3, [r4, r2]
1000127e:	23c6      	movs	r3, #198	@ 0xc6
10001280:	4a09      	ldr	r2, [pc, #36]	@ (100012a8 <_GLOBAL__sub_I__ZN12ComputerCard7cvValueE+0xf4>)
10001282:	005b      	lsls	r3, r3, #1
10001284:	50e2      	str	r2, [r4, r3]
10001286:	4a09      	ldr	r2, [pc, #36]	@ (100012ac <_GLOBAL__sub_I__ZN12ComputerCard7cvValueE+0xf8>)
10001288:	3304      	adds	r3, #4
1000128a:	50e2      	str	r2, [r4, r3]
1000128c:	4a08      	ldr	r2, [pc, #32]	@ (100012b0 <_GLOBAL__sub_I__ZN12ComputerCard7cvValueE+0xfc>)
1000128e:	3304      	adds	r3, #4
10001290:	50e2      	str	r2, [r4, r3]
10001292:	4a08      	ldr	r2, [pc, #32]	@ (100012b4 <_GLOBAL__sub_I__ZN12ComputerCard7cvValueE+0x100>)
10001294:	3304      	adds	r3, #4
10001296:	50e2      	str	r2, [r4, r3]
10001298:	bdf8      	pop	{r3, r4, r5, r6, r7, pc}
1000129a:	46c0      	nop			@ (mov r8, r8)
1000129c:	20001b40 	.word	0x20001b40
100012a0:	10003d40 	.word	0x10003d40
100012a4:	016534c3 	.word	0x016534c3
100012a8:	02173455 	.word	0x02173455
100012ac:	02ca6986 	.word	0x02ca6986
100012b0:	042e68ab 	.word	0x042e68ab
100012b4:	0594d30d 	.word	0x0594d30d

100012b8 <_retrieve_unique_id_on_boot>:
100012b8:	b510      	push	{r4, lr}
100012ba:	4802      	ldr	r0, [pc, #8]	@ (100012c4 <_retrieve_unique_id_on_boot+0xc>)
100012bc:	f000 f804 	bl	100012c8 <flash_get_unique_id>
100012c0:	bd10      	pop	{r4, pc}
100012c2:	46c0      	nop			@ (mov r8, r8)
100012c4:	200022c0 	.word	0x200022c0

100012c8 <flash_get_unique_id>:
100012c8:	b510      	push	{r4, lr}
100012ca:	b088      	sub	sp, #32
100012cc:	0004      	movs	r4, r0
100012ce:	220d      	movs	r2, #13
100012d0:	2100      	movs	r1, #0
100012d2:	4668      	mov	r0, sp
100012d4:	f001 ff7c 	bl	100031d0 <__wrap_memset>
100012d8:	220d      	movs	r2, #13
100012da:	2100      	movs	r1, #0
100012dc:	a804      	add	r0, sp, #16
100012de:	f001 ff77 	bl	100031d0 <__wrap_memset>
100012e2:	234b      	movs	r3, #75	@ 0x4b
100012e4:	466a      	mov	r2, sp
100012e6:	4668      	mov	r0, sp
100012e8:	7013      	strb	r3, [r2, #0]
100012ea:	a904      	add	r1, sp, #16
100012ec:	220d      	movs	r2, #13
100012ee:	f002 fc57 	bl	10003ba0 <__flash_do_cmd_veneer>
100012f2:	2115      	movs	r1, #21
100012f4:	2208      	movs	r2, #8
100012f6:	0020      	movs	r0, r4
100012f8:	4469      	add	r1, sp
100012fa:	f001 ff6f 	bl	100031dc <__wrap___aeabi_memcpy>
100012fe:	b008      	add	sp, #32
10001300:	bd10      	pop	{r4, pc}
10001302:	46c0      	nop			@ (mov r8, r8)

10001304 <panic>:
10001304:	b40f      	push	{r0, r1, r2, r3}
10001306:	b500      	push	{lr}
10001308:	4808      	ldr	r0, [pc, #32]	@ (1000132c <panic+0x28>)
1000130a:	b083      	sub	sp, #12
1000130c:	f002 f8d0 	bl	100034b0 <__wrap_puts>
10001310:	9b04      	ldr	r3, [sp, #16]
10001312:	2b00      	cmp	r3, #0
10001314:	d007      	beq.n	10001326 <panic+0x22>
10001316:	a905      	add	r1, sp, #20
10001318:	0018      	movs	r0, r3
1000131a:	9101      	str	r1, [sp, #4]
1000131c:	f001 ff6c 	bl	100031f8 <weak_raw_vprintf>
10001320:	4803      	ldr	r0, [pc, #12]	@ (10001330 <panic+0x2c>)
10001322:	f002 f8c5 	bl	100034b0 <__wrap_puts>
10001326:	2001      	movs	r0, #1
10001328:	f001 ff7e 	bl	10003228 <_exit>
1000132c:	10003c8c 	.word	0x10003c8c
10001330:	10003c9c 	.word	0x10003c9c

10001334 <hw_claim_or_assert>:
10001334:	b570      	push	{r4, r5, r6, lr}
10001336:	f3ef 8c10 	mrs	ip, PRIMASK
1000133a:	b672      	cpsid	i
1000133c:	4d0d      	ldr	r5, [pc, #52]	@ (10001374 <hw_claim_or_assert+0x40>)
1000133e:	682b      	ldr	r3, [r5, #0]
10001340:	2b00      	cmp	r3, #0
10001342:	d0fc      	beq.n	1000133e <hw_claim_or_assert+0xa>
10001344:	f3bf 8f5f 	dmb	sy
10001348:	2407      	movs	r4, #7
1000134a:	08cb      	lsrs	r3, r1, #3
1000134c:	18c6      	adds	r6, r0, r3
1000134e:	5cc0      	ldrb	r0, [r0, r3]
10001350:	2301      	movs	r3, #1
10001352:	400c      	ands	r4, r1
10001354:	40a3      	lsls	r3, r4
10001356:	001c      	movs	r4, r3
10001358:	4004      	ands	r4, r0
1000135a:	4203      	tst	r3, r0
1000135c:	d107      	bne.n	1000136e <hw_claim_or_assert+0x3a>
1000135e:	4318      	orrs	r0, r3
10001360:	7030      	strb	r0, [r6, #0]
10001362:	f3bf 8f5f 	dmb	sy
10001366:	602c      	str	r4, [r5, #0]
10001368:	f38c 8810 	msr	PRIMASK, ip
1000136c:	bd70      	pop	{r4, r5, r6, pc}
1000136e:	0010      	movs	r0, r2
10001370:	f7ff ffc8 	bl	10001304 <panic>
10001374:	d000012c 	.word	0xd000012c

10001378 <hw_claim_unused_from_range>:
10001378:	b5f8      	push	{r3, r4, r5, r6, r7, lr}
1000137a:	4647      	mov	r7, r8
1000137c:	46ce      	mov	lr, r9
1000137e:	4688      	mov	r8, r1
10001380:	b580      	push	{r7, lr}
10001382:	f3ef 8c10 	mrs	ip, PRIMASK
10001386:	b672      	cpsid	i
10001388:	4d1c      	ldr	r5, [pc, #112]	@ (100013fc <hw_claim_unused_from_range+0x84>)
1000138a:	682c      	ldr	r4, [r5, #0]
1000138c:	2c00      	cmp	r4, #0
1000138e:	d0fc      	beq.n	1000138a <hw_claim_unused_from_range+0x12>
10001390:	f3bf 8f5f 	dmb	sy
10001394:	429a      	cmp	r2, r3
10001396:	d822      	bhi.n	100013de <hw_claim_unused_from_range+0x66>
10001398:	2107      	movs	r1, #7
1000139a:	2601      	movs	r6, #1
1000139c:	4689      	mov	r9, r1
1000139e:	e002      	b.n	100013a6 <hw_claim_unused_from_range+0x2e>
100013a0:	3201      	adds	r2, #1
100013a2:	4293      	cmp	r3, r2
100013a4:	d318      	bcc.n	100013d8 <hw_claim_unused_from_range+0x60>
100013a6:	464d      	mov	r5, r9
100013a8:	0037      	movs	r7, r6
100013aa:	4015      	ands	r5, r2
100013ac:	40af      	lsls	r7, r5
100013ae:	08d4      	lsrs	r4, r2, #3
100013b0:	1901      	adds	r1, r0, r4
100013b2:	5d04      	ldrb	r4, [r0, r4]
100013b4:	4227      	tst	r7, r4
100013b6:	d1f3      	bne.n	100013a0 <hw_claim_unused_from_range+0x28>
100013b8:	0010      	movs	r0, r2
100013ba:	433c      	orrs	r4, r7
100013bc:	700c      	strb	r4, [r1, #0]
100013be:	f3bf 8f5f 	dmb	sy
100013c2:	2200      	movs	r2, #0
100013c4:	4b0d      	ldr	r3, [pc, #52]	@ (100013fc <hw_claim_unused_from_range+0x84>)
100013c6:	601a      	str	r2, [r3, #0]
100013c8:	f38c 8810 	msr	PRIMASK, ip
100013cc:	2800      	cmp	r0, #0
100013ce:	db0e      	blt.n	100013ee <hw_claim_unused_from_range+0x76>
100013d0:	bcc0      	pop	{r6, r7}
100013d2:	46b9      	mov	r9, r7
100013d4:	46b0      	mov	r8, r6
100013d6:	bdf8      	pop	{r3, r4, r5, r6, r7, pc}
100013d8:	2001      	movs	r0, #1
100013da:	4240      	negs	r0, r0
100013dc:	e7ef      	b.n	100013be <hw_claim_unused_from_range+0x46>
100013de:	f3bf 8f5f 	dmb	sy
100013e2:	2300      	movs	r3, #0
100013e4:	602b      	str	r3, [r5, #0]
100013e6:	f38c 8810 	msr	PRIMASK, ip
100013ea:	2001      	movs	r0, #1
100013ec:	4240      	negs	r0, r0
100013ee:	4643      	mov	r3, r8
100013f0:	2b00      	cmp	r3, #0
100013f2:	d0ed      	beq.n	100013d0 <hw_claim_unused_from_range+0x58>
100013f4:	9808      	ldr	r0, [sp, #32]
100013f6:	f7ff ff85 	bl	10001304 <panic>
100013fa:	46c0      	nop			@ (mov r8, r8)
100013fc:	d000012c 	.word	0xd000012c

10001400 <next_striped_spin_lock_num>:
10001400:	4a04      	ldr	r2, [pc, #16]	@ (10001414 <next_striped_spin_lock_num+0x14>)
10001402:	7810      	ldrb	r0, [r2, #0]
10001404:	1c43      	adds	r3, r0, #1
10001406:	b2db      	uxtb	r3, r3
10001408:	2b17      	cmp	r3, #23
1000140a:	d900      	bls.n	1000140e <next_striped_spin_lock_num+0xe>
1000140c:	2310      	movs	r3, #16
1000140e:	7013      	strb	r3, [r2, #0]
10001410:	4770      	bx	lr
10001412:	46c0      	nop			@ (mov r8, r8)
10001414:	20001aa0 	.word	0x20001aa0

10001418 <spin_locks_reset>:
10001418:	2100      	movs	r1, #0
1000141a:	4b04      	ldr	r3, [pc, #16]	@ (1000142c <spin_locks_reset+0x14>)
1000141c:	4a04      	ldr	r2, [pc, #16]	@ (10001430 <spin_locks_reset+0x18>)
1000141e:	f3bf 8f5f 	dmb	sy
10001422:	c302      	stmia	r3!, {r1}
10001424:	4293      	cmp	r3, r2
10001426:	d1fa      	bne.n	1000141e <spin_locks_reset+0x6>
10001428:	4770      	bx	lr
1000142a:	46c0      	nop			@ (mov r8, r8)
1000142c:	d0000100 	.word	0xd0000100
10001430:	d0000180 	.word	0xd0000180

10001434 <rom_func_lookup>:
10001434:	2300      	movs	r3, #0
10001436:	b510      	push	{r4, lr}
10001438:	0001      	movs	r1, r0
1000143a:	8a98      	ldrh	r0, [r3, #20]
1000143c:	8b1b      	ldrh	r3, [r3, #24]
1000143e:	4798      	blx	r3
10001440:	bd10      	pop	{r4, pc}
10001442:	46c0      	nop			@ (mov r8, r8)

10001444 <rom_data_lookup>:
10001444:	2316      	movs	r3, #22
10001446:	b510      	push	{r4, lr}
10001448:	0001      	movs	r1, r0
1000144a:	8818      	ldrh	r0, [r3, #0]
1000144c:	3302      	adds	r3, #2
1000144e:	881b      	ldrh	r3, [r3, #0]
10001450:	4798      	blx	r3
10001452:	bd10      	pop	{r4, pc}

10001454 <rom_funcs_lookup>:
10001454:	b5f8      	push	{r3, r4, r5, r6, r7, lr}
10001456:	4647      	mov	r7, r8
10001458:	46ce      	mov	lr, r9
1000145a:	b580      	push	{r7, lr}
1000145c:	1e0f      	subs	r7, r1, #0
1000145e:	d018      	beq.n	10001492 <rom_funcs_lookup+0x3e>
10001460:	2314      	movs	r3, #20
10001462:	4699      	mov	r9, r3
10001464:	3304      	adds	r3, #4
10001466:	0004      	movs	r4, r0
10001468:	2500      	movs	r5, #0
1000146a:	2601      	movs	r6, #1
1000146c:	4698      	mov	r8, r3
1000146e:	464b      	mov	r3, r9
10001470:	8818      	ldrh	r0, [r3, #0]
10001472:	4643      	mov	r3, r8
10001474:	6821      	ldr	r1, [r4, #0]
10001476:	881b      	ldrh	r3, [r3, #0]
10001478:	4798      	blx	r3
1000147a:	c401      	stmia	r4!, {r0}
1000147c:	1e43      	subs	r3, r0, #1
1000147e:	4198      	sbcs	r0, r3
10001480:	3501      	adds	r5, #1
10001482:	4006      	ands	r6, r0
10001484:	42af      	cmp	r7, r5
10001486:	d1f2      	bne.n	1000146e <rom_funcs_lookup+0x1a>
10001488:	0030      	movs	r0, r6
1000148a:	bcc0      	pop	{r6, r7}
1000148c:	46b9      	mov	r9, r7
1000148e:	46b0      	mov	r8, r6
10001490:	bdf8      	pop	{r3, r4, r5, r6, r7, pc}
10001492:	2601      	movs	r6, #1
10001494:	e7f8      	b.n	10001488 <rom_funcs_lookup+0x34>
10001496:	46c0      	nop			@ (mov r8, r8)

10001498 <sleep_until_callback>:
10001498:	4b0a      	ldr	r3, [pc, #40]	@ (100014c4 <sleep_until_callback+0x2c>)
1000149a:	6819      	ldr	r1, [r3, #0]
1000149c:	f3ef 8010 	mrs	r0, PRIMASK
100014a0:	b672      	cpsid	i
100014a2:	680a      	ldr	r2, [r1, #0]
100014a4:	2a00      	cmp	r2, #0
100014a6:	d0fc      	beq.n	100014a2 <sleep_until_callback+0xa>
100014a8:	f3bf 8f5f 	dmb	sy
100014ac:	681b      	ldr	r3, [r3, #0]
100014ae:	f3bf 8f5f 	dmb	sy
100014b2:	2200      	movs	r2, #0
100014b4:	601a      	str	r2, [r3, #0]
100014b6:	f380 8810 	msr	PRIMASK, r0
100014ba:	bf40      	sev
100014bc:	2000      	movs	r0, #0
100014be:	2100      	movs	r1, #0
100014c0:	4770      	bx	lr
100014c2:	46c0      	nop			@ (mov r8, r8)
100014c4:	200022cc 	.word	0x200022cc

100014c8 <alarm_pool_irq_handler>:
100014c8:	b5f0      	push	{r4, r5, r6, r7, lr}
100014ca:	46de      	mov	lr, fp
100014cc:	4657      	mov	r7, sl
100014ce:	464e      	mov	r6, r9
100014d0:	4645      	mov	r5, r8
100014d2:	b5e0      	push	{r5, r6, r7, lr}
100014d4:	b087      	sub	sp, #28
100014d6:	f3ef 8305 	mrs	r3, IPSR
100014da:	2203      	movs	r2, #3
100014dc:	2501      	movs	r5, #1
100014de:	401a      	ands	r2, r3
100014e0:	4095      	lsls	r5, r2
100014e2:	0091      	lsls	r1, r2, #2
100014e4:	4688      	mov	r8, r1
100014e6:	46a9      	mov	r9, r5
100014e8:	4bb3      	ldr	r3, [pc, #716]	@ (100017b8 <alarm_pool_irq_handler+0x2f0>)
100014ea:	9203      	str	r2, [sp, #12]
100014ec:	585c      	ldr	r4, [r3, r1]
100014ee:	4bb3      	ldr	r3, [pc, #716]	@ (100017bc <alarm_pool_irq_handler+0x2f4>)
100014f0:	601d      	str	r5, [r3, #0]
100014f2:	4bb3      	ldr	r3, [pc, #716]	@ (100017c0 <alarm_pool_irq_handler+0x2f8>)
100014f4:	9304      	str	r3, [sp, #16]
100014f6:	464b      	mov	r3, r9
100014f8:	48b2      	ldr	r0, [pc, #712]	@ (100017c4 <alarm_pool_irq_handler+0x2fc>)
100014fa:	6343      	str	r3, [r0, #52]	@ 0x34
100014fc:	2308      	movs	r3, #8
100014fe:	5ee5      	ldrsh	r5, [r4, r3]
10001500:	2d00      	cmp	r5, #0
10001502:	da37      	bge.n	10001574 <alarm_pool_irq_handler+0xac>
10001504:	88a3      	ldrh	r3, [r4, #4]
10001506:	b21b      	sxth	r3, r3
10001508:	2b00      	cmp	r3, #0
1000150a:	db00      	blt.n	1000150e <alarm_pool_irq_handler+0x46>
1000150c:	e0ad      	b.n	1000166a <alarm_pool_irq_handler+0x1a2>
1000150e:	79a3      	ldrb	r3, [r4, #6]
10001510:	2b00      	cmp	r3, #0
10001512:	d000      	beq.n	10001516 <alarm_pool_irq_handler+0x4e>
10001514:	e0ee      	b.n	100016f4 <alarm_pool_irq_handler+0x22c>
10001516:	2308      	movs	r3, #8
10001518:	5ee0      	ldrsh	r0, [r4, r3]
1000151a:	2800      	cmp	r0, #0
1000151c:	db20      	blt.n	10001560 <alarm_pool_irq_handler+0x98>
1000151e:	0043      	lsls	r3, r0, #1
10001520:	6962      	ldr	r2, [r4, #20]
10001522:	181b      	adds	r3, r3, r0
10001524:	00db      	lsls	r3, r3, #3
10001526:	18d3      	adds	r3, r2, r3
10001528:	689e      	ldr	r6, [r3, #8]
1000152a:	68dd      	ldr	r5, [r3, #12]
1000152c:	1c73      	adds	r3, r6, #1
1000152e:	d100      	bne.n	10001532 <alarm_pool_irq_handler+0x6a>
10001530:	e111      	b.n	10001756 <alarm_pool_irq_handler+0x28e>
10001532:	48a4      	ldr	r0, [pc, #656]	@ (100017c4 <alarm_pool_irq_handler+0x2fc>)
10001534:	0001      	movs	r1, r0
10001536:	4441      	add	r1, r8
10001538:	6a82      	ldr	r2, [r0, #40]	@ 0x28
1000153a:	690b      	ldr	r3, [r1, #16]
1000153c:	1ab7      	subs	r7, r6, r2
1000153e:	1a9b      	subs	r3, r3, r2
10001540:	429f      	cmp	r7, r3
10001542:	d315      	bcc.n	10001570 <alarm_pool_irq_handler+0xa8>
10001544:	2301      	movs	r3, #1
10001546:	6a02      	ldr	r2, [r0, #32]
10001548:	9803      	ldr	r0, [sp, #12]
1000154a:	4083      	lsls	r3, r0
1000154c:	421a      	tst	r2, r3
1000154e:	d00f      	beq.n	10001570 <alarm_pool_irq_handler+0xa8>
10001550:	489c      	ldr	r0, [pc, #624]	@ (100017c4 <alarm_pool_irq_handler+0x2fc>)
10001552:	f000 fb57 	bl	10001c04 <timer_time_us_64>
10001556:	428d      	cmp	r5, r1
10001558:	dc02      	bgt.n	10001560 <alarm_pool_irq_handler+0x98>
1000155a:	d1cc      	bne.n	100014f6 <alarm_pool_irq_handler+0x2e>
1000155c:	4286      	cmp	r6, r0
1000155e:	d9ca      	bls.n	100014f6 <alarm_pool_irq_handler+0x2e>
10001560:	bf40      	sev
10001562:	b007      	add	sp, #28
10001564:	bcf0      	pop	{r4, r5, r6, r7}
10001566:	46bb      	mov	fp, r7
10001568:	46b2      	mov	sl, r6
1000156a:	46a9      	mov	r9, r5
1000156c:	46a0      	mov	r8, r4
1000156e:	bdf0      	pop	{r4, r5, r6, r7, pc}
10001570:	610e      	str	r6, [r1, #16]
10001572:	e7ed      	b.n	10001550 <alarm_pool_irq_handler+0x88>
10001574:	6962      	ldr	r2, [r4, #20]
10001576:	006b      	lsls	r3, r5, #1
10001578:	4692      	mov	sl, r2
1000157a:	195b      	adds	r3, r3, r5
1000157c:	00db      	lsls	r3, r3, #3
1000157e:	449a      	add	sl, r3
10001580:	4653      	mov	r3, sl
10001582:	689e      	ldr	r6, [r3, #8]
10001584:	68df      	ldr	r7, [r3, #12]
10001586:	f000 fb3d 	bl	10001c04 <timer_time_us_64>
1000158a:	428f      	cmp	r7, r1
1000158c:	dcba      	bgt.n	10001504 <alarm_pool_irq_handler+0x3c>
1000158e:	d100      	bne.n	10001592 <alarm_pool_irq_handler+0xca>
10001590:	e103      	b.n	1000179a <alarm_pool_irq_handler+0x2d2>
10001592:	2f00      	cmp	r7, #0
10001594:	da00      	bge.n	10001598 <alarm_pool_irq_handler+0xd0>
10001596:	e0e8      	b.n	1000176a <alarm_pool_irq_handler+0x2a2>
10001598:	4652      	mov	r2, sl
1000159a:	4653      	mov	r3, sl
1000159c:	6952      	ldr	r2, [r2, #20]
1000159e:	691b      	ldr	r3, [r3, #16]
100015a0:	4693      	mov	fp, r2
100015a2:	9a04      	ldr	r2, [sp, #16]
100015a4:	4293      	cmp	r3, r2
100015a6:	d100      	bne.n	100015aa <alarm_pool_irq_handler+0xe2>
100015a8:	e0d9      	b.n	1000175e <alarm_pool_irq_handler+0x296>
100015aa:	4652      	mov	r2, sl
100015ac:	2108      	movs	r1, #8
100015ae:	5e60      	ldrsh	r0, [r4, r1]
100015b0:	8852      	ldrh	r2, [r2, #2]
100015b2:	0400      	lsls	r0, r0, #16
100015b4:	4659      	mov	r1, fp
100015b6:	4310      	orrs	r0, r2
100015b8:	4798      	blx	r3
100015ba:	9000      	str	r0, [sp, #0]
100015bc:	9101      	str	r1, [sp, #4]
100015be:	9900      	ldr	r1, [sp, #0]
100015c0:	9a01      	ldr	r2, [sp, #4]
100015c2:	000b      	movs	r3, r1
100015c4:	0010      	movs	r0, r2
100015c6:	4313      	orrs	r3, r2
100015c8:	d100      	bne.n	100015cc <alarm_pool_irq_handler+0x104>
100015ca:	e0ce      	b.n	1000176a <alarm_pool_irq_handler+0x2a2>
100015cc:	0013      	movs	r3, r2
100015ce:	000a      	movs	r2, r1
100015d0:	1ab6      	subs	r6, r6, r2
100015d2:	419f      	sbcs	r7, r3
100015d4:	2800      	cmp	r0, #0
100015d6:	db06      	blt.n	100015e6 <alarm_pool_irq_handler+0x11e>
100015d8:	487a      	ldr	r0, [pc, #488]	@ (100017c4 <alarm_pool_irq_handler+0x2fc>)
100015da:	f000 fb13 	bl	10001c04 <timer_time_us_64>
100015de:	9e00      	ldr	r6, [sp, #0]
100015e0:	9f01      	ldr	r7, [sp, #4]
100015e2:	1836      	adds	r6, r6, r0
100015e4:	414f      	adcs	r7, r1
100015e6:	4653      	mov	r3, sl
100015e8:	609e      	str	r6, [r3, #8]
100015ea:	60df      	str	r7, [r3, #12]
100015ec:	2200      	movs	r2, #0
100015ee:	5e9a      	ldrsh	r2, [r3, r2]
100015f0:	2a00      	cmp	r2, #0
100015f2:	da00      	bge.n	100015f6 <alarm_pool_irq_handler+0x12e>
100015f4:	e786      	b.n	10001504 <alarm_pool_irq_handler+0x3c>
100015f6:	0053      	lsls	r3, r2, #1
100015f8:	1899      	adds	r1, r3, r2
100015fa:	6960      	ldr	r0, [r4, #20]
100015fc:	00c9      	lsls	r1, r1, #3
100015fe:	1841      	adds	r1, r0, r1
10001600:	9302      	str	r3, [sp, #8]
10001602:	688b      	ldr	r3, [r1, #8]
10001604:	68c9      	ldr	r1, [r1, #12]
10001606:	469b      	mov	fp, r3
10001608:	42b9      	cmp	r1, r7
1000160a:	dd00      	ble.n	1000160e <alarm_pool_irq_handler+0x146>
1000160c:	e77a      	b.n	10001504 <alarm_pool_irq_handler+0x3c>
1000160e:	d102      	bne.n	10001616 <alarm_pool_irq_handler+0x14e>
10001610:	42b3      	cmp	r3, r6
10001612:	d900      	bls.n	10001616 <alarm_pool_irq_handler+0x14e>
10001614:	e776      	b.n	10001504 <alarm_pool_irq_handler+0x3c>
10001616:	2308      	movs	r3, #8
10001618:	469c      	mov	ip, r3
1000161a:	44a4      	add	ip, r4
1000161c:	9505      	str	r5, [sp, #20]
1000161e:	4665      	mov	r5, ip
10001620:	8122      	strh	r2, [r4, #8]
10001622:	46a4      	mov	ip, r4
10001624:	9b02      	ldr	r3, [sp, #8]
10001626:	002c      	movs	r4, r5
10001628:	e006      	b.n	10001638 <alarm_pool_irq_handler+0x170>
1000162a:	0053      	lsls	r3, r2, #1
1000162c:	1899      	adds	r1, r3, r2
1000162e:	00c9      	lsls	r1, r1, #3
10001630:	1841      	adds	r1, r0, r1
10001632:	688d      	ldr	r5, [r1, #8]
10001634:	68c9      	ldr	r1, [r1, #12]
10001636:	46ab      	mov	fp, r5
10001638:	189b      	adds	r3, r3, r2
1000163a:	00db      	lsls	r3, r3, #3
1000163c:	18c3      	adds	r3, r0, r3
1000163e:	42b9      	cmp	r1, r7
10001640:	dc06      	bgt.n	10001650 <alarm_pool_irq_handler+0x188>
10001642:	d100      	bne.n	10001646 <alarm_pool_irq_handler+0x17e>
10001644:	e0b3      	b.n	100017ae <alarm_pool_irq_handler+0x2e6>
10001646:	001c      	movs	r4, r3
10001648:	2300      	movs	r3, #0
1000164a:	5ee2      	ldrsh	r2, [r4, r3]
1000164c:	2a00      	cmp	r2, #0
1000164e:	daec      	bge.n	1000162a <alarm_pool_irq_handler+0x162>
10001650:	0023      	movs	r3, r4
10001652:	4664      	mov	r4, ip
10001654:	469c      	mov	ip, r3
10001656:	4653      	mov	r3, sl
10001658:	801a      	strh	r2, [r3, #0]
1000165a:	4663      	mov	r3, ip
1000165c:	9d05      	ldr	r5, [sp, #20]
1000165e:	801d      	strh	r5, [r3, #0]
10001660:	88a3      	ldrh	r3, [r4, #4]
10001662:	b21b      	sxth	r3, r3
10001664:	2b00      	cmp	r3, #0
10001666:	da00      	bge.n	1000166a <alarm_pool_irq_handler+0x1a2>
10001668:	e751      	b.n	1000150e <alarm_pool_irq_handler+0x46>
1000166a:	6922      	ldr	r2, [r4, #16]
1000166c:	f3ef 8110 	mrs	r1, PRIMASK
10001670:	b672      	cpsid	i
10001672:	6813      	ldr	r3, [r2, #0]
10001674:	2b00      	cmp	r3, #0
10001676:	d0fc      	beq.n	10001672 <alarm_pool_irq_handler+0x1aa>
10001678:	f3bf 8f5f 	dmb	sy
1000167c:	2301      	movs	r3, #1
1000167e:	88a7      	ldrh	r7, [r4, #4]
10001680:	425b      	negs	r3, r3
10001682:	80a3      	strh	r3, [r4, #4]
10001684:	b23f      	sxth	r7, r7
10001686:	6923      	ldr	r3, [r4, #16]
10001688:	f3bf 8f5f 	dmb	sy
1000168c:	2200      	movs	r2, #0
1000168e:	601a      	str	r2, [r3, #0]
10001690:	f381 8810 	msr	PRIMASK, r1
10001694:	2f00      	cmp	r7, #0
10001696:	da00      	bge.n	1000169a <alarm_pool_irq_handler+0x1d2>
10001698:	e739      	b.n	1000150e <alarm_pool_irq_handler+0x46>
1000169a:	0023      	movs	r3, r4
1000169c:	3308      	adds	r3, #8
1000169e:	0022      	movs	r2, r4
100016a0:	469a      	mov	sl, r3
100016a2:	6966      	ldr	r6, [r4, #20]
100016a4:	007b      	lsls	r3, r7, #1
100016a6:	19db      	adds	r3, r3, r7
100016a8:	00db      	lsls	r3, r3, #3
100016aa:	18f3      	adds	r3, r6, r3
100016ac:	6899      	ldr	r1, [r3, #8]
100016ae:	4650      	mov	r0, sl
100016b0:	468c      	mov	ip, r1
100016b2:	2408      	movs	r4, #8
100016b4:	5f11      	ldrsh	r1, [r2, r4]
100016b6:	68dd      	ldr	r5, [r3, #12]
100016b8:	2900      	cmp	r1, #0
100016ba:	db10      	blt.n	100016de <alarm_pool_irq_handler+0x216>
100016bc:	9302      	str	r3, [sp, #8]
100016be:	e006      	b.n	100016ce <alarm_pool_irq_handler+0x206>
100016c0:	42ab      	cmp	r3, r5
100016c2:	d044      	beq.n	1000174e <alarm_pool_irq_handler+0x286>
100016c4:	2300      	movs	r3, #0
100016c6:	5ee1      	ldrsh	r1, [r4, r3]
100016c8:	0020      	movs	r0, r4
100016ca:	2900      	cmp	r1, #0
100016cc:	db06      	blt.n	100016dc <alarm_pool_irq_handler+0x214>
100016ce:	004c      	lsls	r4, r1, #1
100016d0:	1864      	adds	r4, r4, r1
100016d2:	00e4      	lsls	r4, r4, #3
100016d4:	1934      	adds	r4, r6, r4
100016d6:	68e3      	ldr	r3, [r4, #12]
100016d8:	42ab      	cmp	r3, r5
100016da:	ddf1      	ble.n	100016c0 <alarm_pool_irq_handler+0x1f8>
100016dc:	9b02      	ldr	r3, [sp, #8]
100016de:	8007      	strh	r7, [r0, #0]
100016e0:	2000      	movs	r0, #0
100016e2:	5e1f      	ldrsh	r7, [r3, r0]
100016e4:	8019      	strh	r1, [r3, #0]
100016e6:	2f00      	cmp	r7, #0
100016e8:	dadc      	bge.n	100016a4 <alarm_pool_irq_handler+0x1dc>
100016ea:	0014      	movs	r4, r2
100016ec:	79a3      	ldrb	r3, [r4, #6]
100016ee:	2b00      	cmp	r3, #0
100016f0:	d100      	bne.n	100016f4 <alarm_pool_irq_handler+0x22c>
100016f2:	e710      	b.n	10001516 <alarm_pool_irq_handler+0x4e>
100016f4:	2300      	movs	r3, #0
100016f6:	71a3      	strb	r3, [r4, #6]
100016f8:	0026      	movs	r6, r4
100016fa:	2308      	movs	r3, #8
100016fc:	5ee1      	ldrsh	r1, [r4, r3]
100016fe:	3608      	adds	r6, #8
10001700:	1c4b      	adds	r3, r1, #1
10001702:	d100      	bne.n	10001706 <alarm_pool_irq_handler+0x23e>
10001704:	e72c      	b.n	10001560 <alarm_pool_irq_handler+0x98>
10001706:	0008      	movs	r0, r1
10001708:	46a2      	mov	sl, r4
1000170a:	6965      	ldr	r5, [r4, #20]
1000170c:	e002      	b.n	10001714 <alarm_pool_irq_handler+0x24c>
1000170e:	003e      	movs	r6, r7
10001710:	1c4b      	adds	r3, r1, #1
10001712:	d01a      	beq.n	1000174a <alarm_pool_irq_handler+0x282>
10001714:	004b      	lsls	r3, r1, #1
10001716:	185b      	adds	r3, r3, r1
10001718:	00db      	lsls	r3, r3, #3
1000171a:	18ef      	adds	r7, r5, r3
1000171c:	000a      	movs	r2, r1
1000171e:	468c      	mov	ip, r1
10001720:	5ee9      	ldrsh	r1, [r5, r3]
10001722:	887b      	ldrh	r3, [r7, #2]
10001724:	b21b      	sxth	r3, r3
10001726:	2b00      	cmp	r3, #0
10001728:	daf1      	bge.n	1000170e <alarm_pool_irq_handler+0x246>
1000172a:	2301      	movs	r3, #1
1000172c:	425b      	negs	r3, r3
1000172e:	17dc      	asrs	r4, r3, #31
10001730:	60bb      	str	r3, [r7, #8]
10001732:	60fc      	str	r4, [r7, #12]
10001734:	4282      	cmp	r2, r0
10001736:	d005      	beq.n	10001744 <alarm_pool_irq_handler+0x27c>
10001738:	4653      	mov	r3, sl
1000173a:	8031      	strh	r1, [r6, #0]
1000173c:	891b      	ldrh	r3, [r3, #8]
1000173e:	803b      	strh	r3, [r7, #0]
10001740:	4653      	mov	r3, sl
10001742:	811a      	strh	r2, [r3, #8]
10001744:	4660      	mov	r0, ip
10001746:	1c4b      	adds	r3, r1, #1
10001748:	d1e4      	bne.n	10001714 <alarm_pool_irq_handler+0x24c>
1000174a:	4654      	mov	r4, sl
1000174c:	e6e5      	b.n	1000151a <alarm_pool_irq_handler+0x52>
1000174e:	68a3      	ldr	r3, [r4, #8]
10001750:	4563      	cmp	r3, ip
10001752:	d9b7      	bls.n	100016c4 <alarm_pool_irq_handler+0x1fc>
10001754:	e7c2      	b.n	100016dc <alarm_pool_irq_handler+0x214>
10001756:	1c6b      	adds	r3, r5, #1
10001758:	d000      	beq.n	1000175c <alarm_pool_irq_handler+0x294>
1000175a:	e6ea      	b.n	10001532 <alarm_pool_irq_handler+0x6a>
1000175c:	e6f8      	b.n	10001550 <alarm_pool_irq_handler+0x88>
1000175e:	465b      	mov	r3, fp
10001760:	4658      	mov	r0, fp
10001762:	691b      	ldr	r3, [r3, #16]
10001764:	4798      	blx	r3
10001766:	2800      	cmp	r0, #0
10001768:	d11b      	bne.n	100017a2 <alarm_pool_irq_handler+0x2da>
1000176a:	4653      	mov	r3, sl
1000176c:	881b      	ldrh	r3, [r3, #0]
1000176e:	6922      	ldr	r2, [r4, #16]
10001770:	8123      	strh	r3, [r4, #8]
10001772:	f3ef 8310 	mrs	r3, PRIMASK
10001776:	b672      	cpsid	i
10001778:	6811      	ldr	r1, [r2, #0]
1000177a:	2900      	cmp	r1, #0
1000177c:	d0fc      	beq.n	10001778 <alarm_pool_irq_handler+0x2b0>
1000177e:	f3bf 8f5f 	dmb	sy
10001782:	4651      	mov	r1, sl
10001784:	8862      	ldrh	r2, [r4, #2]
10001786:	800a      	strh	r2, [r1, #0]
10001788:	6922      	ldr	r2, [r4, #16]
1000178a:	8065      	strh	r5, [r4, #2]
1000178c:	f3bf 8f5f 	dmb	sy
10001790:	2100      	movs	r1, #0
10001792:	6011      	str	r1, [r2, #0]
10001794:	f383 8810 	msr	PRIMASK, r3
10001798:	e6b4      	b.n	10001504 <alarm_pool_irq_handler+0x3c>
1000179a:	4286      	cmp	r6, r0
1000179c:	d800      	bhi.n	100017a0 <alarm_pool_irq_handler+0x2d8>
1000179e:	e6f8      	b.n	10001592 <alarm_pool_irq_handler+0xca>
100017a0:	e6b0      	b.n	10001504 <alarm_pool_irq_handler+0x3c>
100017a2:	465b      	mov	r3, fp
100017a4:	681a      	ldr	r2, [r3, #0]
100017a6:	685b      	ldr	r3, [r3, #4]
100017a8:	9200      	str	r2, [sp, #0]
100017aa:	9301      	str	r3, [sp, #4]
100017ac:	e707      	b.n	100015be <alarm_pool_irq_handler+0xf6>
100017ae:	45b3      	cmp	fp, r6
100017b0:	d800      	bhi.n	100017b4 <alarm_pool_irq_handler+0x2ec>
100017b2:	e748      	b.n	10001646 <alarm_pool_irq_handler+0x17e>
100017b4:	e74c      	b.n	10001650 <alarm_pool_irq_handler+0x188>
100017b6:	46c0      	nop			@ (mov r8, r8)
100017b8:	200022b0 	.word	0x200022b0
100017bc:	4005703c 	.word	0x4005703c
100017c0:	100014c9 	.word	0x100014c9
100017c4:	40054000 	.word	0x40054000

100017c8 <runtime_init_default_alarm_pool>:
100017c8:	b570      	push	{r4, r5, r6, lr}
100017ca:	4c2e      	ldr	r4, [pc, #184]	@ (10001884 <runtime_init_default_alarm_pool+0xbc>)
100017cc:	6925      	ldr	r5, [r4, #16]
100017ce:	2d00      	cmp	r5, #0
100017d0:	d004      	beq.n	100017dc <runtime_init_default_alarm_pool+0x14>
100017d2:	210a      	movs	r1, #10
100017d4:	482c      	ldr	r0, [pc, #176]	@ (10001888 <runtime_init_default_alarm_pool+0xc0>)
100017d6:	f000 fbdd 	bl	10001f94 <lock_init>
100017da:	bd70      	pop	{r4, r5, r6, pc}
100017dc:	4e2b      	ldr	r6, [pc, #172]	@ (1000188c <runtime_init_default_alarm_pool+0xc4>)
100017de:	2103      	movs	r1, #3
100017e0:	0030      	movs	r0, r6
100017e2:	f000 fa05 	bl	10001bf0 <timer_hardware_alarm_claim>
100017e6:	60e6      	str	r6, [r4, #12]
100017e8:	f7ff fe0a 	bl	10001400 <next_striped_spin_lock_num>
100017ec:	4b28      	ldr	r3, [pc, #160]	@ (10001890 <runtime_init_default_alarm_pool+0xc8>)
100017ee:	2203      	movs	r2, #3
100017f0:	469c      	mov	ip, r3
100017f2:	23d0      	movs	r3, #208	@ 0xd0
100017f4:	7022      	strb	r2, [r4, #0]
100017f6:	061b      	lsls	r3, r3, #24
100017f8:	681b      	ldr	r3, [r3, #0]
100017fa:	2101      	movs	r1, #1
100017fc:	7063      	strb	r3, [r4, #1]
100017fe:	4b25      	ldr	r3, [pc, #148]	@ (10001894 <runtime_init_default_alarm_pool+0xcc>)
10001800:	4460      	add	r0, ip
10001802:	60a3      	str	r3, [r4, #8]
10001804:	230f      	movs	r3, #15
10001806:	0080      	lsls	r0, r0, #2
10001808:	6120      	str	r0, [r4, #16]
1000180a:	2002      	movs	r0, #2
1000180c:	8063      	strh	r3, [r4, #2]
1000180e:	6963      	ldr	r3, [r4, #20]
10001810:	4249      	negs	r1, r1
10001812:	80a1      	strh	r1, [r4, #4]
10001814:	8019      	strh	r1, [r3, #0]
10001816:	3102      	adds	r1, #2
10001818:	8619      	strh	r1, [r3, #48]	@ 0x30
1000181a:	3147      	adds	r1, #71	@ 0x47
1000181c:	831d      	strh	r5, [r3, #24]
1000181e:	5258      	strh	r0, [r3, r1]
10001820:	3118      	adds	r1, #24
10001822:	525a      	strh	r2, [r3, r1]
10001824:	3275      	adds	r2, #117	@ 0x75
10001826:	395c      	subs	r1, #92	@ 0x5c
10001828:	5299      	strh	r1, [r3, r2]
1000182a:	3218      	adds	r2, #24
1000182c:	3101      	adds	r1, #1
1000182e:	5299      	strh	r1, [r3, r2]
10001830:	3218      	adds	r2, #24
10001832:	3101      	adds	r1, #1
10001834:	5299      	strh	r1, [r3, r2]
10001836:	3218      	adds	r2, #24
10001838:	3101      	adds	r1, #1
1000183a:	5299      	strh	r1, [r3, r2]
1000183c:	3508      	adds	r5, #8
1000183e:	3218      	adds	r2, #24
10001840:	529d      	strh	r5, [r3, r2]
10001842:	3102      	adds	r1, #2
10001844:	3218      	adds	r2, #24
10001846:	5299      	strh	r1, [r3, r2]
10001848:	3218      	adds	r2, #24
1000184a:	3101      	adds	r1, #1
1000184c:	5299      	strh	r1, [r3, r2]
1000184e:	3218      	adds	r2, #24
10001850:	3101      	adds	r1, #1
10001852:	5299      	strh	r1, [r3, r2]
10001854:	3218      	adds	r2, #24
10001856:	3101      	adds	r1, #1
10001858:	5299      	strh	r1, [r3, r2]
1000185a:	3218      	adds	r2, #24
1000185c:	3101      	adds	r1, #1
1000185e:	5299      	strh	r1, [r3, r2]
10001860:	3218      	adds	r2, #24
10001862:	3101      	adds	r1, #1
10001864:	5299      	strh	r1, [r3, r2]
10001866:	4b0c      	ldr	r3, [pc, #48]	@ (10001898 <runtime_init_default_alarm_pool+0xd0>)
10001868:	490c      	ldr	r1, [pc, #48]	@ (1000189c <runtime_init_default_alarm_pool+0xd4>)
1000186a:	60dc      	str	r4, [r3, #12]
1000186c:	3001      	adds	r0, #1
1000186e:	6235      	str	r5, [r6, #32]
10001870:	f000 fa0e 	bl	10001c90 <irq_set_exclusive_handler>
10001874:	2101      	movs	r1, #1
10001876:	2003      	movs	r0, #3
10001878:	f000 f9f8 	bl	10001c6c <irq_set_enabled>
1000187c:	4b08      	ldr	r3, [pc, #32]	@ (100018a0 <runtime_init_default_alarm_pool+0xd8>)
1000187e:	601d      	str	r5, [r3, #0]
10001880:	e7a7      	b.n	100017d2 <runtime_init_default_alarm_pool+0xa>
10001882:	46c0      	nop			@ (mov r8, r8)
10001884:	20001aa4 	.word	0x20001aa4
10001888:	200022cc 	.word	0x200022cc
1000188c:	40054000 	.word	0x40054000
10001890:	34000040 	.word	0x34000040
10001894:	0010ffff 	.word	0x0010ffff
10001898:	200022b0 	.word	0x200022b0
1000189c:	100014c9 	.word	0x100014c9
100018a0:	40056038 	.word	0x40056038

100018a4 <alarm_pool_add_alarm_at_force_in_context>:
100018a4:	b570      	push	{r4, r5, r6, lr}
100018a6:	0001      	movs	r1, r0
100018a8:	6904      	ldr	r4, [r0, #16]
100018aa:	f3ef 8c10 	mrs	ip, PRIMASK
100018ae:	b672      	cpsid	i
100018b0:	6820      	ldr	r0, [r4, #0]
100018b2:	2800      	cmp	r0, #0
100018b4:	d0fc      	beq.n	100018b0 <alarm_pool_add_alarm_at_force_in_context+0xc>
100018b6:	f3bf 8f5f 	dmb	sy
100018ba:	2002      	movs	r0, #2
100018bc:	5e0d      	ldrsh	r5, [r1, r0]
100018be:	694c      	ldr	r4, [r1, #20]
100018c0:	0068      	lsls	r0, r5, #1
100018c2:	1940      	adds	r0, r0, r5
100018c4:	00c0      	lsls	r0, r0, #3
100018c6:	1824      	adds	r4, r4, r0
100018c8:	6908      	ldr	r0, [r1, #16]
100018ca:	2d00      	cmp	r5, #0
100018cc:	db36      	blt.n	1000193c <alarm_pool_add_alarm_at_force_in_context+0x98>
100018ce:	8826      	ldrh	r6, [r4, #0]
100018d0:	804e      	strh	r6, [r1, #2]
100018d2:	f3bf 8f5f 	dmb	sy
100018d6:	2600      	movs	r6, #0
100018d8:	6006      	str	r6, [r0, #0]
100018da:	f38c 8810 	msr	PRIMASK, ip
100018de:	60e3      	str	r3, [r4, #12]
100018e0:	8863      	ldrh	r3, [r4, #2]
100018e2:	9804      	ldr	r0, [sp, #16]
100018e4:	3301      	adds	r3, #1
100018e6:	6120      	str	r0, [r4, #16]
100018e8:	045b      	lsls	r3, r3, #17
100018ea:	9805      	ldr	r0, [sp, #20]
100018ec:	0c5b      	lsrs	r3, r3, #17
100018ee:	60a2      	str	r2, [r4, #8]
100018f0:	6160      	str	r0, [r4, #20]
100018f2:	1c1a      	adds	r2, r3, #0
100018f4:	2b00      	cmp	r3, #0
100018f6:	d01f      	beq.n	10001938 <alarm_pool_add_alarm_at_force_in_context+0x94>
100018f8:	b293      	uxth	r3, r2
100018fa:	0428      	lsls	r0, r5, #16
100018fc:	8062      	strh	r2, [r4, #2]
100018fe:	4318      	orrs	r0, r3
10001900:	690a      	ldr	r2, [r1, #16]
10001902:	f3ef 8c10 	mrs	ip, PRIMASK
10001906:	b672      	cpsid	i
10001908:	6813      	ldr	r3, [r2, #0]
1000190a:	2b00      	cmp	r3, #0
1000190c:	d0fc      	beq.n	10001908 <alarm_pool_add_alarm_at_force_in_context+0x64>
1000190e:	f3bf 8f5f 	dmb	sy
10001912:	888b      	ldrh	r3, [r1, #4]
10001914:	8023      	strh	r3, [r4, #0]
10001916:	808d      	strh	r5, [r1, #4]
10001918:	690b      	ldr	r3, [r1, #16]
1000191a:	f3bf 8f5f 	dmb	sy
1000191e:	2200      	movs	r2, #0
10001920:	601a      	str	r2, [r3, #0]
10001922:	f38c 8810 	msr	PRIMASK, ip
10001926:	780b      	ldrb	r3, [r1, #0]
10001928:	3201      	adds	r2, #1
1000192a:	409a      	lsls	r2, r3
1000192c:	68cb      	ldr	r3, [r1, #12]
1000192e:	4908      	ldr	r1, [pc, #32]	@ (10001950 <alarm_pool_add_alarm_at_force_in_context+0xac>)
10001930:	468c      	mov	ip, r1
10001932:	4463      	add	r3, ip
10001934:	601a      	str	r2, [r3, #0]
10001936:	bd70      	pop	{r4, r5, r6, pc}
10001938:	2201      	movs	r2, #1
1000193a:	e7dd      	b.n	100018f8 <alarm_pool_add_alarm_at_force_in_context+0x54>
1000193c:	f3bf 8f5f 	dmb	sy
10001940:	2300      	movs	r3, #0
10001942:	6003      	str	r3, [r0, #0]
10001944:	f38c 8810 	msr	PRIMASK, ip
10001948:	2001      	movs	r0, #1
1000194a:	4240      	negs	r0, r0
1000194c:	e7f3      	b.n	10001936 <alarm_pool_add_alarm_at_force_in_context+0x92>
1000194e:	46c0      	nop			@ (mov r8, r8)
10001950:	0000203c 	.word	0x0000203c

10001954 <alarm_pool_cancel_alarm>:
10001954:	b510      	push	{r4, lr}
10001956:	8943      	ldrh	r3, [r0, #10]
10001958:	140a      	asrs	r2, r1, #16
1000195a:	4293      	cmp	r3, r2
1000195c:	dd1a      	ble.n	10001994 <alarm_pool_cancel_alarm+0x40>
1000195e:	0053      	lsls	r3, r2, #1
10001960:	189b      	adds	r3, r3, r2
10001962:	6942      	ldr	r2, [r0, #20]
10001964:	00db      	lsls	r3, r3, #3
10001966:	18d3      	adds	r3, r2, r3
10001968:	6904      	ldr	r4, [r0, #16]
1000196a:	f3ef 8c10 	mrs	ip, PRIMASK
1000196e:	b672      	cpsid	i
10001970:	6822      	ldr	r2, [r4, #0]
10001972:	2a00      	cmp	r2, #0
10001974:	d0fc      	beq.n	10001970 <alarm_pool_cancel_alarm+0x1c>
10001976:	f3bf 8f5f 	dmb	sy
1000197a:	885a      	ldrh	r2, [r3, #2]
1000197c:	0409      	lsls	r1, r1, #16
1000197e:	b294      	uxth	r4, r2
10001980:	0c09      	lsrs	r1, r1, #16
10001982:	428a      	cmp	r2, r1
10001984:	d008      	beq.n	10001998 <alarm_pool_cancel_alarm+0x44>
10001986:	6903      	ldr	r3, [r0, #16]
10001988:	f3bf 8f5f 	dmb	sy
1000198c:	2200      	movs	r2, #0
1000198e:	601a      	str	r2, [r3, #0]
10001990:	f38c 8810 	msr	PRIMASK, ip
10001994:	2000      	movs	r0, #0
10001996:	bd10      	pop	{r4, pc}
10001998:	2280      	movs	r2, #128	@ 0x80
1000199a:	0212      	lsls	r2, r2, #8
1000199c:	4314      	orrs	r4, r2
1000199e:	805c      	strh	r4, [r3, #2]
100019a0:	2301      	movs	r3, #1
100019a2:	6902      	ldr	r2, [r0, #16]
100019a4:	7183      	strb	r3, [r0, #6]
100019a6:	f3bf 8f5f 	dmb	sy
100019aa:	2100      	movs	r1, #0
100019ac:	6011      	str	r1, [r2, #0]
100019ae:	f38c 8810 	msr	PRIMASK, ip
100019b2:	4904      	ldr	r1, [pc, #16]	@ (100019c4 <alarm_pool_cancel_alarm+0x70>)
100019b4:	7802      	ldrb	r2, [r0, #0]
100019b6:	468c      	mov	ip, r1
100019b8:	4093      	lsls	r3, r2
100019ba:	68c2      	ldr	r2, [r0, #12]
100019bc:	2001      	movs	r0, #1
100019be:	4462      	add	r2, ip
100019c0:	6013      	str	r3, [r2, #0]
100019c2:	e7e8      	b.n	10001996 <alarm_pool_cancel_alarm+0x42>
100019c4:	0000203c 	.word	0x0000203c

100019c8 <sleep_us>:
100019c8:	b5f0      	push	{r4, r5, r6, r7, lr}
100019ca:	46c6      	mov	lr, r8
100019cc:	b500      	push	{lr}
100019ce:	b082      	sub	sp, #8
100019d0:	0004      	movs	r4, r0
100019d2:	000d      	movs	r5, r1
100019d4:	f000 f91e 	bl	10001c14 <time_us_64>
100019d8:	1824      	adds	r4, r4, r0
100019da:	414d      	adcs	r5, r1
100019dc:	2d00      	cmp	r5, #0
100019de:	da02      	bge.n	100019e6 <sleep_us+0x1e>
100019e0:	2401      	movs	r4, #1
100019e2:	4d2f      	ldr	r5, [pc, #188]	@ (10001aa0 <sleep_us+0xd8>)
100019e4:	4264      	negs	r4, r4
100019e6:	2606      	movs	r6, #6
100019e8:	4276      	negs	r6, r6
100019ea:	17f7      	asrs	r7, r6, #31
100019ec:	1936      	adds	r6, r6, r4
100019ee:	416f      	adcs	r7, r5
100019f0:	42af      	cmp	r7, r5
100019f2:	d814      	bhi.n	10001a1e <sleep_us+0x56>
100019f4:	d011      	beq.n	10001a1a <sleep_us+0x52>
100019f6:	f000 f90d 	bl	10001c14 <time_us_64>
100019fa:	0032      	movs	r2, r6
100019fc:	003b      	movs	r3, r7
100019fe:	1a12      	subs	r2, r2, r0
10001a00:	418b      	sbcs	r3, r1
10001a02:	2b00      	cmp	r3, #0
10001a04:	dc15      	bgt.n	10001a32 <sleep_us+0x6a>
10001a06:	2b00      	cmp	r3, #0
10001a08:	d046      	beq.n	10001a98 <sleep_us+0xd0>
10001a0a:	0020      	movs	r0, r4
10001a0c:	0029      	movs	r1, r5
10001a0e:	f000 f90b 	bl	10001c28 <busy_wait_until>
10001a12:	b002      	add	sp, #8
10001a14:	bc80      	pop	{r7}
10001a16:	46b8      	mov	r8, r7
10001a18:	bdf0      	pop	{r4, r5, r6, r7, pc}
10001a1a:	42a6      	cmp	r6, r4
10001a1c:	d9eb      	bls.n	100019f6 <sleep_us+0x2e>
10001a1e:	2600      	movs	r6, #0
10001a20:	2700      	movs	r7, #0
10001a22:	f000 f8f7 	bl	10001c14 <time_us_64>
10001a26:	0032      	movs	r2, r6
10001a28:	003b      	movs	r3, r7
10001a2a:	1a12      	subs	r2, r2, r0
10001a2c:	418b      	sbcs	r3, r1
10001a2e:	2b00      	cmp	r3, #0
10001a30:	dde9      	ble.n	10001a06 <sleep_us+0x3e>
10001a32:	f000 f8ef 	bl	10001c14 <time_us_64>
10001a36:	0032      	movs	r2, r6
10001a38:	003b      	movs	r3, r7
10001a3a:	1a12      	subs	r2, r2, r0
10001a3c:	418b      	sbcs	r3, r1
10001a3e:	2b00      	cmp	r3, #0
10001a40:	db0a      	blt.n	10001a58 <sleep_us+0x90>
10001a42:	2300      	movs	r3, #0
10001a44:	9301      	str	r3, [sp, #4]
10001a46:	4b17      	ldr	r3, [pc, #92]	@ (10001aa4 <sleep_us+0xdc>)
10001a48:	0032      	movs	r2, r6
10001a4a:	9300      	str	r3, [sp, #0]
10001a4c:	4816      	ldr	r0, [pc, #88]	@ (10001aa8 <sleep_us+0xe0>)
10001a4e:	003b      	movs	r3, r7
10001a50:	f7ff ff28 	bl	100018a4 <alarm_pool_add_alarm_at_force_in_context>
10001a54:	3001      	adds	r0, #1
10001a56:	d0d8      	beq.n	10001a0a <sleep_us+0x42>
10001a58:	2300      	movs	r3, #0
10001a5a:	0039      	movs	r1, r7
10001a5c:	46b0      	mov	r8, r6
10001a5e:	469c      	mov	ip, r3
10001a60:	4a12      	ldr	r2, [pc, #72]	@ (10001aac <sleep_us+0xe4>)
10001a62:	4813      	ldr	r0, [pc, #76]	@ (10001ab0 <sleep_us+0xe8>)
10001a64:	6a53      	ldr	r3, [r2, #36]	@ 0x24
10001a66:	4299      	cmp	r1, r3
10001a68:	d804      	bhi.n	10001a74 <sleep_us+0xac>
10001a6a:	6a96      	ldr	r6, [r2, #40]	@ 0x28
10001a6c:	4546      	cmp	r6, r8
10001a6e:	d2cc      	bcs.n	10001a0a <sleep_us+0x42>
10001a70:	4299      	cmp	r1, r3
10001a72:	d1ca      	bne.n	10001a0a <sleep_us+0x42>
10001a74:	6806      	ldr	r6, [r0, #0]
10001a76:	f3ef 8710 	mrs	r7, PRIMASK
10001a7a:	b672      	cpsid	i
10001a7c:	6833      	ldr	r3, [r6, #0]
10001a7e:	2b00      	cmp	r3, #0
10001a80:	d0fc      	beq.n	10001a7c <sleep_us+0xb4>
10001a82:	f3bf 8f5f 	dmb	sy
10001a86:	6803      	ldr	r3, [r0, #0]
10001a88:	f3bf 8f5f 	dmb	sy
10001a8c:	4666      	mov	r6, ip
10001a8e:	601e      	str	r6, [r3, #0]
10001a90:	f387 8810 	msr	PRIMASK, r7
10001a94:	bf20      	wfe
10001a96:	e7e5      	b.n	10001a64 <sleep_us+0x9c>
10001a98:	2a00      	cmp	r2, #0
10001a9a:	d0b6      	beq.n	10001a0a <sleep_us+0x42>
10001a9c:	e7c9      	b.n	10001a32 <sleep_us+0x6a>
10001a9e:	46c0      	nop			@ (mov r8, r8)
10001aa0:	7fffffff 	.word	0x7fffffff
10001aa4:	10001499 	.word	0x10001499
10001aa8:	20001aa4 	.word	0x20001aa4
10001aac:	40054000 	.word	0x40054000
10001ab0:	200022cc 	.word	0x200022cc

10001ab4 <best_effort_wfe_or_timeout>:
10001ab4:	b5f0      	push	{r4, r5, r6, r7, lr}
10001ab6:	4657      	mov	r7, sl
10001ab8:	464e      	mov	r6, r9
10001aba:	46de      	mov	lr, fp
10001abc:	4645      	mov	r5, r8
10001abe:	b5e0      	push	{r5, r6, r7, lr}
10001ac0:	0006      	movs	r6, r0
10001ac2:	000f      	movs	r7, r1
10001ac4:	b085      	sub	sp, #20
10001ac6:	f3ef 8305 	mrs	r3, IPSR
10001aca:	4699      	mov	r9, r3
10001acc:	468b      	mov	fp, r1
10001ace:	2b00      	cmp	r3, #0
10001ad0:	d012      	beq.n	10001af8 <best_effort_wfe_or_timeout+0x44>
10001ad2:	4938      	ldr	r1, [pc, #224]	@ (10001bb4 <best_effort_wfe_or_timeout+0x100>)
10001ad4:	2000      	movs	r0, #0
10001ad6:	6a4b      	ldr	r3, [r1, #36]	@ 0x24
10001ad8:	42bb      	cmp	r3, r7
10001ada:	d306      	bcc.n	10001aea <best_effort_wfe_or_timeout+0x36>
10001adc:	6a8a      	ldr	r2, [r1, #40]	@ 0x28
10001ade:	1bdb      	subs	r3, r3, r7
10001ae0:	1e59      	subs	r1, r3, #1
10001ae2:	418b      	sbcs	r3, r1
10001ae4:	42b2      	cmp	r2, r6
10001ae6:	4140      	adcs	r0, r0
10001ae8:	4318      	orrs	r0, r3
10001aea:	b005      	add	sp, #20
10001aec:	bcf0      	pop	{r4, r5, r6, r7}
10001aee:	46bb      	mov	fp, r7
10001af0:	46b2      	mov	sl, r6
10001af2:	46a9      	mov	r9, r5
10001af4:	46a0      	mov	r8, r4
10001af6:	bdf0      	pop	{r4, r5, r6, r7, pc}
10001af8:	4b2f      	ldr	r3, [pc, #188]	@ (10001bb8 <best_effort_wfe_or_timeout+0x104>)
10001afa:	469a      	mov	sl, r3
10001afc:	68db      	ldr	r3, [r3, #12]
10001afe:	4698      	mov	r8, r3
10001b00:	4653      	mov	r3, sl
10001b02:	781b      	ldrb	r3, [r3, #0]
10001b04:	4640      	mov	r0, r8
10001b06:	9303      	str	r3, [sp, #12]
10001b08:	f000 f87c 	bl	10001c04 <timer_time_us_64>
10001b0c:	4642      	mov	r2, r8
10001b0e:	9b03      	ldr	r3, [sp, #12]
10001b10:	0004      	movs	r4, r0
10001b12:	3304      	adds	r3, #4
10001b14:	009b      	lsls	r3, r3, #2
10001b16:	589b      	ldr	r3, [r3, r2]
10001b18:	000d      	movs	r5, r1
10001b1a:	1a1b      	subs	r3, r3, r0
10001b1c:	0039      	movs	r1, r7
10001b1e:	0030      	movs	r0, r6
10001b20:	1b00      	subs	r0, r0, r4
10001b22:	41a9      	sbcs	r1, r5
10001b24:	4589      	cmp	r9, r1
10001b26:	dc10      	bgt.n	10001b4a <best_effort_wfe_or_timeout+0x96>
10001b28:	d00d      	beq.n	10001b46 <best_effort_wfe_or_timeout+0x92>
10001b2a:	bf20      	wfe
10001b2c:	4a21      	ldr	r2, [pc, #132]	@ (10001bb4 <best_effort_wfe_or_timeout+0x100>)
10001b2e:	2000      	movs	r0, #0
10001b30:	6a53      	ldr	r3, [r2, #36]	@ 0x24
10001b32:	455b      	cmp	r3, fp
10001b34:	d3d9      	bcc.n	10001aea <best_effort_wfe_or_timeout+0x36>
10001b36:	6a92      	ldr	r2, [r2, #40]	@ 0x28
10001b38:	1bdb      	subs	r3, r3, r7
10001b3a:	1e59      	subs	r1, r3, #1
10001b3c:	418b      	sbcs	r3, r1
10001b3e:	42b2      	cmp	r2, r6
10001b40:	4140      	adcs	r0, r0
10001b42:	4318      	orrs	r0, r3
10001b44:	e7d1      	b.n	10001aea <best_effort_wfe_or_timeout+0x36>
10001b46:	4283      	cmp	r3, r0
10001b48:	d9ef      	bls.n	10001b2a <best_effort_wfe_or_timeout+0x76>
10001b4a:	f000 f863 	bl	10001c14 <time_us_64>
10001b4e:	0032      	movs	r2, r6
10001b50:	003b      	movs	r3, r7
10001b52:	1a12      	subs	r2, r2, r0
10001b54:	418b      	sbcs	r3, r1
10001b56:	2b00      	cmp	r3, #0
10001b58:	db1a      	blt.n	10001b90 <best_effort_wfe_or_timeout+0xdc>
10001b5a:	2300      	movs	r3, #0
10001b5c:	9301      	str	r3, [sp, #4]
10001b5e:	4b17      	ldr	r3, [pc, #92]	@ (10001bbc <best_effort_wfe_or_timeout+0x108>)
10001b60:	0032      	movs	r2, r6
10001b62:	9300      	str	r3, [sp, #0]
10001b64:	4650      	mov	r0, sl
10001b66:	003b      	movs	r3, r7
10001b68:	f7ff fe9c 	bl	100018a4 <alarm_pool_add_alarm_at_force_in_context>
10001b6c:	1e01      	subs	r1, r0, #0
10001b6e:	dd0f      	ble.n	10001b90 <best_effort_wfe_or_timeout+0xdc>
10001b70:	4b10      	ldr	r3, [pc, #64]	@ (10001bb4 <best_effort_wfe_or_timeout+0x100>)
10001b72:	6a5a      	ldr	r2, [r3, #36]	@ 0x24
10001b74:	455a      	cmp	r2, fp
10001b76:	d31b      	bcc.n	10001bb0 <best_effort_wfe_or_timeout+0xfc>
10001b78:	6a9b      	ldr	r3, [r3, #40]	@ 0x28
10001b7a:	42b3      	cmp	r3, r6
10001b7c:	d316      	bcc.n	10001bac <best_effort_wfe_or_timeout+0xf8>
10001b7e:	4650      	mov	r0, sl
10001b80:	f7ff fee8 	bl	10001954 <alarm_pool_cancel_alarm>
10001b84:	4a0b      	ldr	r2, [pc, #44]	@ (10001bb4 <best_effort_wfe_or_timeout+0x100>)
10001b86:	2000      	movs	r0, #0
10001b88:	6a53      	ldr	r3, [r2, #36]	@ 0x24
10001b8a:	455b      	cmp	r3, fp
10001b8c:	d3ad      	bcc.n	10001aea <best_effort_wfe_or_timeout+0x36>
10001b8e:	e7d2      	b.n	10001b36 <best_effort_wfe_or_timeout+0x82>
10001b90:	4a08      	ldr	r2, [pc, #32]	@ (10001bb4 <best_effort_wfe_or_timeout+0x100>)
10001b92:	2000      	movs	r0, #0
10001b94:	6a53      	ldr	r3, [r2, #36]	@ 0x24
10001b96:	455b      	cmp	r3, fp
10001b98:	d3a7      	bcc.n	10001aea <best_effort_wfe_or_timeout+0x36>
10001b9a:	2000      	movs	r0, #0
10001b9c:	6a92      	ldr	r2, [r2, #40]	@ 0x28
10001b9e:	1bdb      	subs	r3, r3, r7
10001ba0:	42b2      	cmp	r2, r6
10001ba2:	4140      	adcs	r0, r0
10001ba4:	1e5a      	subs	r2, r3, #1
10001ba6:	4193      	sbcs	r3, r2
10001ba8:	4318      	orrs	r0, r3
10001baa:	e79e      	b.n	10001aea <best_effort_wfe_or_timeout+0x36>
10001bac:	455a      	cmp	r2, fp
10001bae:	d1e6      	bne.n	10001b7e <best_effort_wfe_or_timeout+0xca>
10001bb0:	bf20      	wfe
10001bb2:	e7e4      	b.n	10001b7e <best_effort_wfe_or_timeout+0xca>
10001bb4:	40054000 	.word	0x40054000
10001bb8:	20001aa4 	.word	0x20001aa4
10001bbc:	10001499 	.word	0x10001499

10001bc0 <check_single_timeout_us>:
10001bc0:	4907      	ldr	r1, [pc, #28]	@ (10001be0 <check_single_timeout_us+0x20>)
10001bc2:	6843      	ldr	r3, [r0, #4]
10001bc4:	6a4a      	ldr	r2, [r1, #36]	@ 0x24
10001bc6:	b510      	push	{r4, lr}
10001bc8:	6804      	ldr	r4, [r0, #0]
10001bca:	2000      	movs	r0, #0
10001bcc:	4293      	cmp	r3, r2
10001bce:	d806      	bhi.n	10001bde <check_single_timeout_us+0x1e>
10001bd0:	6a89      	ldr	r1, [r1, #40]	@ 0x28
10001bd2:	1a9b      	subs	r3, r3, r2
10001bd4:	1e5a      	subs	r2, r3, #1
10001bd6:	4193      	sbcs	r3, r2
10001bd8:	42a1      	cmp	r1, r4
10001bda:	4140      	adcs	r0, r0
10001bdc:	4318      	orrs	r0, r3
10001bde:	bd10      	pop	{r4, pc}
10001be0:	40054000 	.word	0x40054000

10001be4 <init_single_timeout_until>:
10001be4:	6002      	str	r2, [r0, #0]
10001be6:	6043      	str	r3, [r0, #4]
10001be8:	4800      	ldr	r0, [pc, #0]	@ (10001bec <init_single_timeout_until+0x8>)
10001bea:	4770      	bx	lr
10001bec:	10001bc1 	.word	0x10001bc1

10001bf0 <timer_hardware_alarm_claim>:
10001bf0:	b510      	push	{r4, lr}
10001bf2:	4a02      	ldr	r2, [pc, #8]	@ (10001bfc <timer_hardware_alarm_claim+0xc>)
10001bf4:	4802      	ldr	r0, [pc, #8]	@ (10001c00 <timer_hardware_alarm_claim+0x10>)
10001bf6:	f7ff fb9d 	bl	10001334 <hw_claim_or_assert>
10001bfa:	bd10      	pop	{r4, pc}
10001bfc:	10003ca0 	.word	0x10003ca0
10001c00:	20002260 	.word	0x20002260

10001c04 <timer_time_us_64>:
10001c04:	0003      	movs	r3, r0
10001c06:	6a41      	ldr	r1, [r0, #36]	@ 0x24
10001c08:	000a      	movs	r2, r1
10001c0a:	6a98      	ldr	r0, [r3, #40]	@ 0x28
10001c0c:	6a59      	ldr	r1, [r3, #36]	@ 0x24
10001c0e:	428a      	cmp	r2, r1
10001c10:	d1fa      	bne.n	10001c08 <timer_time_us_64+0x4>
10001c12:	4770      	bx	lr

10001c14 <time_us_64>:
10001c14:	4b03      	ldr	r3, [pc, #12]	@ (10001c24 <time_us_64+0x10>)
10001c16:	6a59      	ldr	r1, [r3, #36]	@ 0x24
10001c18:	000a      	movs	r2, r1
10001c1a:	6a98      	ldr	r0, [r3, #40]	@ 0x28
10001c1c:	6a59      	ldr	r1, [r3, #36]	@ 0x24
10001c1e:	4291      	cmp	r1, r2
10001c20:	d1fa      	bne.n	10001c18 <time_us_64+0x4>
10001c22:	4770      	bx	lr
10001c24:	40054000 	.word	0x40054000

10001c28 <busy_wait_until>:
10001c28:	4a06      	ldr	r2, [pc, #24]	@ (10001c44 <busy_wait_until+0x1c>)
10001c2a:	6a53      	ldr	r3, [r2, #36]	@ 0x24
10001c2c:	4299      	cmp	r1, r3
10001c2e:	d8fc      	bhi.n	10001c2a <busy_wait_until+0x2>
10001c30:	d107      	bne.n	10001c42 <busy_wait_until+0x1a>
10001c32:	4b04      	ldr	r3, [pc, #16]	@ (10001c44 <busy_wait_until+0x1c>)
10001c34:	e002      	b.n	10001c3c <busy_wait_until+0x14>
10001c36:	6a5a      	ldr	r2, [r3, #36]	@ 0x24
10001c38:	4291      	cmp	r1, r2
10001c3a:	d102      	bne.n	10001c42 <busy_wait_until+0x1a>
10001c3c:	6a9a      	ldr	r2, [r3, #40]	@ 0x28
10001c3e:	4290      	cmp	r0, r2
10001c40:	d8f9      	bhi.n	10001c36 <busy_wait_until+0xe>
10001c42:	4770      	bx	lr
10001c44:	40054000 	.word	0x40054000

10001c48 <runtime_init_per_core_irq_priorities>:
10001c48:	4b05      	ldr	r3, [pc, #20]	@ (10001c60 <runtime_init_per_core_irq_priorities+0x18>)
10001c4a:	4a06      	ldr	r2, [pc, #24]	@ (10001c64 <runtime_init_per_core_irq_priorities+0x1c>)
10001c4c:	6013      	str	r3, [r2, #0]
10001c4e:	4a06      	ldr	r2, [pc, #24]	@ (10001c68 <runtime_init_per_core_irq_priorities+0x20>)
10001c50:	6013      	str	r3, [r2, #0]
10001c52:	6053      	str	r3, [r2, #4]
10001c54:	6093      	str	r3, [r2, #8]
10001c56:	60d3      	str	r3, [r2, #12]
10001c58:	6113      	str	r3, [r2, #16]
10001c5a:	6153      	str	r3, [r2, #20]
10001c5c:	6193      	str	r3, [r2, #24]
10001c5e:	4770      	bx	lr
10001c60:	80808080 	.word	0x80808080
10001c64:	e000e400 	.word	0xe000e400
10001c68:	e000e404 	.word	0xe000e404

10001c6c <irq_set_enabled>:
10001c6c:	231f      	movs	r3, #31
10001c6e:	4018      	ands	r0, r3
10001c70:	3b1e      	subs	r3, #30
10001c72:	4083      	lsls	r3, r0
10001c74:	2900      	cmp	r1, #0
10001c76:	d005      	beq.n	10001c84 <irq_set_enabled+0x18>
10001c78:	21c0      	movs	r1, #192	@ 0xc0
10001c7a:	4a04      	ldr	r2, [pc, #16]	@ (10001c8c <irq_set_enabled+0x20>)
10001c7c:	0049      	lsls	r1, r1, #1
10001c7e:	5053      	str	r3, [r2, r1]
10001c80:	6013      	str	r3, [r2, #0]
10001c82:	4770      	bx	lr
10001c84:	2280      	movs	r2, #128	@ 0x80
10001c86:	4901      	ldr	r1, [pc, #4]	@ (10001c8c <irq_set_enabled+0x20>)
10001c88:	508b      	str	r3, [r1, r2]
10001c8a:	e7fa      	b.n	10001c82 <irq_set_enabled+0x16>
10001c8c:	e000e100 	.word	0xe000e100

10001c90 <irq_set_exclusive_handler>:
10001c90:	b570      	push	{r4, r5, r6, lr}
10001c92:	000d      	movs	r5, r1
10001c94:	f3ef 8610 	mrs	r6, PRIMASK
10001c98:	b672      	cpsid	i
10001c9a:	4a0f      	ldr	r2, [pc, #60]	@ (10001cd8 <irq_set_exclusive_handler+0x48>)
10001c9c:	6813      	ldr	r3, [r2, #0]
10001c9e:	2b00      	cmp	r3, #0
10001ca0:	d0fc      	beq.n	10001c9c <irq_set_exclusive_handler+0xc>
10001ca2:	f3bf 8f5f 	dmb	sy
10001ca6:	4b0d      	ldr	r3, [pc, #52]	@ (10001cdc <irq_set_exclusive_handler+0x4c>)
10001ca8:	3010      	adds	r0, #16
10001caa:	689b      	ldr	r3, [r3, #8]
10001cac:	0084      	lsls	r4, r0, #2
10001cae:	591b      	ldr	r3, [r3, r4]
10001cb0:	4a0b      	ldr	r2, [pc, #44]	@ (10001ce0 <irq_set_exclusive_handler+0x50>)
10001cb2:	4293      	cmp	r3, r2
10001cb4:	d003      	beq.n	10001cbe <irq_set_exclusive_handler+0x2e>
10001cb6:	429d      	cmp	r5, r3
10001cb8:	d001      	beq.n	10001cbe <irq_set_exclusive_handler+0x2e>
10001cba:	f000 fd73 	bl	100027a4 <hard_assertion_failure>
10001cbe:	4b07      	ldr	r3, [pc, #28]	@ (10001cdc <irq_set_exclusive_handler+0x4c>)
10001cc0:	689b      	ldr	r3, [r3, #8]
10001cc2:	511d      	str	r5, [r3, r4]
10001cc4:	f3bf 8f5f 	dmb	sy
10001cc8:	f3bf 8f5f 	dmb	sy
10001ccc:	2200      	movs	r2, #0
10001cce:	4b02      	ldr	r3, [pc, #8]	@ (10001cd8 <irq_set_exclusive_handler+0x48>)
10001cd0:	601a      	str	r2, [r3, #0]
10001cd2:	f386 8810 	msr	PRIMASK, r6
10001cd6:	bd70      	pop	{r4, r5, r6, pc}
10001cd8:	d0000124 	.word	0xd0000124
10001cdc:	e000ed00 	.word	0xe000ed00
10001ce0:	100001c1 	.word	0x100001c1

10001ce4 <irq_remove_handler>:
10001ce4:	b5f0      	push	{r4, r5, r6, r7, lr}
10001ce6:	46de      	mov	lr, fp
10001ce8:	4657      	mov	r7, sl
10001cea:	464e      	mov	r6, r9
10001cec:	4645      	mov	r5, r8
10001cee:	b5e0      	push	{r5, r6, r7, lr}
10001cf0:	000c      	movs	r4, r1
10001cf2:	b083      	sub	sp, #12
10001cf4:	f3ef 8810 	mrs	r8, PRIMASK
10001cf8:	b672      	cpsid	i
10001cfa:	4a63      	ldr	r2, [pc, #396]	@ (10001e88 <irq_remove_handler+0x1a4>)
10001cfc:	6813      	ldr	r3, [r2, #0]
10001cfe:	2b00      	cmp	r3, #0
10001d00:	d0fc      	beq.n	10001cfc <irq_remove_handler+0x18>
10001d02:	f3bf 8f5f 	dmb	sy
10001d06:	4b61      	ldr	r3, [pc, #388]	@ (10001e8c <irq_remove_handler+0x1a8>)
10001d08:	4961      	ldr	r1, [pc, #388]	@ (10001e90 <irq_remove_handler+0x1ac>)
10001d0a:	689a      	ldr	r2, [r3, #8]
10001d0c:	0003      	movs	r3, r0
10001d0e:	3310      	adds	r3, #16
10001d10:	009f      	lsls	r7, r3, #2
10001d12:	59d5      	ldr	r5, [r2, r7]
10001d14:	9301      	str	r3, [sp, #4]
10001d16:	428d      	cmp	r5, r1
10001d18:	d043      	beq.n	10001da2 <irq_remove_handler+0xbe>
10001d1a:	42a5      	cmp	r5, r4
10001d1c:	d054      	beq.n	10001dc8 <irq_remove_handler+0xe4>
10001d1e:	4e5d      	ldr	r6, [pc, #372]	@ (10001e94 <irq_remove_handler+0x1b0>)
10001d20:	1baa      	subs	r2, r5, r6
10001d22:	2a2f      	cmp	r2, #47	@ 0x2f
10001d24:	d83d      	bhi.n	10001da2 <irq_remove_handler+0xbe>
10001d26:	4b5c      	ldr	r3, [pc, #368]	@ (10001e98 <irq_remove_handler+0x1b4>)
10001d28:	469b      	mov	fp, r3
10001d2a:	681b      	ldr	r3, [r3, #0]
10001d2c:	4699      	mov	r9, r3
10001d2e:	2301      	movs	r3, #1
10001d30:	001a      	movs	r2, r3
10001d32:	469c      	mov	ip, r3
10001d34:	4082      	lsls	r2, r0
10001d36:	464b      	mov	r3, r9
10001d38:	4013      	ands	r3, r2
10001d3a:	221f      	movs	r2, #31
10001d3c:	4699      	mov	r9, r3
10001d3e:	4663      	mov	r3, ip
10001d40:	4002      	ands	r2, r0
10001d42:	4093      	lsls	r3, r2
10001d44:	469a      	mov	sl, r3
10001d46:	2280      	movs	r2, #128	@ 0x80
10001d48:	465b      	mov	r3, fp
10001d4a:	4650      	mov	r0, sl
10001d4c:	5098      	str	r0, [r3, r2]
10001d4e:	f3bf 8f5f 	dmb	sy
10001d52:	f3ef 8305 	mrs	r3, IPSR
10001d56:	469b      	mov	fp, r3
10001d58:	2b00      	cmp	r3, #0
10001d5a:	d037      	beq.n	10001dcc <irq_remove_handler+0xe8>
10001d5c:	9b01      	ldr	r3, [sp, #4]
10001d5e:	455b      	cmp	r3, fp
10001d60:	d001      	beq.n	10001d66 <irq_remove_handler+0x82>
10001d62:	f000 fd1f 	bl	100027a4 <hard_assertion_failure>
10001d66:	2301      	movs	r3, #1
10001d68:	002a      	movs	r2, r5
10001d6a:	439a      	bics	r2, r3
10001d6c:	6890      	ldr	r0, [r2, #8]
10001d6e:	4284      	cmp	r4, r0
10001d70:	d108      	bne.n	10001d84 <irq_remove_handler+0xa0>
10001d72:	e076      	b.n	10001e62 <irq_remove_handler+0x17e>
10001d74:	004b      	lsls	r3, r1, #1
10001d76:	185b      	adds	r3, r3, r1
10001d78:	009b      	lsls	r3, r3, #2
10001d7a:	18f3      	adds	r3, r6, r3
10001d7c:	6898      	ldr	r0, [r3, #8]
10001d7e:	4284      	cmp	r4, r0
10001d80:	d036      	beq.n	10001df0 <irq_remove_handler+0x10c>
10001d82:	001a      	movs	r2, r3
10001d84:	2106      	movs	r1, #6
10001d86:	5651      	ldrsb	r1, [r2, r1]
10001d88:	2900      	cmp	r1, #0
10001d8a:	daf3      	bge.n	10001d74 <irq_remove_handler+0x90>
10001d8c:	4284      	cmp	r4, r0
10001d8e:	d054      	beq.n	10001e3a <irq_remove_handler+0x156>
10001d90:	464b      	mov	r3, r9
10001d92:	2b00      	cmp	r3, #0
10001d94:	d027      	beq.n	10001de6 <irq_remove_handler+0x102>
10001d96:	22c0      	movs	r2, #192	@ 0xc0
10001d98:	4651      	mov	r1, sl
10001d9a:	4b3f      	ldr	r3, [pc, #252]	@ (10001e98 <irq_remove_handler+0x1b4>)
10001d9c:	0052      	lsls	r2, r2, #1
10001d9e:	5099      	str	r1, [r3, r2]
10001da0:	6019      	str	r1, [r3, #0]
10001da2:	4b3a      	ldr	r3, [pc, #232]	@ (10001e8c <irq_remove_handler+0x1a8>)
10001da4:	689b      	ldr	r3, [r3, #8]
10001da6:	51dd      	str	r5, [r3, r7]
10001da8:	f3bf 8f5f 	dmb	sy
10001dac:	f3bf 8f5f 	dmb	sy
10001db0:	2200      	movs	r2, #0
10001db2:	4b35      	ldr	r3, [pc, #212]	@ (10001e88 <irq_remove_handler+0x1a4>)
10001db4:	601a      	str	r2, [r3, #0]
10001db6:	f388 8810 	msr	PRIMASK, r8
10001dba:	b003      	add	sp, #12
10001dbc:	bcf0      	pop	{r4, r5, r6, r7}
10001dbe:	46bb      	mov	fp, r7
10001dc0:	46b2      	mov	sl, r6
10001dc2:	46a9      	mov	r9, r5
10001dc4:	46a0      	mov	r8, r4
10001dc6:	bdf0      	pop	{r4, r5, r6, r7, pc}
10001dc8:	000d      	movs	r5, r1
10001dca:	e7ea      	b.n	10001da2 <irq_remove_handler+0xbe>
10001dcc:	002a      	movs	r2, r5
10001dce:	4663      	mov	r3, ip
10001dd0:	439a      	bics	r2, r3
10001dd2:	6890      	ldr	r0, [r2, #8]
10001dd4:	4284      	cmp	r4, r0
10001dd6:	d1d5      	bne.n	10001d84 <irq_remove_handler+0xa0>
10001dd8:	2006      	movs	r0, #6
10001dda:	5610      	ldrsb	r0, [r2, r0]
10001ddc:	0013      	movs	r3, r2
10001dde:	2800      	cmp	r0, #0
10001de0:	da0a      	bge.n	10001df8 <irq_remove_handler+0x114>
10001de2:	000d      	movs	r5, r1
10001de4:	e031      	b.n	10001e4a <irq_remove_handler+0x166>
10001de6:	2380      	movs	r3, #128	@ 0x80
10001de8:	4651      	mov	r1, sl
10001dea:	4a2b      	ldr	r2, [pc, #172]	@ (10001e98 <irq_remove_handler+0x1b4>)
10001dec:	50d1      	str	r1, [r2, r3]
10001dee:	e7d8      	b.n	10001da2 <irq_remove_handler+0xbe>
10001df0:	2006      	movs	r0, #6
10001df2:	5618      	ldrsb	r0, [r3, r0]
10001df4:	2800      	cmp	r0, #0
10001df6:	db21      	blt.n	10001e3c <irq_remove_handler+0x158>
10001df8:	0042      	lsls	r2, r0, #1
10001dfa:	1811      	adds	r1, r2, r0
10001dfc:	0089      	lsls	r1, r1, #2
10001dfe:	1874      	adds	r4, r6, r1
10001e00:	468b      	mov	fp, r1
10001e02:	68a1      	ldr	r1, [r4, #8]
10001e04:	6099      	str	r1, [r3, #8]
10001e06:	79e1      	ldrb	r1, [r4, #7]
10001e08:	71d9      	strb	r1, [r3, #7]
10001e0a:	2106      	movs	r1, #6
10001e0c:	5661      	ldrsb	r1, [r4, r1]
10001e0e:	7199      	strb	r1, [r3, #6]
10001e10:	2900      	cmp	r1, #0
10001e12:	db24      	blt.n	10001e5e <irq_remove_handler+0x17a>
10001e14:	88a4      	ldrh	r4, [r4, #4]
10001e16:	1af1      	subs	r1, r6, r3
10001e18:	0564      	lsls	r4, r4, #21
10001e1a:	1524      	asrs	r4, r4, #20
10001e1c:	445c      	add	r4, fp
10001e1e:	1909      	adds	r1, r1, r4
10001e20:	0509      	lsls	r1, r1, #20
10001e22:	4c1e      	ldr	r4, [pc, #120]	@ (10001e9c <irq_remove_handler+0x1b8>)
10001e24:	0d49      	lsrs	r1, r1, #21
10001e26:	4321      	orrs	r1, r4
10001e28:	8099      	strh	r1, [r3, #4]
10001e2a:	1813      	adds	r3, r2, r0
10001e2c:	4a1c      	ldr	r2, [pc, #112]	@ (10001ea0 <irq_remove_handler+0x1bc>)
10001e2e:	009b      	lsls	r3, r3, #2
10001e30:	7811      	ldrb	r1, [r2, #0]
10001e32:	18f3      	adds	r3, r6, r3
10001e34:	7199      	strb	r1, [r3, #6]
10001e36:	7010      	strb	r0, [r2, #0]
10001e38:	e7aa      	b.n	10001d90 <irq_remove_handler+0xac>
10001e3a:	0013      	movs	r3, r2
10001e3c:	4659      	mov	r1, fp
10001e3e:	2900      	cmp	r1, #0
10001e40:	d114      	bne.n	10001e6c <irq_remove_handler+0x188>
10001e42:	31ff      	adds	r1, #255	@ 0xff
10001e44:	7191      	strb	r1, [r2, #6]
10001e46:	4917      	ldr	r1, [pc, #92]	@ (10001ea4 <irq_remove_handler+0x1c0>)
10001e48:	8091      	strh	r1, [r2, #4]
10001e4a:	4915      	ldr	r1, [pc, #84]	@ (10001ea0 <irq_remove_handler+0x1bc>)
10001e4c:	780a      	ldrb	r2, [r1, #0]
10001e4e:	719a      	strb	r2, [r3, #6]
10001e50:	4a15      	ldr	r2, [pc, #84]	@ (10001ea8 <irq_remove_handler+0x1c4>)
10001e52:	1b9b      	subs	r3, r3, r6
10001e54:	415b      	adcs	r3, r3
10001e56:	435a      	muls	r2, r3
10001e58:	0d12      	lsrs	r2, r2, #20
10001e5a:	700a      	strb	r2, [r1, #0]
10001e5c:	e798      	b.n	10001d90 <irq_remove_handler+0xac>
10001e5e:	4911      	ldr	r1, [pc, #68]	@ (10001ea4 <irq_remove_handler+0x1c0>)
10001e60:	e7e2      	b.n	10001e28 <irq_remove_handler+0x144>
10001e62:	2006      	movs	r0, #6
10001e64:	5610      	ldrsb	r0, [r2, r0]
10001e66:	0013      	movs	r3, r2
10001e68:	2800      	cmp	r0, #0
10001e6a:	dac5      	bge.n	10001df8 <irq_remove_handler+0x114>
10001e6c:	4a0f      	ldr	r2, [pc, #60]	@ (10001eac <irq_remove_handler+0x1c8>)
10001e6e:	4910      	ldr	r1, [pc, #64]	@ (10001eb0 <irq_remove_handler+0x1cc>)
10001e70:	1ad2      	subs	r2, r2, r3
10001e72:	3a08      	subs	r2, #8
10001e74:	0250      	lsls	r0, r2, #9
10001e76:	0d40      	lsrs	r0, r0, #21
10001e78:	4301      	orrs	r1, r0
10001e7a:	8099      	strh	r1, [r3, #4]
10001e7c:	490d      	ldr	r1, [pc, #52]	@ (10001eb4 <irq_remove_handler+0x1d0>)
10001e7e:	0852      	lsrs	r2, r2, #1
10001e80:	430a      	orrs	r2, r1
10001e82:	80da      	strh	r2, [r3, #6]
10001e84:	e784      	b.n	10001d90 <irq_remove_handler+0xac>
10001e86:	46c0      	nop			@ (mov r8, r8)
10001e88:	d0000124 	.word	0xd0000124
10001e8c:	e000ed00 	.word	0xe000ed00
10001e90:	100001c1 	.word	0x100001c1
10001e94:	20001abc 	.word	0x20001abc
10001e98:	e000e100 	.word	0xe000e100
10001e9c:	ffffe000 	.word	0xffffe000
10001ea0:	200022d3 	.word	0x200022d3
10001ea4:	ffffbd01 	.word	0xffffbd01
10001ea8:	0000aaaa 	.word	0x0000aaaa
10001eac:	20001af6 	.word	0x20001af6
10001eb0:	fffff000 	.word	0xfffff000
10001eb4:	fffff800 	.word	0xfffff800

10001eb8 <irq_set_priority>:
10001eb8:	b510      	push	{r4, lr}
10001eba:	0883      	lsrs	r3, r0, #2
10001ebc:	0004      	movs	r4, r0
10001ebe:	2003      	movs	r0, #3
10001ec0:	4020      	ands	r0, r4
10001ec2:	24ff      	movs	r4, #255	@ 0xff
10001ec4:	4a05      	ldr	r2, [pc, #20]	@ (10001edc <irq_set_priority+0x24>)
10001ec6:	00c0      	lsls	r0, r0, #3
10001ec8:	4694      	mov	ip, r2
10001eca:	4084      	lsls	r4, r0
10001ecc:	4081      	lsls	r1, r0
10001ece:	009b      	lsls	r3, r3, #2
10001ed0:	4463      	add	r3, ip
10001ed2:	681a      	ldr	r2, [r3, #0]
10001ed4:	43a2      	bics	r2, r4
10001ed6:	430a      	orrs	r2, r1
10001ed8:	601a      	str	r2, [r3, #0]
10001eda:	bd10      	pop	{r4, pc}
10001edc:	e000e400 	.word	0xe000e400

10001ee0 <irq_add_tail_to_free_list>:
10001ee0:	b570      	push	{r4, r5, r6, lr}
10001ee2:	2401      	movs	r4, #1
10001ee4:	4304      	orrs	r4, r0
10001ee6:	f3ef 8105 	mrs	r1, IPSR
10001eea:	f3ef 8c10 	mrs	ip, PRIMASK
10001eee:	b672      	cpsid	i
10001ef0:	4a21      	ldr	r2, [pc, #132]	@ (10001f78 <irq_add_tail_to_free_list+0x98>)
10001ef2:	6813      	ldr	r3, [r2, #0]
10001ef4:	2b00      	cmp	r3, #0
10001ef6:	d0fc      	beq.n	10001ef2 <irq_add_tail_to_free_list+0x12>
10001ef8:	f3bf 8f5f 	dmb	sy
10001efc:	4b1f      	ldr	r3, [pc, #124]	@ (10001f7c <irq_add_tail_to_free_list+0x9c>)
10001efe:	0005      	movs	r5, r0
10001f00:	4a1f      	ldr	r2, [pc, #124]	@ (10001f80 <irq_add_tail_to_free_list+0xa0>)
10001f02:	1aed      	subs	r5, r5, r3
10001f04:	416d      	adcs	r5, r5
10001f06:	436a      	muls	r2, r5
10001f08:	0d12      	lsrs	r2, r2, #20
10001f0a:	4d1e      	ldr	r5, [pc, #120]	@ (10001f84 <irq_add_tail_to_free_list+0xa4>)
10001f0c:	0089      	lsls	r1, r1, #2
10001f0e:	68ae      	ldr	r6, [r5, #8]
10001f10:	b252      	sxtb	r2, r2
10001f12:	5876      	ldr	r6, [r6, r1]
10001f14:	42a6      	cmp	r6, r4
10001f16:	d01c      	beq.n	10001f52 <irq_add_tail_to_free_list+0x72>
10001f18:	2106      	movs	r1, #6
10001f1a:	5659      	ldrsb	r1, [r3, r1]
10001f1c:	4291      	cmp	r1, r2
10001f1e:	d01c      	beq.n	10001f5a <irq_add_tail_to_free_list+0x7a>
10001f20:	2112      	movs	r1, #18
10001f22:	5659      	ldrsb	r1, [r3, r1]
10001f24:	4291      	cmp	r1, r2
10001f26:	d022      	beq.n	10001f6e <irq_add_tail_to_free_list+0x8e>
10001f28:	211e      	movs	r1, #30
10001f2a:	5659      	ldrsb	r1, [r3, r1]
10001f2c:	4291      	cmp	r1, r2
10001f2e:	d020      	beq.n	10001f72 <irq_add_tail_to_free_list+0x92>
10001f30:	212a      	movs	r1, #42	@ 0x2a
10001f32:	5659      	ldrsb	r1, [r3, r1]
10001f34:	2403      	movs	r4, #3
10001f36:	4291      	cmp	r1, r2
10001f38:	d010      	beq.n	10001f5c <irq_add_tail_to_free_list+0x7c>
10001f3a:	4b13      	ldr	r3, [pc, #76]	@ (10001f88 <irq_add_tail_to_free_list+0xa8>)
10001f3c:	7819      	ldrb	r1, [r3, #0]
10001f3e:	701a      	strb	r2, [r3, #0]
10001f40:	7181      	strb	r1, [r0, #6]
10001f42:	f3bf 8f5f 	dmb	sy
10001f46:	2200      	movs	r2, #0
10001f48:	4b0b      	ldr	r3, [pc, #44]	@ (10001f78 <irq_add_tail_to_free_list+0x98>)
10001f4a:	601a      	str	r2, [r3, #0]
10001f4c:	f38c 8810 	msr	PRIMASK, ip
10001f50:	bd70      	pop	{r4, r5, r6, pc}
10001f52:	68ab      	ldr	r3, [r5, #8]
10001f54:	4c0d      	ldr	r4, [pc, #52]	@ (10001f8c <irq_add_tail_to_free_list+0xac>)
10001f56:	505c      	str	r4, [r3, r1]
10001f58:	e7ef      	b.n	10001f3a <irq_add_tail_to_free_list+0x5a>
10001f5a:	2400      	movs	r4, #0
10001f5c:	0061      	lsls	r1, r4, #1
10001f5e:	1909      	adds	r1, r1, r4
10001f60:	0089      	lsls	r1, r1, #2
10001f62:	185b      	adds	r3, r3, r1
10001f64:	21ff      	movs	r1, #255	@ 0xff
10001f66:	7199      	strb	r1, [r3, #6]
10001f68:	4909      	ldr	r1, [pc, #36]	@ (10001f90 <irq_add_tail_to_free_list+0xb0>)
10001f6a:	8099      	strh	r1, [r3, #4]
10001f6c:	e7e5      	b.n	10001f3a <irq_add_tail_to_free_list+0x5a>
10001f6e:	2401      	movs	r4, #1
10001f70:	e7f4      	b.n	10001f5c <irq_add_tail_to_free_list+0x7c>
10001f72:	2402      	movs	r4, #2
10001f74:	e7f2      	b.n	10001f5c <irq_add_tail_to_free_list+0x7c>
10001f76:	46c0      	nop			@ (mov r8, r8)
10001f78:	d0000124 	.word	0xd0000124
10001f7c:	20001abc 	.word	0x20001abc
10001f80:	0000aaaa 	.word	0x0000aaaa
10001f84:	e000ed00 	.word	0xe000ed00
10001f88:	200022d3 	.word	0x200022d3
10001f8c:	100001c1 	.word	0x100001c1
10001f90:	ffffbd01 	.word	0xffffbd01

10001f94 <lock_init>:
10001f94:	4b02      	ldr	r3, [pc, #8]	@ (10001fa0 <lock_init+0xc>)
10001f96:	469c      	mov	ip, r3
10001f98:	4461      	add	r1, ip
10001f9a:	0089      	lsls	r1, r1, #2
10001f9c:	6001      	str	r1, [r0, #0]
10001f9e:	4770      	bx	lr
10001fa0:	34000040 	.word	0x34000040

10001fa4 <runtime_init_mutex>:
10001fa4:	b570      	push	{r4, r5, r6, lr}
10001fa6:	4c11      	ldr	r4, [pc, #68]	@ (10001fec <runtime_init_mutex+0x48>)
10001fa8:	4d11      	ldr	r5, [pc, #68]	@ (10001ff0 <runtime_init_mutex+0x4c>)
10001faa:	42ac      	cmp	r4, r5
10001fac:	d20f      	bcs.n	10001fce <runtime_init_mutex+0x2a>
10001fae:	26ff      	movs	r6, #255	@ 0xff
10001fb0:	6823      	ldr	r3, [r4, #0]
10001fb2:	2b00      	cmp	r3, #0
10001fb4:	d00c      	beq.n	10001fd0 <runtime_init_mutex+0x2c>
10001fb6:	f7ff fa23 	bl	10001400 <next_striped_spin_lock_num>
10001fba:	0001      	movs	r1, r0
10001fbc:	0020      	movs	r0, r4
10001fbe:	f7ff ffe9 	bl	10001f94 <lock_init>
10001fc2:	80a6      	strh	r6, [r4, #4]
10001fc4:	f3bf 8f5f 	dmb	sy
10001fc8:	3408      	adds	r4, #8
10001fca:	42ac      	cmp	r4, r5
10001fcc:	d3f0      	bcc.n	10001fb0 <runtime_init_mutex+0xc>
10001fce:	bd70      	pop	{r4, r5, r6, pc}
10001fd0:	f7ff fa16 	bl	10001400 <next_striped_spin_lock_num>
10001fd4:	0001      	movs	r1, r0
10001fd6:	0020      	movs	r0, r4
10001fd8:	f7ff ffdc 	bl	10001f94 <lock_init>
10001fdc:	7126      	strb	r6, [r4, #4]
10001fde:	f3bf 8f5f 	dmb	sy
10001fe2:	3408      	adds	r4, #8
10001fe4:	42ac      	cmp	r4, r5
10001fe6:	d3e3      	bcc.n	10001fb0 <runtime_init_mutex+0xc>
10001fe8:	e7f1      	b.n	10001fce <runtime_init_mutex+0x2a>
10001fea:	46c0      	nop			@ (mov r8, r8)
10001fec:	20001b38 	.word	0x20001b38
10001ff0:	20001b40 	.word	0x20001b40

10001ff4 <gpio_set_function>:
10001ff4:	4a09      	ldr	r2, [pc, #36]	@ (1000201c <gpio_set_function+0x28>)
10001ff6:	0083      	lsls	r3, r0, #2
10001ff8:	189a      	adds	r2, r3, r2
10001ffa:	b510      	push	{r4, lr}
10001ffc:	6814      	ldr	r4, [r2, #0]
10001ffe:	2240      	movs	r2, #64	@ 0x40
10002000:	4054      	eors	r4, r2
10002002:	3280      	adds	r2, #128	@ 0x80
10002004:	4022      	ands	r2, r4
10002006:	4c06      	ldr	r4, [pc, #24]	@ (10002020 <gpio_set_function+0x2c>)
10002008:	00c0      	lsls	r0, r0, #3
1000200a:	46a4      	mov	ip, r4
1000200c:	4463      	add	r3, ip
1000200e:	601a      	str	r2, [r3, #0]
10002010:	4b04      	ldr	r3, [pc, #16]	@ (10002024 <gpio_set_function+0x30>)
10002012:	469c      	mov	ip, r3
10002014:	4460      	add	r0, ip
10002016:	6041      	str	r1, [r0, #4]
10002018:	bd10      	pop	{r4, pc}
1000201a:	46c0      	nop			@ (mov r8, r8)
1000201c:	4001c004 	.word	0x4001c004
10002020:	4001d004 	.word	0x4001d004
10002024:	40014000 	.word	0x40014000

10002028 <gpio_set_pulls>:
10002028:	4b07      	ldr	r3, [pc, #28]	@ (10002048 <gpio_set_pulls+0x20>)
1000202a:	0080      	lsls	r0, r0, #2
1000202c:	18c3      	adds	r3, r0, r3
1000202e:	681b      	ldr	r3, [r3, #0]
10002030:	00c9      	lsls	r1, r1, #3
10002032:	0092      	lsls	r2, r2, #2
10002034:	430a      	orrs	r2, r1
10002036:	405a      	eors	r2, r3
10002038:	230c      	movs	r3, #12
1000203a:	4013      	ands	r3, r2
1000203c:	4a03      	ldr	r2, [pc, #12]	@ (1000204c <gpio_set_pulls+0x24>)
1000203e:	4694      	mov	ip, r2
10002040:	4460      	add	r0, ip
10002042:	6003      	str	r3, [r0, #0]
10002044:	4770      	bx	lr
10002046:	46c0      	nop			@ (mov r8, r8)
10002048:	4001c004 	.word	0x4001c004
1000204c:	4001d004 	.word	0x4001d004

10002050 <gpio_set_input_enabled>:
10002050:	0080      	lsls	r0, r0, #2
10002052:	2900      	cmp	r1, #0
10002054:	d005      	beq.n	10002062 <gpio_set_input_enabled+0x12>
10002056:	4b06      	ldr	r3, [pc, #24]	@ (10002070 <gpio_set_input_enabled+0x20>)
10002058:	469c      	mov	ip, r3
1000205a:	2340      	movs	r3, #64	@ 0x40
1000205c:	4460      	add	r0, ip
1000205e:	6003      	str	r3, [r0, #0]
10002060:	4770      	bx	lr
10002062:	4b04      	ldr	r3, [pc, #16]	@ (10002074 <gpio_set_input_enabled+0x24>)
10002064:	469c      	mov	ip, r3
10002066:	2340      	movs	r3, #64	@ 0x40
10002068:	4460      	add	r0, ip
1000206a:	6003      	str	r3, [r0, #0]
1000206c:	e7f8      	b.n	10002060 <gpio_set_input_enabled+0x10>
1000206e:	46c0      	nop			@ (mov r8, r8)
10002070:	4001e004 	.word	0x4001e004
10002074:	4001f004 	.word	0x4001f004

10002078 <gpio_init>:
10002078:	2301      	movs	r3, #1
1000207a:	22d0      	movs	r2, #208	@ 0xd0
1000207c:	4083      	lsls	r3, r0
1000207e:	0612      	lsls	r2, r2, #24
10002080:	6293      	str	r3, [r2, #40]	@ 0x28
10002082:	6193      	str	r3, [r2, #24]
10002084:	4a09      	ldr	r2, [pc, #36]	@ (100020ac <gpio_init+0x34>)
10002086:	0083      	lsls	r3, r0, #2
10002088:	189a      	adds	r2, r3, r2
1000208a:	6811      	ldr	r1, [r2, #0]
1000208c:	2240      	movs	r2, #64	@ 0x40
1000208e:	4051      	eors	r1, r2
10002090:	3280      	adds	r2, #128	@ 0x80
10002092:	400a      	ands	r2, r1
10002094:	4906      	ldr	r1, [pc, #24]	@ (100020b0 <gpio_init+0x38>)
10002096:	00c0      	lsls	r0, r0, #3
10002098:	468c      	mov	ip, r1
1000209a:	4463      	add	r3, ip
1000209c:	601a      	str	r2, [r3, #0]
1000209e:	4b05      	ldr	r3, [pc, #20]	@ (100020b4 <gpio_init+0x3c>)
100020a0:	469c      	mov	ip, r3
100020a2:	2305      	movs	r3, #5
100020a4:	4460      	add	r0, ip
100020a6:	6043      	str	r3, [r0, #4]
100020a8:	4770      	bx	lr
100020aa:	46c0      	nop			@ (mov r8, r8)
100020ac:	4001c004 	.word	0x4001c004
100020b0:	4001d004 	.word	0x4001d004
100020b4:	40014000 	.word	0x40014000

100020b8 <clock_configure_int_divider>:
100020b8:	b5f8      	push	{r3, r4, r5, r6, r7, lr}
100020ba:	46de      	mov	lr, fp
100020bc:	464e      	mov	r6, r9
100020be:	4657      	mov	r7, sl
100020c0:	4645      	mov	r5, r8
100020c2:	b5e0      	push	{r5, r6, r7, lr}
100020c4:	468b      	mov	fp, r1
100020c6:	0005      	movs	r5, r0
100020c8:	990a      	ldr	r1, [sp, #40]	@ 0x28
100020ca:	0018      	movs	r0, r3
100020cc:	0016      	movs	r6, r2
100020ce:	f000 fcbb 	bl	10002a48 <__wrap___aeabi_uidiv>
100020d2:	9b0a      	ldr	r3, [sp, #40]	@ 0x28
100020d4:	006c      	lsls	r4, r5, #1
100020d6:	021f      	lsls	r7, r3, #8
100020d8:	4b32      	ldr	r3, [pc, #200]	@ (100021a4 <clock_configure_int_divider+0xec>)
100020da:	1964      	adds	r4, r4, r5
100020dc:	469c      	mov	ip, r3
100020de:	00a4      	lsls	r4, r4, #2
100020e0:	4464      	add	r4, ip
100020e2:	6863      	ldr	r3, [r4, #4]
100020e4:	4681      	mov	r9, r0
100020e6:	429f      	cmp	r7, r3
100020e8:	d900      	bls.n	100020ec <clock_configure_int_divider+0x34>
100020ea:	6067      	str	r7, [r4, #4]
100020ec:	1f2b      	subs	r3, r5, #4
100020ee:	b2db      	uxtb	r3, r3
100020f0:	4698      	mov	r8, r3
100020f2:	2b01      	cmp	r3, #1
100020f4:	d930      	bls.n	10002158 <clock_configure_int_divider+0xa0>
100020f6:	23c0      	movs	r3, #192	@ 0xc0
100020f8:	2280      	movs	r2, #128	@ 0x80
100020fa:	019b      	lsls	r3, r3, #6
100020fc:	18e3      	adds	r3, r4, r3
100020fe:	0112      	lsls	r2, r2, #4
10002100:	601a      	str	r2, [r3, #0]
10002102:	4b29      	ldr	r3, [pc, #164]	@ (100021a8 <clock_configure_int_divider+0xf0>)
10002104:	00ad      	lsls	r5, r5, #2
10002106:	5959      	ldr	r1, [r3, r5]
10002108:	469a      	mov	sl, r3
1000210a:	2900      	cmp	r1, #0
1000210c:	d11b      	bne.n	10002146 <clock_configure_int_divider+0x8e>
1000210e:	0173      	lsls	r3, r6, #5
10002110:	26e0      	movs	r6, #224	@ 0xe0
10002112:	6822      	ldr	r2, [r4, #0]
10002114:	4053      	eors	r3, r2
10002116:	401e      	ands	r6, r3
10002118:	2380      	movs	r3, #128	@ 0x80
1000211a:	4642      	mov	r2, r8
1000211c:	015b      	lsls	r3, r3, #5
1000211e:	18e3      	adds	r3, r4, r3
10002120:	601e      	str	r6, [r3, #0]
10002122:	2a01      	cmp	r2, #1
10002124:	d930      	bls.n	10002188 <clock_configure_int_divider+0xd0>
10002126:	2380      	movs	r3, #128	@ 0x80
10002128:	2280      	movs	r2, #128	@ 0x80
1000212a:	019b      	lsls	r3, r3, #6
1000212c:	18e3      	adds	r3, r4, r3
1000212e:	0112      	lsls	r2, r2, #4
10002130:	601a      	str	r2, [r3, #0]
10002132:	4653      	mov	r3, sl
10002134:	464a      	mov	r2, r9
10002136:	6067      	str	r7, [r4, #4]
10002138:	515a      	str	r2, [r3, r5]
1000213a:	bcf0      	pop	{r4, r5, r6, r7}
1000213c:	46bb      	mov	fp, r7
1000213e:	46b2      	mov	sl, r6
10002140:	46a9      	mov	r9, r5
10002142:	46a0      	mov	r8, r4
10002144:	bdf8      	pop	{r3, r4, r5, r6, r7, pc}
10002146:	6958      	ldr	r0, [r3, #20]
10002148:	f000 fc7e 	bl	10002a48 <__wrap___aeabi_uidiv>
1000214c:	3001      	adds	r0, #1
1000214e:	0043      	lsls	r3, r0, #1
10002150:	181b      	adds	r3, r3, r0
10002152:	3b03      	subs	r3, #3
10002154:	d2fd      	bcs.n	10002152 <clock_configure_int_divider+0x9a>
10002156:	e7da      	b.n	1000210e <clock_configure_int_divider+0x56>
10002158:	465b      	mov	r3, fp
1000215a:	2b01      	cmp	r3, #1
1000215c:	d1cb      	bne.n	100020f6 <clock_configure_int_divider+0x3e>
1000215e:	23c0      	movs	r3, #192	@ 0xc0
10002160:	2203      	movs	r2, #3
10002162:	019b      	lsls	r3, r3, #6
10002164:	18e3      	adds	r3, r4, r3
10002166:	601a      	str	r2, [r3, #0]
10002168:	3a02      	subs	r2, #2
1000216a:	68a3      	ldr	r3, [r4, #8]
1000216c:	421a      	tst	r2, r3
1000216e:	d0fc      	beq.n	1000216a <clock_configure_int_divider+0xb2>
10002170:	0173      	lsls	r3, r6, #5
10002172:	26e0      	movs	r6, #224	@ 0xe0
10002174:	6822      	ldr	r2, [r4, #0]
10002176:	00ad      	lsls	r5, r5, #2
10002178:	4053      	eors	r3, r2
1000217a:	401e      	ands	r6, r3
1000217c:	2380      	movs	r3, #128	@ 0x80
1000217e:	4a0a      	ldr	r2, [pc, #40]	@ (100021a8 <clock_configure_int_divider+0xf0>)
10002180:	015b      	lsls	r3, r3, #5
10002182:	4692      	mov	sl, r2
10002184:	18e3      	adds	r3, r4, r3
10002186:	601e      	str	r6, [r3, #0]
10002188:	465a      	mov	r2, fp
1000218a:	6821      	ldr	r1, [r4, #0]
1000218c:	4051      	eors	r1, r2
1000218e:	2203      	movs	r2, #3
10002190:	400a      	ands	r2, r1
10002192:	601a      	str	r2, [r3, #0]
10002194:	2201      	movs	r2, #1
10002196:	465b      	mov	r3, fp
10002198:	409a      	lsls	r2, r3
1000219a:	68a3      	ldr	r3, [r4, #8]
1000219c:	421a      	tst	r2, r3
1000219e:	d0fc      	beq.n	1000219a <clock_configure_int_divider+0xe2>
100021a0:	e7c1      	b.n	10002126 <clock_configure_int_divider+0x6e>
100021a2:	46c0      	nop			@ (mov r8, r8)
100021a4:	40008000 	.word	0x40008000
100021a8:	20002264 	.word	0x20002264

100021ac <clock_configure_undivided>:
100021ac:	b5f0      	push	{r4, r5, r6, r7, lr}
100021ae:	4646      	mov	r6, r8
100021b0:	464f      	mov	r7, r9
100021b2:	46d6      	mov	lr, sl
100021b4:	b5c0      	push	{r6, r7, lr}
100021b6:	001f      	movs	r7, r3
100021b8:	4b34      	ldr	r3, [pc, #208]	@ (1000228c <clock_configure_undivided+0xe0>)
100021ba:	0044      	lsls	r4, r0, #1
100021bc:	469c      	mov	ip, r3
100021be:	1824      	adds	r4, r4, r0
100021c0:	00a4      	lsls	r4, r4, #2
100021c2:	4464      	add	r4, ip
100021c4:	6863      	ldr	r3, [r4, #4]
100021c6:	4688      	mov	r8, r1
100021c8:	0016      	movs	r6, r2
100021ca:	2bff      	cmp	r3, #255	@ 0xff
100021cc:	d802      	bhi.n	100021d4 <clock_configure_undivided+0x28>
100021ce:	2380      	movs	r3, #128	@ 0x80
100021d0:	005b      	lsls	r3, r3, #1
100021d2:	6063      	str	r3, [r4, #4]
100021d4:	1f03      	subs	r3, r0, #4
100021d6:	b2db      	uxtb	r3, r3
100021d8:	469a      	mov	sl, r3
100021da:	2b01      	cmp	r3, #1
100021dc:	d930      	bls.n	10002240 <clock_configure_undivided+0x94>
100021de:	23c0      	movs	r3, #192	@ 0xc0
100021e0:	2280      	movs	r2, #128	@ 0x80
100021e2:	019b      	lsls	r3, r3, #6
100021e4:	18e3      	adds	r3, r4, r3
100021e6:	0112      	lsls	r2, r2, #4
100021e8:	601a      	str	r2, [r3, #0]
100021ea:	4b29      	ldr	r3, [pc, #164]	@ (10002290 <clock_configure_undivided+0xe4>)
100021ec:	0085      	lsls	r5, r0, #2
100021ee:	5959      	ldr	r1, [r3, r5]
100021f0:	4699      	mov	r9, r3
100021f2:	2900      	cmp	r1, #0
100021f4:	d11b      	bne.n	1000222e <clock_configure_undivided+0x82>
100021f6:	0173      	lsls	r3, r6, #5
100021f8:	26e0      	movs	r6, #224	@ 0xe0
100021fa:	6822      	ldr	r2, [r4, #0]
100021fc:	4053      	eors	r3, r2
100021fe:	401e      	ands	r6, r3
10002200:	2380      	movs	r3, #128	@ 0x80
10002202:	4652      	mov	r2, sl
10002204:	015b      	lsls	r3, r3, #5
10002206:	18e3      	adds	r3, r4, r3
10002208:	601e      	str	r6, [r3, #0]
1000220a:	2a01      	cmp	r2, #1
1000220c:	d930      	bls.n	10002270 <clock_configure_undivided+0xc4>
1000220e:	2380      	movs	r3, #128	@ 0x80
10002210:	2280      	movs	r2, #128	@ 0x80
10002212:	019b      	lsls	r3, r3, #6
10002214:	18e3      	adds	r3, r4, r3
10002216:	0112      	lsls	r2, r2, #4
10002218:	601a      	str	r2, [r3, #0]
1000221a:	2380      	movs	r3, #128	@ 0x80
1000221c:	005b      	lsls	r3, r3, #1
1000221e:	6063      	str	r3, [r4, #4]
10002220:	464b      	mov	r3, r9
10002222:	515f      	str	r7, [r3, r5]
10002224:	bce0      	pop	{r5, r6, r7}
10002226:	46ba      	mov	sl, r7
10002228:	46b1      	mov	r9, r6
1000222a:	46a8      	mov	r8, r5
1000222c:	bdf0      	pop	{r4, r5, r6, r7, pc}
1000222e:	6958      	ldr	r0, [r3, #20]
10002230:	f000 fc0a 	bl	10002a48 <__wrap___aeabi_uidiv>
10002234:	3001      	adds	r0, #1
10002236:	0043      	lsls	r3, r0, #1
10002238:	181b      	adds	r3, r3, r0
1000223a:	3b03      	subs	r3, #3
1000223c:	d2fd      	bcs.n	1000223a <clock_configure_undivided+0x8e>
1000223e:	e7da      	b.n	100021f6 <clock_configure_undivided+0x4a>
10002240:	4643      	mov	r3, r8
10002242:	2b01      	cmp	r3, #1
10002244:	d1cb      	bne.n	100021de <clock_configure_undivided+0x32>
10002246:	23c0      	movs	r3, #192	@ 0xc0
10002248:	2203      	movs	r2, #3
1000224a:	019b      	lsls	r3, r3, #6
1000224c:	18e3      	adds	r3, r4, r3
1000224e:	601a      	str	r2, [r3, #0]
10002250:	3a02      	subs	r2, #2
10002252:	68a3      	ldr	r3, [r4, #8]
10002254:	421a      	tst	r2, r3
10002256:	d0fc      	beq.n	10002252 <clock_configure_undivided+0xa6>
10002258:	0173      	lsls	r3, r6, #5
1000225a:	26e0      	movs	r6, #224	@ 0xe0
1000225c:	6822      	ldr	r2, [r4, #0]
1000225e:	0085      	lsls	r5, r0, #2
10002260:	4053      	eors	r3, r2
10002262:	401e      	ands	r6, r3
10002264:	2380      	movs	r3, #128	@ 0x80
10002266:	4a0a      	ldr	r2, [pc, #40]	@ (10002290 <clock_configure_undivided+0xe4>)
10002268:	015b      	lsls	r3, r3, #5
1000226a:	4691      	mov	r9, r2
1000226c:	18e3      	adds	r3, r4, r3
1000226e:	601e      	str	r6, [r3, #0]
10002270:	4642      	mov	r2, r8
10002272:	6821      	ldr	r1, [r4, #0]
10002274:	4051      	eors	r1, r2
10002276:	2203      	movs	r2, #3
10002278:	400a      	ands	r2, r1
1000227a:	601a      	str	r2, [r3, #0]
1000227c:	2301      	movs	r3, #1
1000227e:	4642      	mov	r2, r8
10002280:	4093      	lsls	r3, r2
10002282:	68a2      	ldr	r2, [r4, #8]
10002284:	4213      	tst	r3, r2
10002286:	d0fc      	beq.n	10002282 <clock_configure_undivided+0xd6>
10002288:	e7c1      	b.n	1000220e <clock_configure_undivided+0x62>
1000228a:	46c0      	nop			@ (mov r8, r8)
1000228c:	40008000 	.word	0x40008000
10002290:	20002264 	.word	0x20002264

10002294 <clock_get_hz>:
10002294:	4b01      	ldr	r3, [pc, #4]	@ (1000229c <clock_get_hz+0x8>)
10002296:	0080      	lsls	r0, r0, #2
10002298:	58c0      	ldr	r0, [r0, r3]
1000229a:	4770      	bx	lr
1000229c:	20002264 	.word	0x20002264

100022a0 <set_sys_clock_pll>:
100022a0:	b5f0      	push	{r4, r5, r6, r7, lr}
100022a2:	4647      	mov	r7, r8
100022a4:	46ce      	mov	lr, r9
100022a6:	b580      	push	{r7, lr}
100022a8:	4b5b      	ldr	r3, [pc, #364]	@ (10002418 <set_sys_clock_pll+0x178>)
100022aa:	0016      	movs	r6, r2
100022ac:	685a      	ldr	r2, [r3, #4]
100022ae:	0007      	movs	r7, r0
100022b0:	4688      	mov	r8, r1
100022b2:	b083      	sub	sp, #12
100022b4:	2aff      	cmp	r2, #255	@ 0xff
100022b6:	d802      	bhi.n	100022be <set_sys_clock_pll+0x1e>
100022b8:	2280      	movs	r2, #128	@ 0x80
100022ba:	0052      	lsls	r2, r2, #1
100022bc:	605a      	str	r2, [r3, #4]
100022be:	2203      	movs	r2, #3
100022c0:	4b56      	ldr	r3, [pc, #344]	@ (1000241c <set_sys_clock_pll+0x17c>)
100022c2:	4d55      	ldr	r5, [pc, #340]	@ (10002418 <set_sys_clock_pll+0x178>)
100022c4:	601a      	str	r2, [r3, #0]
100022c6:	2301      	movs	r3, #1
100022c8:	68ac      	ldr	r4, [r5, #8]
100022ca:	4223      	tst	r3, r4
100022cc:	d0fc      	beq.n	100022c8 <set_sys_clock_pll+0x28>
100022ce:	2220      	movs	r2, #32
100022d0:	6829      	ldr	r1, [r5, #0]
100022d2:	4051      	eors	r1, r2
100022d4:	32c0      	adds	r2, #192	@ 0xc0
100022d6:	400a      	ands	r2, r1
100022d8:	4951      	ldr	r1, [pc, #324]	@ (10002420 <set_sys_clock_pll+0x180>)
100022da:	600a      	str	r2, [r1, #0]
100022dc:	682a      	ldr	r2, [r5, #0]
100022de:	4d4e      	ldr	r5, [pc, #312]	@ (10002418 <set_sys_clock_pll+0x178>)
100022e0:	405a      	eors	r2, r3
100022e2:	2303      	movs	r3, #3
100022e4:	4013      	ands	r3, r2
100022e6:	600b      	str	r3, [r1, #0]
100022e8:	2302      	movs	r3, #2
100022ea:	68ac      	ldr	r4, [r5, #8]
100022ec:	4223      	tst	r3, r4
100022ee:	d0fc      	beq.n	100022ea <set_sys_clock_pll+0x4a>
100022f0:	2280      	movs	r2, #128	@ 0x80
100022f2:	4b4c      	ldr	r3, [pc, #304]	@ (10002424 <set_sys_clock_pll+0x184>)
100022f4:	0112      	lsls	r2, r2, #4
100022f6:	601a      	str	r2, [r3, #0]
100022f8:	2380      	movs	r3, #128	@ 0x80
100022fa:	005b      	lsls	r3, r3, #1
100022fc:	606b      	str	r3, [r5, #4]
100022fe:	4c4a      	ldr	r4, [pc, #296]	@ (10002428 <set_sys_clock_pll+0x188>)
10002300:	4699      	mov	r9, r3
10002302:	4b4a      	ldr	r3, [pc, #296]	@ (1000242c <set_sys_clock_pll+0x18c>)
10002304:	003a      	movs	r2, r7
10002306:	6163      	str	r3, [r4, #20]
10002308:	2101      	movs	r1, #1
1000230a:	4643      	mov	r3, r8
1000230c:	4848      	ldr	r0, [pc, #288]	@ (10002430 <set_sys_clock_pll+0x190>)
1000230e:	9600      	str	r6, [sp, #0]
10002310:	f000 f9d8 	bl	100026c4 <pll_init>
10002314:	4641      	mov	r1, r8
10002316:	0038      	movs	r0, r7
10002318:	4371      	muls	r1, r6
1000231a:	f000 fb95 	bl	10002a48 <__wrap___aeabi_uidiv>
1000231e:	4b45      	ldr	r3, [pc, #276]	@ (10002434 <set_sys_clock_pll+0x194>)
10002320:	0005      	movs	r5, r0
10002322:	685a      	ldr	r2, [r3, #4]
10002324:	2aff      	cmp	r2, #255	@ 0xff
10002326:	d801      	bhi.n	1000232c <set_sys_clock_pll+0x8c>
10002328:	464a      	mov	r2, r9
1000232a:	605a      	str	r2, [r3, #4]
1000232c:	2280      	movs	r2, #128	@ 0x80
1000232e:	4b42      	ldr	r3, [pc, #264]	@ (10002438 <set_sys_clock_pll+0x198>)
10002330:	0112      	lsls	r2, r2, #4
10002332:	601a      	str	r2, [r3, #0]
10002334:	6921      	ldr	r1, [r4, #16]
10002336:	2900      	cmp	r1, #0
10002338:	d007      	beq.n	1000234a <set_sys_clock_pll+0xaa>
1000233a:	6960      	ldr	r0, [r4, #20]
1000233c:	f000 fb84 	bl	10002a48 <__wrap___aeabi_uidiv>
10002340:	3001      	adds	r0, #1
10002342:	0043      	lsls	r3, r0, #1
10002344:	181b      	adds	r3, r3, r0
10002346:	3b03      	subs	r3, #3
10002348:	d2fd      	bcs.n	10002346 <set_sys_clock_pll+0xa6>
1000234a:	23e0      	movs	r3, #224	@ 0xe0
1000234c:	4a39      	ldr	r2, [pc, #228]	@ (10002434 <set_sys_clock_pll+0x194>)
1000234e:	483b      	ldr	r0, [pc, #236]	@ (1000243c <set_sys_clock_pll+0x19c>)
10002350:	6811      	ldr	r1, [r2, #0]
10002352:	400b      	ands	r3, r1
10002354:	6003      	str	r3, [r0, #0]
10002356:	2302      	movs	r3, #2
10002358:	6811      	ldr	r1, [r2, #0]
1000235a:	4059      	eors	r1, r3
1000235c:	3301      	adds	r3, #1
1000235e:	400b      	ands	r3, r1
10002360:	2104      	movs	r1, #4
10002362:	6003      	str	r3, [r0, #0]
10002364:	6893      	ldr	r3, [r2, #8]
10002366:	4219      	tst	r1, r3
10002368:	d0fc      	beq.n	10002364 <set_sys_clock_pll+0xc4>
1000236a:	2180      	movs	r1, #128	@ 0x80
1000236c:	4b34      	ldr	r3, [pc, #208]	@ (10002440 <set_sys_clock_pll+0x1a0>)
1000236e:	0109      	lsls	r1, r1, #4
10002370:	6019      	str	r1, [r3, #0]
10002372:	2180      	movs	r1, #128	@ 0x80
10002374:	4b33      	ldr	r3, [pc, #204]	@ (10002444 <set_sys_clock_pll+0x1a4>)
10002376:	0049      	lsls	r1, r1, #1
10002378:	6051      	str	r1, [r2, #4]
1000237a:	6123      	str	r3, [r4, #16]
1000237c:	4b26      	ldr	r3, [pc, #152]	@ (10002418 <set_sys_clock_pll+0x178>)
1000237e:	685a      	ldr	r2, [r3, #4]
10002380:	2aff      	cmp	r2, #255	@ 0xff
10002382:	d800      	bhi.n	10002386 <set_sys_clock_pll+0xe6>
10002384:	6059      	str	r1, [r3, #4]
10002386:	2203      	movs	r2, #3
10002388:	2101      	movs	r1, #1
1000238a:	4b24      	ldr	r3, [pc, #144]	@ (1000241c <set_sys_clock_pll+0x17c>)
1000238c:	601a      	str	r2, [r3, #0]
1000238e:	4a22      	ldr	r2, [pc, #136]	@ (10002418 <set_sys_clock_pll+0x178>)
10002390:	6893      	ldr	r3, [r2, #8]
10002392:	4219      	tst	r1, r3
10002394:	d0fc      	beq.n	10002390 <set_sys_clock_pll+0xf0>
10002396:	23e0      	movs	r3, #224	@ 0xe0
10002398:	6810      	ldr	r0, [r2, #0]
1000239a:	4003      	ands	r3, r0
1000239c:	4820      	ldr	r0, [pc, #128]	@ (10002420 <set_sys_clock_pll+0x180>)
1000239e:	6003      	str	r3, [r0, #0]
100023a0:	6812      	ldr	r2, [r2, #0]
100023a2:	2303      	movs	r3, #3
100023a4:	404a      	eors	r2, r1
100023a6:	2102      	movs	r1, #2
100023a8:	4013      	ands	r3, r2
100023aa:	4a1b      	ldr	r2, [pc, #108]	@ (10002418 <set_sys_clock_pll+0x178>)
100023ac:	6003      	str	r3, [r0, #0]
100023ae:	6893      	ldr	r3, [r2, #8]
100023b0:	4219      	tst	r1, r3
100023b2:	d0fc      	beq.n	100023ae <set_sys_clock_pll+0x10e>
100023b4:	2180      	movs	r1, #128	@ 0x80
100023b6:	4b1b      	ldr	r3, [pc, #108]	@ (10002424 <set_sys_clock_pll+0x184>)
100023b8:	0109      	lsls	r1, r1, #4
100023ba:	6019      	str	r1, [r3, #0]
100023bc:	2180      	movs	r1, #128	@ 0x80
100023be:	4b22      	ldr	r3, [pc, #136]	@ (10002448 <set_sys_clock_pll+0x1a8>)
100023c0:	0049      	lsls	r1, r1, #1
100023c2:	6051      	str	r1, [r2, #4]
100023c4:	6165      	str	r5, [r4, #20]
100023c6:	685a      	ldr	r2, [r3, #4]
100023c8:	2aff      	cmp	r2, #255	@ 0xff
100023ca:	d800      	bhi.n	100023ce <set_sys_clock_pll+0x12e>
100023cc:	6059      	str	r1, [r3, #4]
100023ce:	2280      	movs	r2, #128	@ 0x80
100023d0:	4b1e      	ldr	r3, [pc, #120]	@ (1000244c <set_sys_clock_pll+0x1ac>)
100023d2:	0112      	lsls	r2, r2, #4
100023d4:	601a      	str	r2, [r3, #0]
100023d6:	69a1      	ldr	r1, [r4, #24]
100023d8:	2900      	cmp	r1, #0
100023da:	d007      	beq.n	100023ec <set_sys_clock_pll+0x14c>
100023dc:	6960      	ldr	r0, [r4, #20]
100023de:	f000 fb33 	bl	10002a48 <__wrap___aeabi_uidiv>
100023e2:	3001      	adds	r0, #1
100023e4:	0043      	lsls	r3, r0, #1
100023e6:	181b      	adds	r3, r3, r0
100023e8:	3b03      	subs	r3, #3
100023ea:	d2fd      	bcs.n	100023e8 <set_sys_clock_pll+0x148>
100023ec:	2340      	movs	r3, #64	@ 0x40
100023ee:	4916      	ldr	r1, [pc, #88]	@ (10002448 <set_sys_clock_pll+0x1a8>)
100023f0:	680a      	ldr	r2, [r1, #0]
100023f2:	405a      	eors	r2, r3
100023f4:	33a0      	adds	r3, #160	@ 0xa0
100023f6:	4013      	ands	r3, r2
100023f8:	4a15      	ldr	r2, [pc, #84]	@ (10002450 <set_sys_clock_pll+0x1b0>)
100023fa:	6013      	str	r3, [r2, #0]
100023fc:	2280      	movs	r2, #128	@ 0x80
100023fe:	4b15      	ldr	r3, [pc, #84]	@ (10002454 <set_sys_clock_pll+0x1b4>)
10002400:	0112      	lsls	r2, r2, #4
10002402:	601a      	str	r2, [r3, #0]
10002404:	2380      	movs	r3, #128	@ 0x80
10002406:	005b      	lsls	r3, r3, #1
10002408:	604b      	str	r3, [r1, #4]
1000240a:	4b08      	ldr	r3, [pc, #32]	@ (1000242c <set_sys_clock_pll+0x18c>)
1000240c:	61a3      	str	r3, [r4, #24]
1000240e:	b003      	add	sp, #12
10002410:	bcc0      	pop	{r6, r7}
10002412:	46b9      	mov	r9, r7
10002414:	46b0      	mov	r8, r6
10002416:	bdf0      	pop	{r4, r5, r6, r7, pc}
10002418:	4000803c 	.word	0x4000803c
1000241c:	4000b03c 	.word	0x4000b03c
10002420:	4000903c 	.word	0x4000903c
10002424:	4000a03c 	.word	0x4000a03c
10002428:	20002264 	.word	0x20002264
1000242c:	02dc6c00 	.word	0x02dc6c00
10002430:	40028000 	.word	0x40028000
10002434:	40008030 	.word	0x40008030
10002438:	4000b030 	.word	0x4000b030
1000243c:	40009030 	.word	0x40009030
10002440:	4000a030 	.word	0x4000a030
10002444:	00b71b00 	.word	0x00b71b00
10002448:	40008048 	.word	0x40008048
1000244c:	4000b048 	.word	0x4000b048
10002450:	40009048 	.word	0x40009048
10002454:	4000a048 	.word	0x4000a048

10002458 <check_sys_clock_khz>:
10002458:	b5f0      	push	{r4, r5, r6, r7, lr}
1000245a:	464e      	mov	r6, r9
1000245c:	46de      	mov	lr, fp
1000245e:	4657      	mov	r7, sl
10002460:	4645      	mov	r5, r8
10002462:	b5e0      	push	{r5, r6, r7, lr}
10002464:	0016      	movs	r6, r2
10002466:	4a92      	ldr	r2, [pc, #584]	@ (100026b0 <check_sys_clock_khz+0x258>)
10002468:	b085      	sub	sp, #20
1000246a:	4693      	mov	fp, r2
1000246c:	22a0      	movs	r2, #160	@ 0xa0
1000246e:	0052      	lsls	r2, r2, #1
10002470:	4691      	mov	r9, r2
10002472:	465a      	mov	r2, fp
10002474:	9603      	str	r6, [sp, #12]
10002476:	469b      	mov	fp, r3
10002478:	0006      	movs	r6, r0
1000247a:	9201      	str	r2, [sp, #4]
1000247c:	9102      	str	r1, [sp, #8]
1000247e:	9b01      	ldr	r3, [sp, #4]
10002480:	4a8c      	ldr	r2, [pc, #560]	@ (100026b4 <check_sys_clock_khz+0x25c>)
10002482:	4293      	cmp	r3, r2
10002484:	d90d      	bls.n	100024a2 <check_sys_clock_khz+0x4a>
10002486:	2301      	movs	r3, #1
10002488:	425b      	negs	r3, r3
1000248a:	469c      	mov	ip, r3
1000248c:	4a8a      	ldr	r2, [pc, #552]	@ (100026b8 <check_sys_clock_khz+0x260>)
1000248e:	44e1      	add	r9, ip
10002490:	4694      	mov	ip, r2
10002492:	9b01      	ldr	r3, [sp, #4]
10002494:	4463      	add	r3, ip
10002496:	9301      	str	r3, [sp, #4]
10002498:	464b      	mov	r3, r9
1000249a:	2b0f      	cmp	r3, #15
1000249c:	d1ef      	bne.n	1000247e <check_sys_clock_khz+0x26>
1000249e:	2000      	movs	r0, #0
100024a0:	e08e      	b.n	100025c0 <check_sys_clock_khz+0x168>
100024a2:	001f      	movs	r7, r3
100024a4:	4b85      	ldr	r3, [pc, #532]	@ (100026bc <check_sys_clock_khz+0x264>)
100024a6:	2407      	movs	r4, #7
100024a8:	469c      	mov	ip, r3
100024aa:	4467      	add	r7, ip
100024ac:	0023      	movs	r3, r4
100024ae:	4363      	muls	r3, r4
100024b0:	0038      	movs	r0, r7
100024b2:	0019      	movs	r1, r3
100024b4:	4698      	mov	r8, r3
100024b6:	f000 fac7 	bl	10002a48 <__wrap___aeabi_uidiv>
100024ba:	46a2      	mov	sl, r4
100024bc:	1e65      	subs	r5, r4, #1
100024be:	4286      	cmp	r6, r0
100024c0:	d050      	beq.n	10002564 <check_sys_clock_khz+0x10c>
100024c2:	436c      	muls	r4, r5
100024c4:	0038      	movs	r0, r7
100024c6:	0021      	movs	r1, r4
100024c8:	f000 fabe 	bl	10002a48 <__wrap___aeabi_uidiv>
100024cc:	4286      	cmp	r6, r0
100024ce:	d059      	beq.n	10002584 <check_sys_clock_khz+0x12c>
100024d0:	1e6b      	subs	r3, r5, #1
100024d2:	4698      	mov	r8, r3
100024d4:	2d01      	cmp	r5, #1
100024d6:	d100      	bne.n	100024da <check_sys_clock_khz+0x82>
100024d8:	e0d3      	b.n	10002682 <check_sys_clock_khz+0x22a>
100024da:	4653      	mov	r3, sl
100024dc:	1ae4      	subs	r4, r4, r3
100024de:	0021      	movs	r1, r4
100024e0:	0038      	movs	r0, r7
100024e2:	f000 fab1 	bl	10002a48 <__wrap___aeabi_uidiv>
100024e6:	4286      	cmp	r6, r0
100024e8:	d058      	beq.n	1000259c <check_sys_clock_khz+0x144>
100024ea:	1eab      	subs	r3, r5, #2
100024ec:	4698      	mov	r8, r3
100024ee:	2d02      	cmp	r5, #2
100024f0:	d100      	bne.n	100024f4 <check_sys_clock_khz+0x9c>
100024f2:	e0b9      	b.n	10002668 <check_sys_clock_khz+0x210>
100024f4:	4653      	mov	r3, sl
100024f6:	1ae4      	subs	r4, r4, r3
100024f8:	0021      	movs	r1, r4
100024fa:	0038      	movs	r0, r7
100024fc:	f000 faa4 	bl	10002a48 <__wrap___aeabi_uidiv>
10002500:	4286      	cmp	r6, r0
10002502:	d064      	beq.n	100025ce <check_sys_clock_khz+0x176>
10002504:	1eeb      	subs	r3, r5, #3
10002506:	4698      	mov	r8, r3
10002508:	2d03      	cmp	r5, #3
1000250a:	d066      	beq.n	100025da <check_sys_clock_khz+0x182>
1000250c:	4653      	mov	r3, sl
1000250e:	1ae4      	subs	r4, r4, r3
10002510:	0021      	movs	r1, r4
10002512:	0038      	movs	r0, r7
10002514:	f000 fa98 	bl	10002a48 <__wrap___aeabi_uidiv>
10002518:	4286      	cmp	r6, r0
1000251a:	d100      	bne.n	1000251e <check_sys_clock_khz+0xc6>
1000251c:	e072      	b.n	10002604 <check_sys_clock_khz+0x1ac>
1000251e:	1f2b      	subs	r3, r5, #4
10002520:	4698      	mov	r8, r3
10002522:	2d04      	cmp	r5, #4
10002524:	d100      	bne.n	10002528 <check_sys_clock_khz+0xd0>
10002526:	e074      	b.n	10002612 <check_sys_clock_khz+0x1ba>
10002528:	4653      	mov	r3, sl
1000252a:	1ae4      	subs	r4, r4, r3
1000252c:	0021      	movs	r1, r4
1000252e:	0038      	movs	r0, r7
10002530:	f000 fa8a 	bl	10002a48 <__wrap___aeabi_uidiv>
10002534:	4286      	cmp	r6, r0
10002536:	d100      	bne.n	1000253a <check_sys_clock_khz+0xe2>
10002538:	e07d      	b.n	10002636 <check_sys_clock_khz+0x1de>
1000253a:	2d05      	cmp	r5, #5
1000253c:	d100      	bne.n	10002540 <check_sys_clock_khz+0xe8>
1000253e:	e07f      	b.n	10002640 <check_sys_clock_khz+0x1e8>
10002540:	4653      	mov	r3, sl
10002542:	0038      	movs	r0, r7
10002544:	1ae1      	subs	r1, r4, r3
10002546:	f000 fa7f 	bl	10002a48 <__wrap___aeabi_uidiv>
1000254a:	2406      	movs	r4, #6
1000254c:	4286      	cmp	r6, r0
1000254e:	d1ad      	bne.n	100024ac <check_sys_clock_khz+0x54>
10002550:	2900      	cmp	r1, #0
10002552:	d1ab      	bne.n	100024ac <check_sys_clock_khz+0x54>
10002554:	46c8      	mov	r8, r9
10002556:	465b      	mov	r3, fp
10002558:	46d1      	mov	r9, sl
1000255a:	2501      	movs	r5, #1
1000255c:	9802      	ldr	r0, [sp, #8]
1000255e:	9e03      	ldr	r6, [sp, #12]
10002560:	e026      	b.n	100025b0 <check_sys_clock_khz+0x158>
10002562:	46a8      	mov	r8, r5
10002564:	4641      	mov	r1, r8
10002566:	0038      	movs	r0, r7
10002568:	f000 fa6e 	bl	10002a48 <__wrap___aeabi_uidiv>
1000256c:	2900      	cmp	r1, #0
1000256e:	d100      	bne.n	10002572 <check_sys_clock_khz+0x11a>
10002570:	e097      	b.n	100026a2 <check_sys_clock_khz+0x24a>
10002572:	1e65      	subs	r5, r4, #1
10002574:	46a2      	mov	sl, r4
10002576:	436c      	muls	r4, r5
10002578:	0038      	movs	r0, r7
1000257a:	0021      	movs	r1, r4
1000257c:	f000 fa64 	bl	10002a48 <__wrap___aeabi_uidiv>
10002580:	4286      	cmp	r6, r0
10002582:	d1a5      	bne.n	100024d0 <check_sys_clock_khz+0x78>
10002584:	0021      	movs	r1, r4
10002586:	0038      	movs	r0, r7
10002588:	f000 fa5e 	bl	10002a48 <__wrap___aeabi_uidiv>
1000258c:	2900      	cmp	r1, #0
1000258e:	d19f      	bne.n	100024d0 <check_sys_clock_khz+0x78>
10002590:	46c8      	mov	r8, r9
10002592:	465b      	mov	r3, fp
10002594:	46d1      	mov	r9, sl
10002596:	9802      	ldr	r0, [sp, #8]
10002598:	9e03      	ldr	r6, [sp, #12]
1000259a:	e009      	b.n	100025b0 <check_sys_clock_khz+0x158>
1000259c:	2900      	cmp	r1, #0
1000259e:	d1a4      	bne.n	100024ea <check_sys_clock_khz+0x92>
100025a0:	4652      	mov	r2, sl
100025a2:	46c2      	mov	sl, r8
100025a4:	465b      	mov	r3, fp
100025a6:	46c8      	mov	r8, r9
100025a8:	4655      	mov	r5, sl
100025aa:	4691      	mov	r9, r2
100025ac:	9802      	ldr	r0, [sp, #8]
100025ae:	9e03      	ldr	r6, [sp, #12]
100025b0:	4642      	mov	r2, r8
100025b2:	4943      	ldr	r1, [pc, #268]	@ (100026c0 <check_sys_clock_khz+0x268>)
100025b4:	4351      	muls	r1, r2
100025b6:	464a      	mov	r2, r9
100025b8:	6001      	str	r1, [r0, #0]
100025ba:	2001      	movs	r0, #1
100025bc:	6032      	str	r2, [r6, #0]
100025be:	601d      	str	r5, [r3, #0]
100025c0:	b005      	add	sp, #20
100025c2:	bcf0      	pop	{r4, r5, r6, r7}
100025c4:	46bb      	mov	fp, r7
100025c6:	46b2      	mov	sl, r6
100025c8:	46a9      	mov	r9, r5
100025ca:	46a0      	mov	r8, r4
100025cc:	bdf0      	pop	{r4, r5, r6, r7, pc}
100025ce:	2900      	cmp	r1, #0
100025d0:	d0e6      	beq.n	100025a0 <check_sys_clock_khz+0x148>
100025d2:	1eeb      	subs	r3, r5, #3
100025d4:	4698      	mov	r8, r3
100025d6:	2d03      	cmp	r5, #3
100025d8:	d198      	bne.n	1000250c <check_sys_clock_khz+0xb4>
100025da:	2109      	movs	r1, #9
100025dc:	0038      	movs	r0, r7
100025de:	2403      	movs	r4, #3
100025e0:	2509      	movs	r5, #9
100025e2:	f000 fa31 	bl	10002a48 <__wrap___aeabi_uidiv>
100025e6:	4286      	cmp	r6, r0
100025e8:	d0bb      	beq.n	10002562 <check_sys_clock_khz+0x10a>
100025ea:	2303      	movs	r3, #3
100025ec:	2106      	movs	r1, #6
100025ee:	0038      	movs	r0, r7
100025f0:	469a      	mov	sl, r3
100025f2:	3403      	adds	r4, #3
100025f4:	3d07      	subs	r5, #7
100025f6:	f000 fa27 	bl	10002a48 <__wrap___aeabi_uidiv>
100025fa:	4286      	cmp	r6, r0
100025fc:	d0c2      	beq.n	10002584 <check_sys_clock_khz+0x12c>
100025fe:	2301      	movs	r3, #1
10002600:	4698      	mov	r8, r3
10002602:	e76a      	b.n	100024da <check_sys_clock_khz+0x82>
10002604:	2900      	cmp	r1, #0
10002606:	d0cb      	beq.n	100025a0 <check_sys_clock_khz+0x148>
10002608:	1f2b      	subs	r3, r5, #4
1000260a:	4698      	mov	r8, r3
1000260c:	2d04      	cmp	r5, #4
1000260e:	d000      	beq.n	10002612 <check_sys_clock_khz+0x1ba>
10002610:	e78a      	b.n	10002528 <check_sys_clock_khz+0xd0>
10002612:	2404      	movs	r4, #4
10002614:	350c      	adds	r5, #12
10002616:	093b      	lsrs	r3, r7, #4
10002618:	429e      	cmp	r6, r3
1000261a:	d0a2      	beq.n	10002562 <check_sys_clock_khz+0x10a>
1000261c:	2304      	movs	r3, #4
1000261e:	210c      	movs	r1, #12
10002620:	0038      	movs	r0, r7
10002622:	469a      	mov	sl, r3
10002624:	3408      	adds	r4, #8
10002626:	3d0d      	subs	r5, #13
10002628:	f000 fa0e 	bl	10002a48 <__wrap___aeabi_uidiv>
1000262c:	4286      	cmp	r6, r0
1000262e:	d0a9      	beq.n	10002584 <check_sys_clock_khz+0x12c>
10002630:	2302      	movs	r3, #2
10002632:	4698      	mov	r8, r3
10002634:	e751      	b.n	100024da <check_sys_clock_khz+0x82>
10002636:	2900      	cmp	r1, #0
10002638:	d0b2      	beq.n	100025a0 <check_sys_clock_khz+0x148>
1000263a:	2d05      	cmp	r5, #5
1000263c:	d000      	beq.n	10002640 <check_sys_clock_khz+0x1e8>
1000263e:	e77f      	b.n	10002540 <check_sys_clock_khz+0xe8>
10002640:	2119      	movs	r1, #25
10002642:	0038      	movs	r0, r7
10002644:	2519      	movs	r5, #25
10002646:	f000 f9ff 	bl	10002a48 <__wrap___aeabi_uidiv>
1000264a:	4286      	cmp	r6, r0
1000264c:	d026      	beq.n	1000269c <check_sys_clock_khz+0x244>
1000264e:	2114      	movs	r1, #20
10002650:	0038      	movs	r0, r7
10002652:	f000 f9f9 	bl	10002a48 <__wrap___aeabi_uidiv>
10002656:	2305      	movs	r3, #5
10002658:	2414      	movs	r4, #20
1000265a:	469a      	mov	sl, r3
1000265c:	4286      	cmp	r6, r0
1000265e:	d01b      	beq.n	10002698 <check_sys_clock_khz+0x240>
10002660:	3b02      	subs	r3, #2
10002662:	4698      	mov	r8, r3
10002664:	3d15      	subs	r5, #21
10002666:	e738      	b.n	100024da <check_sys_clock_khz+0x82>
10002668:	2304      	movs	r3, #4
1000266a:	2402      	movs	r4, #2
1000266c:	4698      	mov	r8, r3
1000266e:	08bb      	lsrs	r3, r7, #2
10002670:	429e      	cmp	r6, r3
10002672:	d100      	bne.n	10002676 <check_sys_clock_khz+0x21e>
10002674:	e776      	b.n	10002564 <check_sys_clock_khz+0x10c>
10002676:	46a2      	mov	sl, r4
10002678:	3d01      	subs	r5, #1
1000267a:	087b      	lsrs	r3, r7, #1
1000267c:	429e      	cmp	r6, r3
1000267e:	d100      	bne.n	10002682 <check_sys_clock_khz+0x22a>
10002680:	e780      	b.n	10002584 <check_sys_clock_khz+0x12c>
10002682:	42b7      	cmp	r7, r6
10002684:	d000      	beq.n	10002688 <check_sys_clock_khz+0x230>
10002686:	e6fe      	b.n	10002486 <check_sys_clock_khz+0x2e>
10002688:	2201      	movs	r2, #1
1000268a:	46c8      	mov	r8, r9
1000268c:	465b      	mov	r3, fp
1000268e:	4691      	mov	r9, r2
10002690:	2501      	movs	r5, #1
10002692:	9802      	ldr	r0, [sp, #8]
10002694:	9e03      	ldr	r6, [sp, #12]
10002696:	e78b      	b.n	100025b0 <check_sys_clock_khz+0x158>
10002698:	2504      	movs	r5, #4
1000269a:	e773      	b.n	10002584 <check_sys_clock_khz+0x12c>
1000269c:	46a8      	mov	r8, r5
1000269e:	2405      	movs	r4, #5
100026a0:	e760      	b.n	10002564 <check_sys_clock_khz+0x10c>
100026a2:	46c8      	mov	r8, r9
100026a4:	465b      	mov	r3, fp
100026a6:	46a1      	mov	r9, r4
100026a8:	0025      	movs	r5, r4
100026aa:	9802      	ldr	r0, [sp, #8]
100026ac:	9e03      	ldr	r6, [sp, #12]
100026ae:	e77f      	b.n	100025b0 <check_sys_clock_khz+0x158>
100026b0:	002f2650 	.word	0x002f2650
100026b4:	000cf850 	.word	0x000cf850
100026b8:	ffffd120 	.word	0xffffd120
100026bc:	000b71b0 	.word	0x000b71b0
100026c0:	00b71b00 	.word	0x00b71b00

100026c4 <pll_init>:
100026c4:	b5f8      	push	{r3, r4, r5, r6, r7, lr}
100026c6:	0004      	movs	r4, r0
100026c8:	4821      	ldr	r0, [pc, #132]	@ (10002750 <pll_init+0x8c>)
100026ca:	001e      	movs	r6, r3
100026cc:	0017      	movs	r7, r2
100026ce:	000d      	movs	r5, r1
100026d0:	f000 f9ba 	bl	10002a48 <__wrap___aeabi_uidiv>
100026d4:	0001      	movs	r1, r0
100026d6:	0038      	movs	r0, r7
100026d8:	f000 f9b6 	bl	10002a48 <__wrap___aeabi_uidiv>
100026dc:	9b06      	ldr	r3, [sp, #24]
100026de:	0436      	lsls	r6, r6, #16
100026e0:	031b      	lsls	r3, r3, #12
100026e2:	431e      	orrs	r6, r3
100026e4:	6823      	ldr	r3, [r4, #0]
100026e6:	2b00      	cmp	r3, #0
100026e8:	db20      	blt.n	1000272c <pll_init+0x68>
100026ea:	4b1a      	ldr	r3, [pc, #104]	@ (10002754 <pll_init+0x90>)
100026ec:	491a      	ldr	r1, [pc, #104]	@ (10002758 <pll_init+0x94>)
100026ee:	18e3      	adds	r3, r4, r3
100026f0:	1e5a      	subs	r2, r3, #1
100026f2:	4193      	sbcs	r3, r2
100026f4:	2280      	movs	r2, #128	@ 0x80
100026f6:	0192      	lsls	r2, r2, #6
100026f8:	4694      	mov	ip, r2
100026fa:	425b      	negs	r3, r3
100026fc:	0b1b      	lsrs	r3, r3, #12
100026fe:	4a17      	ldr	r2, [pc, #92]	@ (1000275c <pll_init+0x98>)
10002700:	031b      	lsls	r3, r3, #12
10002702:	4463      	add	r3, ip
10002704:	6013      	str	r3, [r2, #0]
10002706:	4a16      	ldr	r2, [pc, #88]	@ (10002760 <pll_init+0x9c>)
10002708:	6013      	str	r3, [r2, #0]
1000270a:	001f      	movs	r7, r3
1000270c:	680a      	ldr	r2, [r1, #0]
1000270e:	4397      	bics	r7, r2
10002710:	d1fb      	bne.n	1000270a <pll_init+0x46>
10002712:	4b14      	ldr	r3, [pc, #80]	@ (10002764 <pll_init+0xa0>)
10002714:	6025      	str	r5, [r4, #0]
10002716:	18e2      	adds	r2, r4, r3
10002718:	2321      	movs	r3, #33	@ 0x21
1000271a:	60a0      	str	r0, [r4, #8]
1000271c:	6013      	str	r3, [r2, #0]
1000271e:	6823      	ldr	r3, [r4, #0]
10002720:	2b00      	cmp	r3, #0
10002722:	dafc      	bge.n	1000271e <pll_init+0x5a>
10002724:	2308      	movs	r3, #8
10002726:	60e6      	str	r6, [r4, #12]
10002728:	6013      	str	r3, [r2, #0]
1000272a:	bdf8      	pop	{r3, r4, r5, r6, r7, pc}
1000272c:	233f      	movs	r3, #63	@ 0x3f
1000272e:	6822      	ldr	r2, [r4, #0]
10002730:	4013      	ands	r3, r2
10002732:	42ab      	cmp	r3, r5
10002734:	d1d9      	bne.n	100026ea <pll_init+0x26>
10002736:	68a3      	ldr	r3, [r4, #8]
10002738:	051b      	lsls	r3, r3, #20
1000273a:	0d1b      	lsrs	r3, r3, #20
1000273c:	4283      	cmp	r3, r0
1000273e:	d1d4      	bne.n	100026ea <pll_init+0x26>
10002740:	22ee      	movs	r2, #238	@ 0xee
10002742:	68e3      	ldr	r3, [r4, #12]
10002744:	02d2      	lsls	r2, r2, #11
10002746:	4013      	ands	r3, r2
10002748:	42b3      	cmp	r3, r6
1000274a:	d1ce      	bne.n	100026ea <pll_init+0x26>
1000274c:	e7ed      	b.n	1000272a <pll_init+0x66>
1000274e:	46c0      	nop			@ (mov r8, r8)
10002750:	00b71b00 	.word	0x00b71b00
10002754:	bffd4000 	.word	0xbffd4000
10002758:	4000c008 	.word	0x4000c008
1000275c:	4000e000 	.word	0x4000e000
10002760:	4000f000 	.word	0x4000f000
10002764:	00003004 	.word	0x00003004

10002768 <tick_start>:
10002768:	2380      	movs	r3, #128	@ 0x80
1000276a:	4a02      	ldr	r2, [pc, #8]	@ (10002774 <tick_start+0xc>)
1000276c:	009b      	lsls	r3, r3, #2
1000276e:	430b      	orrs	r3, r1
10002770:	62d3      	str	r3, [r2, #44]	@ 0x2c
10002772:	4770      	bx	lr
10002774:	40058000 	.word	0x40058000

10002778 <xosc_init>:
10002778:	23aa      	movs	r3, #170	@ 0xaa
1000277a:	4a06      	ldr	r2, [pc, #24]	@ (10002794 <xosc_init+0x1c>)
1000277c:	011b      	lsls	r3, r3, #4
1000277e:	6013      	str	r3, [r2, #0]
10002780:	3321      	adds	r3, #33	@ 0x21
10002782:	33ff      	adds	r3, #255	@ 0xff
10002784:	60d3      	str	r3, [r2, #12]
10002786:	4904      	ldr	r1, [pc, #16]	@ (10002798 <xosc_init+0x20>)
10002788:	4b04      	ldr	r3, [pc, #16]	@ (1000279c <xosc_init+0x24>)
1000278a:	6019      	str	r1, [r3, #0]
1000278c:	6853      	ldr	r3, [r2, #4]
1000278e:	2b00      	cmp	r3, #0
10002790:	dafc      	bge.n	1000278c <xosc_init+0x14>
10002792:	4770      	bx	lr
10002794:	40024000 	.word	0x40024000
10002798:	00fab000 	.word	0x00fab000
1000279c:	40026000 	.word	0x40026000

100027a0 <first_per_core_initializer>:
100027a0:	4770      	bx	lr
100027a2:	46c0      	nop			@ (mov r8, r8)

100027a4 <hard_assertion_failure>:
100027a4:	b510      	push	{r4, lr}
100027a6:	4801      	ldr	r0, [pc, #4]	@ (100027ac <hard_assertion_failure+0x8>)
100027a8:	f7fe fdac 	bl	10001304 <panic>
100027ac:	10003cc4 	.word	0x10003cc4

100027b0 <runtime_run_initializers>:
100027b0:	b570      	push	{r4, r5, r6, lr}
100027b2:	4d07      	ldr	r5, [pc, #28]	@ (100027d0 <runtime_run_initializers+0x20>)
100027b4:	4e07      	ldr	r6, [pc, #28]	@ (100027d4 <runtime_run_initializers+0x24>)
100027b6:	42b5      	cmp	r5, r6
100027b8:	d209      	bcs.n	100027ce <runtime_run_initializers+0x1e>
100027ba:	2400      	movs	r4, #0
100027bc:	3e01      	subs	r6, #1
100027be:	1b76      	subs	r6, r6, r5
100027c0:	08b6      	lsrs	r6, r6, #2
100027c2:	cd08      	ldmia	r5!, {r3}
100027c4:	4798      	blx	r3
100027c6:	0023      	movs	r3, r4
100027c8:	3401      	adds	r4, #1
100027ca:	42b3      	cmp	r3, r6
100027cc:	d1f9      	bne.n	100027c2 <runtime_run_initializers+0x12>
100027ce:	bd70      	pop	{r4, r5, r6, pc}
100027d0:	10003c10 	.word	0x10003c10
100027d4:	10003c4c 	.word	0x10003c4c

100027d8 <runtime_init_early_resets>:
100027d8:	4b05      	ldr	r3, [pc, #20]	@ (100027f0 <runtime_init_early_resets+0x18>)
100027da:	4a06      	ldr	r2, [pc, #24]	@ (100027f4 <runtime_init_early_resets+0x1c>)
100027dc:	4906      	ldr	r1, [pc, #24]	@ (100027f8 <runtime_init_early_resets+0x20>)
100027de:	601a      	str	r2, [r3, #0]
100027e0:	4a06      	ldr	r2, [pc, #24]	@ (100027fc <runtime_init_early_resets+0x24>)
100027e2:	4b07      	ldr	r3, [pc, #28]	@ (10002800 <runtime_init_early_resets+0x28>)
100027e4:	601a      	str	r2, [r3, #0]
100027e6:	0010      	movs	r0, r2
100027e8:	680b      	ldr	r3, [r1, #0]
100027ea:	4398      	bics	r0, r3
100027ec:	d1fb      	bne.n	100027e6 <runtime_init_early_resets+0xe>
100027ee:	4770      	bx	lr
100027f0:	4000e000 	.word	0x4000e000
100027f4:	fefbcdbf 	.word	0xfefbcdbf
100027f8:	4000c008 	.word	0x4000c008
100027fc:	003c7ffe 	.word	0x003c7ffe
10002800:	4000f000 	.word	0x4000f000

10002804 <runtime_init_usb_power_down>:
10002804:	4b04      	ldr	r3, [pc, #16]	@ (10002818 <runtime_init_usb_power_down+0x14>)
10002806:	6cdb      	ldr	r3, [r3, #76]	@ 0x4c
10002808:	2b00      	cmp	r3, #0
1000280a:	d103      	bne.n	10002814 <runtime_init_usb_power_down+0x10>
1000280c:	2280      	movs	r2, #128	@ 0x80
1000280e:	4b03      	ldr	r3, [pc, #12]	@ (1000281c <runtime_init_usb_power_down+0x18>)
10002810:	02d2      	lsls	r2, r2, #11
10002812:	601a      	str	r2, [r3, #0]
10002814:	4770      	bx	lr
10002816:	46c0      	nop			@ (mov r8, r8)
10002818:	50110000 	.word	0x50110000
1000281c:	5011204c 	.word	0x5011204c

10002820 <runtime_init_post_clock_resets>:
10002820:	4a04      	ldr	r2, [pc, #16]	@ (10002834 <runtime_init_post_clock_resets+0x14>)
10002822:	4b05      	ldr	r3, [pc, #20]	@ (10002838 <runtime_init_post_clock_resets+0x18>)
10002824:	601a      	str	r2, [r3, #0]
10002826:	4a05      	ldr	r2, [pc, #20]	@ (1000283c <runtime_init_post_clock_resets+0x1c>)
10002828:	6813      	ldr	r3, [r2, #0]
1000282a:	01db      	lsls	r3, r3, #7
1000282c:	3380      	adds	r3, #128	@ 0x80
1000282e:	d1fb      	bne.n	10002828 <runtime_init_post_clock_resets+0x8>
10002830:	4770      	bx	lr
10002832:	46c0      	nop			@ (mov r8, r8)
10002834:	01ffffff 	.word	0x01ffffff
10002838:	4000f000 	.word	0x4000f000
1000283c:	4000c008 	.word	0x4000c008

10002840 <runtime_init_rp2040_gpio_ie_disable>:
10002840:	2240      	movs	r2, #64	@ 0x40
10002842:	4b03      	ldr	r3, [pc, #12]	@ (10002850 <runtime_init_rp2040_gpio_ie_disable+0x10>)
10002844:	679a      	str	r2, [r3, #120]	@ 0x78
10002846:	675a      	str	r2, [r3, #116]	@ 0x74
10002848:	671a      	str	r2, [r3, #112]	@ 0x70
1000284a:	66da      	str	r2, [r3, #108]	@ 0x6c
1000284c:	4770      	bx	lr
1000284e:	46c0      	nop			@ (mov r8, r8)
10002850:	4001f000 	.word	0x4001f000

10002854 <runtime_init_spin_locks_reset>:
10002854:	b510      	push	{r4, lr}
10002856:	f7fe fddf 	bl	10001418 <spin_locks_reset>
1000285a:	bd10      	pop	{r4, pc}

1000285c <runtime_init_install_ram_vector_table>:
1000285c:	b5f8      	push	{r3, r4, r5, r6, r7, lr}
1000285e:	4927      	ldr	r1, [pc, #156]	@ (100028fc <runtime_init_install_ram_vector_table+0xa0>)
10002860:	4c27      	ldr	r4, [pc, #156]	@ (10002900 <runtime_init_install_ram_vector_table+0xa4>)
10002862:	4d28      	ldr	r5, [pc, #160]	@ (10002904 <runtime_init_install_ram_vector_table+0xa8>)
10002864:	1a64      	subs	r4, r4, r1
10002866:	10a6      	asrs	r6, r4, #2
10002868:	0032      	movs	r2, r6
1000286a:	2e30      	cmp	r6, #48	@ 0x30
1000286c:	d900      	bls.n	10002870 <runtime_init_install_ram_vector_table+0x14>
1000286e:	2230      	movs	r2, #48	@ 0x30
10002870:	0028      	movs	r0, r5
10002872:	0092      	lsls	r2, r2, #2
10002874:	f000 fcb2 	bl	100031dc <__wrap___aeabi_memcpy>
10002878:	2cbc      	cmp	r4, #188	@ 0xbc
1000287a:	d83b      	bhi.n	100028f4 <runtime_init_install_ram_vector_table+0x98>
1000287c:	2030      	movs	r0, #48	@ 0x30
1000287e:	232f      	movs	r3, #47	@ 0x2f
10002880:	192c      	adds	r4, r5, r4
10002882:	0764      	lsls	r4, r4, #29
10002884:	4a20      	ldr	r2, [pc, #128]	@ (10002908 <runtime_init_install_ram_vector_table+0xac>)
10002886:	1b80      	subs	r0, r0, r6
10002888:	0fe4      	lsrs	r4, r4, #31
1000288a:	1b9b      	subs	r3, r3, r6
1000288c:	2b05      	cmp	r3, #5
1000288e:	d916      	bls.n	100028be <runtime_init_install_ram_vector_table+0x62>
10002890:	0037      	movs	r7, r6
10002892:	2c00      	cmp	r4, #0
10002894:	d002      	beq.n	1000289c <runtime_init_install_ram_vector_table+0x40>
10002896:	00b3      	lsls	r3, r6, #2
10002898:	1c77      	adds	r7, r6, #1
1000289a:	50ea      	str	r2, [r5, r3]
1000289c:	1b00      	subs	r0, r0, r4
1000289e:	1933      	adds	r3, r6, r4
100028a0:	009b      	lsls	r3, r3, #2
100028a2:	0841      	lsrs	r1, r0, #1
100028a4:	18eb      	adds	r3, r5, r3
100028a6:	00c9      	lsls	r1, r1, #3
100028a8:	18c9      	adds	r1, r1, r3
100028aa:	601a      	str	r2, [r3, #0]
100028ac:	605a      	str	r2, [r3, #4]
100028ae:	3308      	adds	r3, #8
100028b0:	4299      	cmp	r1, r3
100028b2:	d1fa      	bne.n	100028aa <runtime_init_install_ram_vector_table+0x4e>
100028b4:	2301      	movs	r3, #1
100028b6:	4203      	tst	r3, r0
100028b8:	d01c      	beq.n	100028f4 <runtime_init_install_ram_vector_table+0x98>
100028ba:	4398      	bics	r0, r3
100028bc:	19c6      	adds	r6, r0, r7
100028be:	00b3      	lsls	r3, r6, #2
100028c0:	50ea      	str	r2, [r5, r3]
100028c2:	1c73      	adds	r3, r6, #1
100028c4:	2e2f      	cmp	r6, #47	@ 0x2f
100028c6:	d015      	beq.n	100028f4 <runtime_init_install_ram_vector_table+0x98>
100028c8:	009b      	lsls	r3, r3, #2
100028ca:	50ea      	str	r2, [r5, r3]
100028cc:	1cb3      	adds	r3, r6, #2
100028ce:	2e2e      	cmp	r6, #46	@ 0x2e
100028d0:	d010      	beq.n	100028f4 <runtime_init_install_ram_vector_table+0x98>
100028d2:	009b      	lsls	r3, r3, #2
100028d4:	50ea      	str	r2, [r5, r3]
100028d6:	1cf3      	adds	r3, r6, #3
100028d8:	2e2d      	cmp	r6, #45	@ 0x2d
100028da:	d00b      	beq.n	100028f4 <runtime_init_install_ram_vector_table+0x98>
100028dc:	009b      	lsls	r3, r3, #2
100028de:	50ea      	str	r2, [r5, r3]
100028e0:	1d33      	adds	r3, r6, #4
100028e2:	2e2c      	cmp	r6, #44	@ 0x2c
100028e4:	d006      	beq.n	100028f4 <runtime_init_install_ram_vector_table+0x98>
100028e6:	009b      	lsls	r3, r3, #2
100028e8:	50ea      	str	r2, [r5, r3]
100028ea:	1d73      	adds	r3, r6, #5
100028ec:	2e2b      	cmp	r6, #43	@ 0x2b
100028ee:	d001      	beq.n	100028f4 <runtime_init_install_ram_vector_table+0x98>
100028f0:	009b      	lsls	r3, r3, #2
100028f2:	50ea      	str	r2, [r5, r3]
100028f4:	4b05      	ldr	r3, [pc, #20]	@ (1000290c <runtime_init_install_ram_vector_table+0xb0>)
100028f6:	609d      	str	r5, [r3, #8]
100028f8:	bdf8      	pop	{r3, r4, r5, r6, r7, pc}
100028fa:	46c0      	nop			@ (mov r8, r8)
100028fc:	10000100 	.word	0x10000100
10002900:	100001c0 	.word	0x100001c0
10002904:	20000000 	.word	0x20000000
10002908:	100001c1 	.word	0x100001c1
1000290c:	e000ed00 	.word	0xe000ed00

10002910 <runtime_init_clocks>:
10002910:	2300      	movs	r3, #0
10002912:	b510      	push	{r4, lr}
10002914:	4c29      	ldr	r4, [pc, #164]	@ (100029bc <runtime_init_clocks+0xac>)
10002916:	b082      	sub	sp, #8
10002918:	67a3      	str	r3, [r4, #120]	@ 0x78
1000291a:	f7ff ff2d 	bl	10002778 <xosc_init>
1000291e:	2201      	movs	r2, #1
10002920:	4b27      	ldr	r3, [pc, #156]	@ (100029c0 <runtime_init_clocks+0xb0>)
10002922:	601a      	str	r2, [r3, #0]
10002924:	6c63      	ldr	r3, [r4, #68]	@ 0x44
10002926:	2b01      	cmp	r3, #1
10002928:	d1fc      	bne.n	10002924 <runtime_init_clocks+0x14>
1000292a:	2203      	movs	r2, #3
1000292c:	4b25      	ldr	r3, [pc, #148]	@ (100029c4 <runtime_init_clocks+0xb4>)
1000292e:	601a      	str	r2, [r3, #0]
10002930:	4a22      	ldr	r2, [pc, #136]	@ (100029bc <runtime_init_clocks+0xac>)
10002932:	6b93      	ldr	r3, [r2, #56]	@ 0x38
10002934:	2b01      	cmp	r3, #1
10002936:	d1fc      	bne.n	10002932 <runtime_init_clocks+0x22>
10002938:	3301      	adds	r3, #1
1000293a:	9300      	str	r3, [sp, #0]
1000293c:	2101      	movs	r1, #1
1000293e:	4a22      	ldr	r2, [pc, #136]	@ (100029c8 <runtime_init_clocks+0xb8>)
10002940:	4822      	ldr	r0, [pc, #136]	@ (100029cc <runtime_init_clocks+0xbc>)
10002942:	3304      	adds	r3, #4
10002944:	f7ff febe 	bl	100026c4 <pll_init>
10002948:	2305      	movs	r3, #5
1000294a:	2101      	movs	r1, #1
1000294c:	9300      	str	r3, [sp, #0]
1000294e:	4a20      	ldr	r2, [pc, #128]	@ (100029d0 <runtime_init_clocks+0xc0>)
10002950:	4820      	ldr	r0, [pc, #128]	@ (100029d4 <runtime_init_clocks+0xc4>)
10002952:	f7ff feb7 	bl	100026c4 <pll_init>
10002956:	2200      	movs	r2, #0
10002958:	2102      	movs	r1, #2
1000295a:	2004      	movs	r0, #4
1000295c:	4b1e      	ldr	r3, [pc, #120]	@ (100029d8 <runtime_init_clocks+0xc8>)
1000295e:	f7ff fc25 	bl	100021ac <clock_configure_undivided>
10002962:	2200      	movs	r2, #0
10002964:	2101      	movs	r1, #1
10002966:	2005      	movs	r0, #5
10002968:	4b1c      	ldr	r3, [pc, #112]	@ (100029dc <runtime_init_clocks+0xcc>)
1000296a:	f7ff fc1f 	bl	100021ac <clock_configure_undivided>
1000296e:	2200      	movs	r2, #0
10002970:	2100      	movs	r1, #0
10002972:	2007      	movs	r0, #7
10002974:	4b1a      	ldr	r3, [pc, #104]	@ (100029e0 <runtime_init_clocks+0xd0>)
10002976:	f7ff fc19 	bl	100021ac <clock_configure_undivided>
1000297a:	2200      	movs	r2, #0
1000297c:	2100      	movs	r1, #0
1000297e:	2008      	movs	r0, #8
10002980:	4b17      	ldr	r3, [pc, #92]	@ (100029e0 <runtime_init_clocks+0xd0>)
10002982:	f7ff fc13 	bl	100021ac <clock_configure_undivided>
10002986:	2380      	movs	r3, #128	@ 0x80
10002988:	00db      	lsls	r3, r3, #3
1000298a:	9300      	str	r3, [sp, #0]
1000298c:	2200      	movs	r2, #0
1000298e:	2100      	movs	r1, #0
10002990:	2009      	movs	r0, #9
10002992:	4b13      	ldr	r3, [pc, #76]	@ (100029e0 <runtime_init_clocks+0xd0>)
10002994:	f7ff fb90 	bl	100020b8 <clock_configure_int_divider>
10002998:	2200      	movs	r2, #0
1000299a:	4b10      	ldr	r3, [pc, #64]	@ (100029dc <runtime_init_clocks+0xcc>)
1000299c:	2100      	movs	r1, #0
1000299e:	2006      	movs	r0, #6
100029a0:	f7ff fc04 	bl	100021ac <clock_configure_undivided>
100029a4:	2004      	movs	r0, #4
100029a6:	f7ff fc75 	bl	10002294 <clock_get_hz>
100029aa:	490e      	ldr	r1, [pc, #56]	@ (100029e4 <runtime_init_clocks+0xd4>)
100029ac:	f000 f84c 	bl	10002a48 <__wrap___aeabi_uidiv>
100029b0:	0001      	movs	r1, r0
100029b2:	2000      	movs	r0, #0
100029b4:	f7ff fed8 	bl	10002768 <tick_start>
100029b8:	b002      	add	sp, #8
100029ba:	bd10      	pop	{r4, pc}
100029bc:	40008000 	.word	0x40008000
100029c0:	4000b03c 	.word	0x4000b03c
100029c4:	4000b030 	.word	0x4000b030
100029c8:	59682f00 	.word	0x59682f00
100029cc:	40028000 	.word	0x40028000
100029d0:	47868c00 	.word	0x47868c00
100029d4:	4002c000 	.word	0x4002c000
100029d8:	00b71b00 	.word	0x00b71b00
100029dc:	07735940 	.word	0x07735940
100029e0:	02dc6c00 	.word	0x02dc6c00
100029e4:	000f4240 	.word	0x000f4240

100029e8 <__aeabi_bits_init>:
100029e8:	4801      	ldr	r0, [pc, #4]	@ (100029f0 <__aeabi_bits_init+0x8>)
100029ea:	2104      	movs	r1, #4
100029ec:	4b01      	ldr	r3, [pc, #4]	@ (100029f4 <__aeabi_bits_init+0xc>)
100029ee:	4718      	bx	r3
100029f0:	20001b10 	.word	0x20001b10
100029f4:	10001455 	.word	0x10001455

100029f8 <__wrap___aeabi_idiv>:
100029f8:	4a12      	ldr	r2, [pc, #72]	@ (10002a44 <divmod_s32s32_savestate+0x18>)
100029fa:	6f93      	ldr	r3, [r2, #120]	@ 0x78
100029fc:	089b      	lsrs	r3, r3, #2
100029fe:	d215      	bcs.n	10002a2c <divmod_s32s32_savestate>

10002a00 <divmod_s32s32_unsafe>:
10002a00:	6690      	str	r0, [r2, #104]	@ 0x68
10002a02:	66d1      	str	r1, [r2, #108]	@ 0x6c
10002a04:	2900      	cmp	r1, #0
10002a06:	d005      	beq.n	10002a14 <divmod_s32s32_unsafe+0x14>
10002a08:	e7ff      	b.n	10002a0a <divmod_s32s32_unsafe+0xa>
10002a0a:	e7ff      	b.n	10002a0c <divmod_s32s32_unsafe+0xc>
10002a0c:	e7ff      	b.n	10002a0e <divmod_s32s32_unsafe+0xe>
10002a0e:	6f51      	ldr	r1, [r2, #116]	@ 0x74
10002a10:	6f10      	ldr	r0, [r2, #112]	@ 0x70
10002a12:	4770      	bx	lr
10002a14:	b504      	push	{r2, lr}
10002a16:	2180      	movs	r1, #128	@ 0x80
10002a18:	0609      	lsls	r1, r1, #24
10002a1a:	17c2      	asrs	r2, r0, #31
10002a1c:	4051      	eors	r1, r2
10002a1e:	2800      	cmp	r0, #0
10002a20:	d000      	beq.n	10002a24 <divmod_s32s32_unsafe+0x24>
10002a22:	43c8      	mvns	r0, r1
10002a24:	f001 f8d4 	bl	10003bd0 <____aeabi_idiv0_veneer>
10002a28:	2100      	movs	r1, #0
10002a2a:	bd04      	pop	{r2, pc}

10002a2c <divmod_s32s32_savestate>:
10002a2c:	b5f0      	push	{r4, r5, r6, r7, lr}
10002a2e:	6e14      	ldr	r4, [r2, #96]	@ 0x60
10002a30:	6e55      	ldr	r5, [r2, #100]	@ 0x64
10002a32:	6f57      	ldr	r7, [r2, #116]	@ 0x74
10002a34:	6f16      	ldr	r6, [r2, #112]	@ 0x70
10002a36:	f7ff ffe3 	bl	10002a00 <divmod_s32s32_unsafe>
10002a3a:	6614      	str	r4, [r2, #96]	@ 0x60
10002a3c:	6655      	str	r5, [r2, #100]	@ 0x64
10002a3e:	6757      	str	r7, [r2, #116]	@ 0x74
10002a40:	6716      	str	r6, [r2, #112]	@ 0x70
10002a42:	bdf0      	pop	{r4, r5, r6, r7, pc}
10002a44:	d0000000 	.word	0xd0000000

10002a48 <__wrap___aeabi_uidiv>:
10002a48:	4a11      	ldr	r2, [pc, #68]	@ (10002a90 <divmod_u32u32_savestate+0x18>)
10002a4a:	6f93      	ldr	r3, [r2, #120]	@ 0x78
10002a4c:	089b      	lsrs	r3, r3, #2
10002a4e:	d213      	bcs.n	10002a78 <divmod_u32u32_savestate>

10002a50 <divmod_u32u32_unsafe>:
10002a50:	6610      	str	r0, [r2, #96]	@ 0x60
10002a52:	6651      	str	r1, [r2, #100]	@ 0x64
10002a54:	2900      	cmp	r1, #0
10002a56:	d005      	beq.n	10002a64 <divmod_u32u32_unsafe+0x14>
10002a58:	e7ff      	b.n	10002a5a <divmod_u32u32_unsafe+0xa>
10002a5a:	e7ff      	b.n	10002a5c <divmod_u32u32_unsafe+0xc>
10002a5c:	e7ff      	b.n	10002a5e <divmod_u32u32_unsafe+0xe>
10002a5e:	6f51      	ldr	r1, [r2, #116]	@ 0x74
10002a60:	6f10      	ldr	r0, [r2, #112]	@ 0x70
10002a62:	4770      	bx	lr
10002a64:	b504      	push	{r2, lr}
10002a66:	2800      	cmp	r0, #0
10002a68:	d001      	beq.n	10002a6e <divmod_u32u32_unsafe+0x1e>
10002a6a:	2000      	movs	r0, #0
10002a6c:	43c0      	mvns	r0, r0
10002a6e:	f001 f8af 	bl	10003bd0 <____aeabi_idiv0_veneer>
10002a72:	2100      	movs	r1, #0
10002a74:	bd04      	pop	{r2, pc}
10002a76:	46c0      	nop			@ (mov r8, r8)

10002a78 <divmod_u32u32_savestate>:
10002a78:	b5f0      	push	{r4, r5, r6, r7, lr}
10002a7a:	6e14      	ldr	r4, [r2, #96]	@ 0x60
10002a7c:	6e55      	ldr	r5, [r2, #100]	@ 0x64
10002a7e:	6f57      	ldr	r7, [r2, #116]	@ 0x74
10002a80:	6f16      	ldr	r6, [r2, #112]	@ 0x70
10002a82:	f7ff ffe5 	bl	10002a50 <divmod_u32u32_unsafe>
10002a86:	6614      	str	r4, [r2, #96]	@ 0x60
10002a88:	6655      	str	r5, [r2, #100]	@ 0x64
10002a8a:	6757      	str	r7, [r2, #116]	@ 0x74
10002a8c:	6716      	str	r6, [r2, #112]	@ 0x70
10002a8e:	bdf0      	pop	{r4, r5, r6, r7, pc}
10002a90:	d0000000 	.word	0xd0000000

10002a94 <__wrap___aeabi_ldivmod>:
10002a94:	4694      	mov	ip, r2
10002a96:	4a4a      	ldr	r2, [pc, #296]	@ (10002bc0 <udiv0+0x1a>)
10002a98:	6f92      	ldr	r2, [r2, #120]	@ 0x78
10002a9a:	0892      	lsrs	r2, r2, #2
10002a9c:	4662      	mov	r2, ip
10002a9e:	d201      	bcs.n	10002aa4 <divmod_s64s64_savestate>
10002aa0:	e028      	b.n	10002af4 <divmod_s64s64_unsafe>
10002aa2:	46c0      	nop			@ (mov r8, r8)

10002aa4 <divmod_s64s64_savestate>:
10002aa4:	b5f0      	push	{r4, r5, r6, r7, lr}
10002aa6:	4e46      	ldr	r6, [pc, #280]	@ (10002bc0 <udiv0+0x1a>)
10002aa8:	6e34      	ldr	r4, [r6, #96]	@ 0x60
10002aaa:	6e75      	ldr	r5, [r6, #100]	@ 0x64
10002aac:	6f77      	ldr	r7, [r6, #116]	@ 0x74
10002aae:	6f36      	ldr	r6, [r6, #112]	@ 0x70
10002ab0:	f000 f820 	bl	10002af4 <divmod_s64s64_unsafe>
10002ab4:	4694      	mov	ip, r2
10002ab6:	4a42      	ldr	r2, [pc, #264]	@ (10002bc0 <udiv0+0x1a>)
10002ab8:	6614      	str	r4, [r2, #96]	@ 0x60
10002aba:	6655      	str	r5, [r2, #100]	@ 0x64
10002abc:	6757      	str	r7, [r2, #116]	@ 0x74
10002abe:	6716      	str	r6, [r2, #112]	@ 0x70
10002ac0:	4662      	mov	r2, ip
10002ac2:	bdf0      	pop	{r4, r5, r6, r7, pc}

10002ac4 <__wrap___aeabi_uldivmod>:
10002ac4:	4694      	mov	ip, r2
10002ac6:	4a3e      	ldr	r2, [pc, #248]	@ (10002bc0 <udiv0+0x1a>)
10002ac8:	6f92      	ldr	r2, [r2, #120]	@ 0x78
10002aca:	0892      	lsrs	r2, r2, #2
10002acc:	4662      	mov	r2, ip
10002ace:	d201      	bcs.n	10002ad4 <divmod_u64u64_savestate>
10002ad0:	e054      	b.n	10002b7c <divmod_u64u64_unsafe>
10002ad2:	46c0      	nop			@ (mov r8, r8)

10002ad4 <divmod_u64u64_savestate>:
10002ad4:	b5f0      	push	{r4, r5, r6, r7, lr}
10002ad6:	4e3a      	ldr	r6, [pc, #232]	@ (10002bc0 <udiv0+0x1a>)
10002ad8:	6e34      	ldr	r4, [r6, #96]	@ 0x60
10002ada:	6e75      	ldr	r5, [r6, #100]	@ 0x64
10002adc:	6f77      	ldr	r7, [r6, #116]	@ 0x74
10002ade:	6f36      	ldr	r6, [r6, #112]	@ 0x70
10002ae0:	f000 f84c 	bl	10002b7c <divmod_u64u64_unsafe>
10002ae4:	4694      	mov	ip, r2
10002ae6:	4a36      	ldr	r2, [pc, #216]	@ (10002bc0 <udiv0+0x1a>)
10002ae8:	6614      	str	r4, [r2, #96]	@ 0x60
10002aea:	6655      	str	r5, [r2, #100]	@ 0x64
10002aec:	6757      	str	r7, [r2, #116]	@ 0x74
10002aee:	6716      	str	r6, [r2, #112]	@ 0x70
10002af0:	4662      	mov	r2, ip
10002af2:	bdf0      	pop	{r4, r5, r6, r7, pc}

10002af4 <divmod_s64s64_unsafe>:
10002af4:	2b00      	cmp	r3, #0
10002af6:	db24      	blt.n	10002b42 <l42_1+0x26>
10002af8:	d011      	beq.n	10002b1e <l42_1+0x2>
10002afa:	2900      	cmp	r1, #0
10002afc:	da3e      	bge.n	10002b7c <divmod_u64u64_unsafe>
10002afe:	b500      	push	{lr}
10002b00:	43c9      	mvns	r1, r1
10002b02:	4240      	negs	r0, r0
10002b04:	d100      	bne.n	10002b08 <l40_1>
10002b06:	3101      	adds	r1, #1

10002b08 <l40_1>:
10002b08:	f000 f838 	bl	10002b7c <divmod_u64u64_unsafe>
10002b0c:	43c9      	mvns	r1, r1
10002b0e:	4240      	negs	r0, r0
10002b10:	d100      	bne.n	10002b14 <l41_1>
10002b12:	3101      	adds	r1, #1

10002b14 <l41_1>:
10002b14:	43db      	mvns	r3, r3
10002b16:	4252      	negs	r2, r2
10002b18:	d100      	bne.n	10002b1c <l42_1>
10002b1a:	3301      	adds	r3, #1

10002b1c <l42_1>:
10002b1c:	bd00      	pop	{pc}
10002b1e:	2a00      	cmp	r2, #0
10002b20:	d1eb      	bne.n	10002afa <divmod_s64s64_unsafe+0x6>
10002b22:	2800      	cmp	r0, #0
10002b24:	d101      	bne.n	10002b2a <l42_1+0xe>
10002b26:	2900      	cmp	r1, #0
10002b28:	d005      	beq.n	10002b36 <l42_1+0x1a>
10002b2a:	2000      	movs	r0, #0
10002b2c:	0fc9      	lsrs	r1, r1, #31
10002b2e:	07c9      	lsls	r1, r1, #31
10002b30:	d101      	bne.n	10002b36 <l42_1+0x1a>
10002b32:	43c0      	mvns	r0, r0
10002b34:	0841      	lsrs	r1, r0, #1
10002b36:	b500      	push	{lr}
10002b38:	f001 f842 	bl	10003bc0 <____aeabi_ldiv0_veneer>
10002b3c:	2200      	movs	r2, #0
10002b3e:	2300      	movs	r3, #0
10002b40:	bd00      	pop	{pc}
10002b42:	b500      	push	{lr}
10002b44:	2900      	cmp	r1, #0
10002b46:	db0a      	blt.n	10002b5e <l44_1+0x2>
10002b48:	43db      	mvns	r3, r3
10002b4a:	4252      	negs	r2, r2
10002b4c:	d100      	bne.n	10002b50 <l43_1>
10002b4e:	3301      	adds	r3, #1

10002b50 <l43_1>:
10002b50:	f000 f814 	bl	10002b7c <divmod_u64u64_unsafe>
10002b54:	43c9      	mvns	r1, r1
10002b56:	4240      	negs	r0, r0
10002b58:	d100      	bne.n	10002b5c <l44_1>
10002b5a:	3101      	adds	r1, #1

10002b5c <l44_1>:
10002b5c:	bd00      	pop	{pc}
10002b5e:	43c9      	mvns	r1, r1
10002b60:	4240      	negs	r0, r0
10002b62:	d100      	bne.n	10002b66 <l45_1>
10002b64:	3101      	adds	r1, #1

10002b66 <l45_1>:
10002b66:	43db      	mvns	r3, r3
10002b68:	4252      	negs	r2, r2
10002b6a:	d100      	bne.n	10002b6e <l46_1>
10002b6c:	3301      	adds	r3, #1

10002b6e <l46_1>:
10002b6e:	f000 f805 	bl	10002b7c <divmod_u64u64_unsafe>
10002b72:	43db      	mvns	r3, r3
10002b74:	4252      	negs	r2, r2
10002b76:	d100      	bne.n	10002b7a <l47_1>
10002b78:	3301      	adds	r3, #1

10002b7a <l47_1>:
10002b7a:	bd00      	pop	{pc}

10002b7c <divmod_u64u64_unsafe>:
10002b7c:	2900      	cmp	r1, #0
10002b7e:	d123      	bne.n	10002bc8 <y64>
10002b80:	2b00      	cmp	r3, #0
10002b82:	d118      	bne.n	10002bb6 <udiv0+0x10>
10002b84:	2a00      	cmp	r2, #0
10002b86:	d00c      	beq.n	10002ba2 <divmod_u64u64_unsafe+0x26>
10002b88:	46bc      	mov	ip, r7
10002b8a:	4f0d      	ldr	r7, [pc, #52]	@ (10002bc0 <udiv0+0x1a>)
10002b8c:	6638      	str	r0, [r7, #96]	@ 0x60
10002b8e:	667a      	str	r2, [r7, #100]	@ 0x64
10002b90:	2100      	movs	r1, #0
10002b92:	2300      	movs	r3, #0
10002b94:	e7ff      	b.n	10002b96 <divmod_u64u64_unsafe+0x1a>
10002b96:	e7ff      	b.n	10002b98 <divmod_u64u64_unsafe+0x1c>
10002b98:	e7ff      	b.n	10002b9a <divmod_u64u64_unsafe+0x1e>
10002b9a:	6f7a      	ldr	r2, [r7, #116]	@ 0x74
10002b9c:	6f38      	ldr	r0, [r7, #112]	@ 0x70
10002b9e:	4667      	mov	r7, ip
10002ba0:	4770      	bx	lr
10002ba2:	2800      	cmp	r0, #0
10002ba4:	d001      	beq.n	10002baa <udiv0+0x4>

10002ba6 <udiv0>:
10002ba6:	4807      	ldr	r0, [pc, #28]	@ (10002bc4 <udiv0+0x1e>)
10002ba8:	0001      	movs	r1, r0
10002baa:	b500      	push	{lr}
10002bac:	f001 f808 	bl	10003bc0 <____aeabi_ldiv0_veneer>
10002bb0:	2200      	movs	r2, #0
10002bb2:	2300      	movs	r3, #0
10002bb4:	bd00      	pop	{pc}
10002bb6:	0002      	movs	r2, r0
10002bb8:	000b      	movs	r3, r1
10002bba:	2000      	movs	r0, #0
10002bbc:	2100      	movs	r1, #0
10002bbe:	4770      	bx	lr
10002bc0:	d0000000 	.word	0xd0000000
10002bc4:	ffffffff 	.word	0xffffffff

10002bc8 <y64>:
10002bc8:	2b00      	cmp	r3, #0
10002bca:	d000      	beq.n	10002bce <y64+0x6>
10002bcc:	e0bf      	b.n	10002d4e <y64_x48>
10002bce:	0c13      	lsrs	r3, r2, #16
10002bd0:	d128      	bne.n	10002c24 <y64_x32>
10002bd2:	2a00      	cmp	r2, #0
10002bd4:	d0e7      	beq.n	10002ba6 <udiv0>
10002bd6:	b480      	push	{r7}
10002bd8:	4f11      	ldr	r7, [pc, #68]	@ (10002c20 <y64+0x58>)
10002bda:	6639      	str	r1, [r7, #96]	@ 0x60
10002bdc:	667a      	str	r2, [r7, #100]	@ 0x64
10002bde:	e7ff      	b.n	10002be0 <y64+0x18>
10002be0:	e7ff      	b.n	10002be2 <y64+0x1a>
10002be2:	b430      	push	{r4, r5}
10002be4:	0c04      	lsrs	r4, r0, #16
10002be6:	6f7b      	ldr	r3, [r7, #116]	@ 0x74
10002be8:	6f39      	ldr	r1, [r7, #112]	@ 0x70
10002bea:	041b      	lsls	r3, r3, #16
10002bec:	4323      	orrs	r3, r4
10002bee:	663b      	str	r3, [r7, #96]	@ 0x60
10002bf0:	667a      	str	r2, [r7, #100]	@ 0x64
10002bf2:	e7ff      	b.n	10002bf4 <y64+0x2c>
10002bf4:	e7ff      	b.n	10002bf6 <y64+0x2e>
10002bf6:	e7ff      	b.n	10002bf8 <y64+0x30>
10002bf8:	46c0      	nop			@ (mov r8, r8)
10002bfa:	b284      	uxth	r4, r0
10002bfc:	6f7b      	ldr	r3, [r7, #116]	@ 0x74
10002bfe:	6f3d      	ldr	r5, [r7, #112]	@ 0x70
10002c00:	041b      	lsls	r3, r3, #16
10002c02:	4323      	orrs	r3, r4
10002c04:	663b      	str	r3, [r7, #96]	@ 0x60
10002c06:	667a      	str	r2, [r7, #100]	@ 0x64
10002c08:	e7ff      	b.n	10002c0a <y64+0x42>
10002c0a:	e7ff      	b.n	10002c0c <y64+0x44>
10002c0c:	46c0      	nop			@ (mov r8, r8)
10002c0e:	2300      	movs	r3, #0
10002c10:	042c      	lsls	r4, r5, #16
10002c12:	0c2d      	lsrs	r5, r5, #16
10002c14:	6f7a      	ldr	r2, [r7, #116]	@ 0x74
10002c16:	6f38      	ldr	r0, [r7, #112]	@ 0x70
10002c18:	1900      	adds	r0, r0, r4
10002c1a:	4169      	adcs	r1, r5
10002c1c:	bcb0      	pop	{r4, r5, r7}
10002c1e:	4770      	bx	lr
10002c20:	d0000000 	.word	0xd0000000

10002c24 <y64_x32>:
10002c24:	b5f0      	push	{r4, r5, r6, r7, lr}
10002c26:	4694      	mov	ip, r2
10002c28:	2500      	movs	r5, #0
10002c2a:	0e14      	lsrs	r4, r2, #24
10002c2c:	d101      	bne.n	10002c32 <y64_x32+0xe>
10002c2e:	0212      	lsls	r2, r2, #8
10002c30:	3508      	adds	r5, #8
10002c32:	0f14      	lsrs	r4, r2, #28
10002c34:	d101      	bne.n	10002c3a <y64_x32+0x16>
10002c36:	0112      	lsls	r2, r2, #4
10002c38:	3504      	adds	r5, #4
10002c3a:	0f94      	lsrs	r4, r2, #30
10002c3c:	d101      	bne.n	10002c42 <y64_x32+0x1e>
10002c3e:	0092      	lsls	r2, r2, #2
10002c40:	3502      	adds	r5, #2
10002c42:	0fd4      	lsrs	r4, r2, #31
10002c44:	d101      	bne.n	10002c4a <y64_x32+0x26>
10002c46:	0052      	lsls	r2, r2, #1
10002c48:	3501      	adds	r5, #1
10002c4a:	0bd4      	lsrs	r4, r2, #15
10002c4c:	3401      	adds	r4, #1
10002c4e:	4f25      	ldr	r7, [pc, #148]	@ (10002ce4 <y64_x32+0xc0>)
10002c50:	667c      	str	r4, [r7, #100]	@ 0x64
10002c52:	4c25      	ldr	r4, [pc, #148]	@ (10002ce8 <y64_x32+0xc4>)
10002c54:	663c      	str	r4, [r7, #96]	@ 0x60
10002c56:	0c0e      	lsrs	r6, r1, #16
10002c58:	b293      	uxth	r3, r2
10002c5a:	e7ff      	b.n	10002c5c <y64_x32+0x38>
10002c5c:	e7ff      	b.n	10002c5e <y64_x32+0x3a>
10002c5e:	e7ff      	b.n	10002c60 <y64_x32+0x3c>
10002c60:	6f3c      	ldr	r4, [r7, #112]	@ 0x70
10002c62:	4366      	muls	r6, r4
10002c64:	0c36      	lsrs	r6, r6, #16
10002c66:	0377      	lsls	r7, r6, #13
10002c68:	46be      	mov	lr, r7
10002c6a:	4373      	muls	r3, r6
10002c6c:	0bdf      	lsrs	r7, r3, #15
10002c6e:	045b      	lsls	r3, r3, #17
10002c70:	1ac0      	subs	r0, r0, r3
10002c72:	41b9      	sbcs	r1, r7
10002c74:	0c13      	lsrs	r3, r2, #16
10002c76:	4373      	muls	r3, r6
10002c78:	18db      	adds	r3, r3, r3
10002c7a:	1ac9      	subs	r1, r1, r3
10002c7c:	08ce      	lsrs	r6, r1, #3
10002c7e:	4366      	muls	r6, r4
10002c80:	0c36      	lsrs	r6, r6, #16
10002c82:	44b6      	add	lr, r6
10002c84:	b293      	uxth	r3, r2
10002c86:	4373      	muls	r3, r6
10002c88:	0f1f      	lsrs	r7, r3, #28
10002c8a:	011b      	lsls	r3, r3, #4
10002c8c:	1ac0      	subs	r0, r0, r3
10002c8e:	41b9      	sbcs	r1, r7
10002c90:	0c13      	lsrs	r3, r2, #16
10002c92:	4373      	muls	r3, r6
10002c94:	0b1f      	lsrs	r7, r3, #12
10002c96:	051b      	lsls	r3, r3, #20
10002c98:	1ac0      	subs	r0, r0, r3
10002c9a:	41b9      	sbcs	r1, r7
10002c9c:	0d86      	lsrs	r6, r0, #22
10002c9e:	028f      	lsls	r7, r1, #10
10002ca0:	433e      	orrs	r6, r7
10002ca2:	4366      	muls	r6, r4
10002ca4:	0c36      	lsrs	r6, r6, #16
10002ca6:	2d09      	cmp	r5, #9
10002ca8:	db24      	blt.n	10002cf4 <last0>
10002caa:	0a52      	lsrs	r2, r2, #9
10002cac:	4372      	muls	r2, r6
10002cae:	1a80      	subs	r0, r0, r2
10002cb0:	0377      	lsls	r7, r6, #13
10002cb2:	0a46      	lsrs	r6, r0, #9
10002cb4:	4366      	muls	r6, r4
10002cb6:	0c36      	lsrs	r6, r6, #16
10002cb8:	2316      	movs	r3, #22
10002cba:	1b5b      	subs	r3, r3, r5
10002cbc:	40de      	lsrs	r6, r3
10002cbe:	40df      	lsrs	r7, r3
10002cc0:	19bf      	adds	r7, r7, r6
10002cc2:	4664      	mov	r4, ip
10002cc4:	4366      	muls	r6, r4
10002cc6:	1b82      	subs	r2, r0, r6
10002cc8:	4670      	mov	r0, lr
10002cca:	3504      	adds	r5, #4
10002ccc:	3306      	adds	r3, #6
10002cce:	0001      	movs	r1, r0
10002cd0:	40d9      	lsrs	r1, r3
10002cd2:	40a8      	lsls	r0, r5
10002cd4:	19c0      	adds	r0, r0, r7
10002cd6:	d300      	bcc.n	10002cda <y64_x32+0xb6>
10002cd8:	3101      	adds	r1, #1
10002cda:	42a2      	cmp	r2, r4
10002cdc:	d206      	bcs.n	10002cec <y64_x32+0xc8>
10002cde:	2300      	movs	r3, #0
10002ce0:	bdf0      	pop	{r4, r5, r6, r7, pc}
10002ce2:	0000      	.short	0x0000
10002ce4:	d0000000 	.word	0xd0000000
10002ce8:	ffffffff 	.word	0xffffffff
10002cec:	1b12      	subs	r2, r2, r4
10002cee:	3001      	adds	r0, #1
10002cf0:	d3f3      	bcc.n	10002cda <y64_x32+0xb6>
10002cf2:	e7f1      	b.n	10002cd8 <y64_x32+0xb4>

10002cf4 <last0>:
10002cf4:	2709      	movs	r7, #9
10002cf6:	1b7f      	subs	r7, r7, r5
10002cf8:	40fe      	lsrs	r6, r7
10002cfa:	4664      	mov	r4, ip
10002cfc:	b2a2      	uxth	r2, r4
10002cfe:	4372      	muls	r2, r6
10002d00:	1a80      	subs	r0, r0, r2
10002d02:	d200      	bcs.n	10002d06 <last0+0x12>
10002d04:	3901      	subs	r1, #1
10002d06:	0c22      	lsrs	r2, r4, #16
10002d08:	4372      	muls	r2, r6
10002d0a:	0c13      	lsrs	r3, r2, #16
10002d0c:	0412      	lsls	r2, r2, #16
10002d0e:	1a82      	subs	r2, r0, r2
10002d10:	4199      	sbcs	r1, r3
10002d12:	000b      	movs	r3, r1
10002d14:	4670      	mov	r0, lr
10002d16:	3504      	adds	r5, #4
10002d18:	3713      	adds	r7, #19
10002d1a:	0001      	movs	r1, r0
10002d1c:	40f9      	lsrs	r1, r7
10002d1e:	40a8      	lsls	r0, r5
10002d20:	1980      	adds	r0, r0, r6
10002d22:	d300      	bcc.n	10002d26 <last0+0x32>
10002d24:	3101      	adds	r1, #1
10002d26:	2b00      	cmp	r3, #0
10002d28:	d102      	bne.n	10002d30 <last0+0x3c>
10002d2a:	42a2      	cmp	r2, r4
10002d2c:	d20a      	bcs.n	10002d44 <last0+0x50>
10002d2e:	bdf0      	pop	{r4, r5, r6, r7, pc}
10002d30:	3001      	adds	r0, #1
10002d32:	d300      	bcc.n	10002d36 <last0+0x42>
10002d34:	3101      	adds	r1, #1
10002d36:	1b12      	subs	r2, r2, r4
10002d38:	d2fa      	bcs.n	10002d30 <last0+0x3c>
10002d3a:	3b01      	subs	r3, #1
10002d3c:	d1f8      	bne.n	10002d30 <last0+0x3c>
10002d3e:	42a2      	cmp	r2, r4
10002d40:	d200      	bcs.n	10002d44 <last0+0x50>
10002d42:	bdf0      	pop	{r4, r5, r6, r7, pc}
10002d44:	3001      	adds	r0, #1
10002d46:	d300      	bcc.n	10002d4a <last0+0x56>
10002d48:	3101      	adds	r1, #1
10002d4a:	1b12      	subs	r2, r2, r4
10002d4c:	e7f7      	b.n	10002d3e <last0+0x4a>

10002d4e <y64_x48>:
10002d4e:	b5f0      	push	{r4, r5, r6, r7, lr}
10002d50:	0c1c      	lsrs	r4, r3, #16
10002d52:	d000      	beq.n	10002d56 <y64_x48+0x8>
10002d54:	e080      	b.n	10002e58 <y64_x64>
10002d56:	b40c      	push	{r2, r3}
10002d58:	2500      	movs	r5, #0
10002d5a:	0a1c      	lsrs	r4, r3, #8
10002d5c:	d104      	bne.n	10002d68 <y64_x48+0x1a>
10002d5e:	021b      	lsls	r3, r3, #8
10002d60:	0e16      	lsrs	r6, r2, #24
10002d62:	4333      	orrs	r3, r6
10002d64:	0212      	lsls	r2, r2, #8
10002d66:	3508      	adds	r5, #8
10002d68:	0b1c      	lsrs	r4, r3, #12
10002d6a:	d104      	bne.n	10002d76 <y64_x48+0x28>
10002d6c:	011b      	lsls	r3, r3, #4
10002d6e:	0f16      	lsrs	r6, r2, #28
10002d70:	4333      	orrs	r3, r6
10002d72:	0112      	lsls	r2, r2, #4
10002d74:	3504      	adds	r5, #4
10002d76:	0b9c      	lsrs	r4, r3, #14
10002d78:	d104      	bne.n	10002d84 <y64_x48+0x36>
10002d7a:	009b      	lsls	r3, r3, #2
10002d7c:	0f96      	lsrs	r6, r2, #30
10002d7e:	4333      	orrs	r3, r6
10002d80:	0092      	lsls	r2, r2, #2
10002d82:	3502      	adds	r5, #2
10002d84:	0bdc      	lsrs	r4, r3, #15
10002d86:	d102      	bne.n	10002d8e <y64_x48+0x40>
10002d88:	1892      	adds	r2, r2, r2
10002d8a:	415b      	adcs	r3, r3
10002d8c:	3501      	adds	r5, #1
10002d8e:	001c      	movs	r4, r3
10002d90:	1897      	adds	r7, r2, r2
10002d92:	4164      	adcs	r4, r4
10002d94:	3401      	adds	r4, #1
10002d96:	4f46      	ldr	r7, [pc, #280]	@ (10002eb0 <y64_x64+0x58>)
10002d98:	667c      	str	r4, [r7, #100]	@ 0x64
10002d9a:	4c46      	ldr	r4, [pc, #280]	@ (10002eb4 <y64_x64+0x5c>)
10002d9c:	663c      	str	r4, [r7, #96]	@ 0x60
10002d9e:	0c0e      	lsrs	r6, r1, #16
10002da0:	e7ff      	b.n	10002da2 <y64_x48+0x54>
10002da2:	e7ff      	b.n	10002da4 <y64_x48+0x56>
10002da4:	e7ff      	b.n	10002da6 <y64_x48+0x58>
10002da6:	46c0      	nop			@ (mov r8, r8)
10002da8:	6f3c      	ldr	r4, [r7, #112]	@ 0x70
10002daa:	4366      	muls	r6, r4
10002dac:	0c36      	lsrs	r6, r6, #16
10002dae:	0377      	lsls	r7, r6, #13
10002db0:	46be      	mov	lr, r7
10002db2:	b297      	uxth	r7, r2
10002db4:	4377      	muls	r7, r6
10002db6:	1bc0      	subs	r0, r0, r7
10002db8:	d200      	bcs.n	10002dbc <y64_x48+0x6e>
10002dba:	3901      	subs	r1, #1
10002dbc:	1bc0      	subs	r0, r0, r7
10002dbe:	d200      	bcs.n	10002dc2 <y64_x48+0x74>
10002dc0:	3901      	subs	r1, #1
10002dc2:	b29f      	uxth	r7, r3
10002dc4:	4377      	muls	r7, r6
10002dc6:	1bc9      	subs	r1, r1, r7
10002dc8:	1bc9      	subs	r1, r1, r7
10002dca:	0c17      	lsrs	r7, r2, #16
10002dcc:	4377      	muls	r7, r6
10002dce:	047e      	lsls	r6, r7, #17
10002dd0:	0bff      	lsrs	r7, r7, #15
10002dd2:	1b80      	subs	r0, r0, r6
10002dd4:	41b9      	sbcs	r1, r7
10002dd6:	08ce      	lsrs	r6, r1, #3
10002dd8:	4366      	muls	r6, r4
10002dda:	0c36      	lsrs	r6, r6, #16
10002ddc:	2d0c      	cmp	r5, #12
10002dde:	db33      	blt.n	10002e48 <last1>
10002de0:	44b6      	add	lr, r6
10002de2:	0b12      	lsrs	r2, r2, #12
10002de4:	051f      	lsls	r7, r3, #20
10002de6:	433a      	orrs	r2, r7
10002de8:	0b1b      	lsrs	r3, r3, #12
10002dea:	b297      	uxth	r7, r2
10002dec:	4377      	muls	r7, r6
10002dee:	1bc0      	subs	r0, r0, r7
10002df0:	d200      	bcs.n	10002df4 <y64_x48+0xa6>
10002df2:	3901      	subs	r1, #1
10002df4:	b29f      	uxth	r7, r3
10002df6:	4377      	muls	r7, r6
10002df8:	1bc9      	subs	r1, r1, r7
10002dfa:	0c17      	lsrs	r7, r2, #16
10002dfc:	4377      	muls	r7, r6
10002dfe:	043e      	lsls	r6, r7, #16
10002e00:	0c3f      	lsrs	r7, r7, #16
10002e02:	1b80      	subs	r0, r0, r6
10002e04:	41b9      	sbcs	r1, r7
10002e06:	0d86      	lsrs	r6, r0, #22
10002e08:	028f      	lsls	r7, r1, #10
10002e0a:	433e      	orrs	r6, r7
10002e0c:	4366      	muls	r6, r4
10002e0e:	2729      	movs	r7, #41	@ 0x29
10002e10:	1b7f      	subs	r7, r7, r5
10002e12:	40fe      	lsrs	r6, r7
10002e14:	3d0c      	subs	r5, #12
10002e16:	4677      	mov	r7, lr
10002e18:	40af      	lsls	r7, r5
10002e1a:	19bf      	adds	r7, r7, r6
10002e1c:	bc30      	pop	{r4, r5}
10002e1e:	b2a2      	uxth	r2, r4
10002e20:	b2ab      	uxth	r3, r5
10002e22:	4372      	muls	r2, r6
10002e24:	4373      	muls	r3, r6
10002e26:	1a80      	subs	r0, r0, r2
10002e28:	4199      	sbcs	r1, r3
10002e2a:	0c22      	lsrs	r2, r4, #16
10002e2c:	4372      	muls	r2, r6
10002e2e:	0c13      	lsrs	r3, r2, #16
10002e30:	0412      	lsls	r2, r2, #16
10002e32:	1a80      	subs	r0, r0, r2
10002e34:	4199      	sbcs	r1, r3
10002e36:	0002      	movs	r2, r0
10002e38:	000b      	movs	r3, r1
10002e3a:	3701      	adds	r7, #1
10002e3c:	1b00      	subs	r0, r0, r4
10002e3e:	41a9      	sbcs	r1, r5
10002e40:	d2f9      	bcs.n	10002e36 <y64_x48+0xe8>
10002e42:	1e78      	subs	r0, r7, #1
10002e44:	2100      	movs	r1, #0
10002e46:	bdf0      	pop	{r4, r5, r6, r7, pc}

10002e48 <last1>:
10002e48:	270c      	movs	r7, #12
10002e4a:	1b7f      	subs	r7, r7, r5
10002e4c:	40fe      	lsrs	r6, r7
10002e4e:	4677      	mov	r7, lr
10002e50:	0b7f      	lsrs	r7, r7, #13
10002e52:	40af      	lsls	r7, r5
10002e54:	19ff      	adds	r7, r7, r7
10002e56:	e7e0      	b.n	10002e1a <y64_x48+0xcc>

10002e58 <y64_x64>:
10002e58:	2400      	movs	r4, #0
10002e5a:	1c5d      	adds	r5, r3, #1
10002e5c:	d007      	beq.n	10002e6e <y64_x64+0x16>
10002e5e:	4f14      	ldr	r7, [pc, #80]	@ (10002eb0 <y64_x64+0x58>)
10002e60:	667d      	str	r5, [r7, #100]	@ 0x64
10002e62:	6639      	str	r1, [r7, #96]	@ 0x60
10002e64:	e7ff      	b.n	10002e66 <y64_x64+0xe>
10002e66:	e7ff      	b.n	10002e68 <y64_x64+0x10>
10002e68:	e7ff      	b.n	10002e6a <y64_x64+0x12>
10002e6a:	e7ff      	b.n	10002e6c <y64_x64+0x14>
10002e6c:	6f3c      	ldr	r4, [r7, #112]	@ 0x70
10002e6e:	b295      	uxth	r5, r2
10002e70:	b29e      	uxth	r6, r3
10002e72:	4365      	muls	r5, r4
10002e74:	4366      	muls	r6, r4
10002e76:	1b40      	subs	r0, r0, r5
10002e78:	41b1      	sbcs	r1, r6
10002e7a:	0c15      	lsrs	r5, r2, #16
10002e7c:	0c1e      	lsrs	r6, r3, #16
10002e7e:	4365      	muls	r5, r4
10002e80:	4366      	muls	r6, r4
10002e82:	0436      	lsls	r6, r6, #16
10002e84:	0c2f      	lsrs	r7, r5, #16
10002e86:	433e      	orrs	r6, r7
10002e88:	042d      	lsls	r5, r5, #16
10002e8a:	1b40      	subs	r0, r0, r5
10002e8c:	41b1      	sbcs	r1, r6
10002e8e:	4299      	cmp	r1, r3
10002e90:	d204      	bcs.n	10002e9c <y64_x64+0x44>
10002e92:	0002      	movs	r2, r0
10002e94:	000b      	movs	r3, r1
10002e96:	0020      	movs	r0, r4
10002e98:	2100      	movs	r1, #0
10002e9a:	bdf0      	pop	{r4, r5, r6, r7, pc}
10002e9c:	d101      	bne.n	10002ea2 <y64_x64+0x4a>
10002e9e:	4290      	cmp	r0, r2
10002ea0:	d3f7      	bcc.n	10002e92 <y64_x64+0x3a>
10002ea2:	1a80      	subs	r0, r0, r2
10002ea4:	4199      	sbcs	r1, r3
10002ea6:	3401      	adds	r4, #1
10002ea8:	4299      	cmp	r1, r3
10002eaa:	d3f2      	bcc.n	10002e92 <y64_x64+0x3a>
10002eac:	e7f6      	b.n	10002e9c <y64_x64+0x44>
10002eae:	0000      	.short	0x0000
10002eb0:	d0000000 	.word	0xd0000000
10002eb4:	ffffffff 	.word	0xffffffff

10002eb8 <__aeabi_double_init>:
10002eb8:	2313      	movs	r3, #19
10002eba:	b570      	push	{r4, r5, r6, lr}
10002ebc:	781d      	ldrb	r5, [r3, #0]
10002ebe:	2d01      	cmp	r5, #1
10002ec0:	d019      	beq.n	10002ef6 <__aeabi_double_init+0x3e>
10002ec2:	dd14      	ble.n	10002eee <__aeabi_double_init+0x36>
10002ec4:	481f      	ldr	r0, [pc, #124]	@ (10002f44 <__aeabi_double_init+0x8c>)
10002ec6:	f7fe fabd 	bl	10001444 <rom_data_lookup>
10002eca:	0006      	movs	r6, r0
10002ecc:	481e      	ldr	r0, [pc, #120]	@ (10002f48 <__aeabi_double_init+0x90>)
10002ece:	f7fe fab9 	bl	10001444 <rom_data_lookup>
10002ed2:	4c1e      	ldr	r4, [pc, #120]	@ (10002f4c <__aeabi_double_init+0x94>)
10002ed4:	2280      	movs	r2, #128	@ 0x80
10002ed6:	0031      	movs	r1, r6
10002ed8:	0020      	movs	r0, r4
10002eda:	f000 f97f 	bl	100031dc <__wrap___aeabi_memcpy>
10002ede:	2d02      	cmp	r5, #2
10002ee0:	d02d      	beq.n	10002f3e <__aeabi_double_init+0x86>
10002ee2:	481b      	ldr	r0, [pc, #108]	@ (10002f50 <__aeabi_double_init+0x98>)
10002ee4:	f7fe faa6 	bl	10001434 <rom_func_lookup>
10002ee8:	4b1a      	ldr	r3, [pc, #104]	@ (10002f54 <__aeabi_double_init+0x9c>)
10002eea:	6018      	str	r0, [r3, #0]
10002eec:	bd70      	pop	{r4, r5, r6, pc}
10002eee:	4b1a      	ldr	r3, [pc, #104]	@ (10002f58 <__aeabi_double_init+0xa0>)
10002ef0:	4c16      	ldr	r4, [pc, #88]	@ (10002f4c <__aeabi_double_init+0x94>)
10002ef2:	64a3      	str	r3, [r4, #72]	@ 0x48
10002ef4:	e7f5      	b.n	10002ee2 <__aeabi_double_init+0x2a>
10002ef6:	4b18      	ldr	r3, [pc, #96]	@ (10002f58 <__aeabi_double_init+0xa0>)
10002ef8:	4c14      	ldr	r4, [pc, #80]	@ (10002f4c <__aeabi_double_init+0x94>)
10002efa:	6023      	str	r3, [r4, #0]
10002efc:	6063      	str	r3, [r4, #4]
10002efe:	60a3      	str	r3, [r4, #8]
10002f00:	60e3      	str	r3, [r4, #12]
10002f02:	6123      	str	r3, [r4, #16]
10002f04:	6163      	str	r3, [r4, #20]
10002f06:	61a3      	str	r3, [r4, #24]
10002f08:	61e3      	str	r3, [r4, #28]
10002f0a:	6223      	str	r3, [r4, #32]
10002f0c:	6263      	str	r3, [r4, #36]	@ 0x24
10002f0e:	62a3      	str	r3, [r4, #40]	@ 0x28
10002f10:	62e3      	str	r3, [r4, #44]	@ 0x2c
10002f12:	6323      	str	r3, [r4, #48]	@ 0x30
10002f14:	6363      	str	r3, [r4, #52]	@ 0x34
10002f16:	63a3      	str	r3, [r4, #56]	@ 0x38
10002f18:	63e3      	str	r3, [r4, #60]	@ 0x3c
10002f1a:	6423      	str	r3, [r4, #64]	@ 0x40
10002f1c:	6463      	str	r3, [r4, #68]	@ 0x44
10002f1e:	64a3      	str	r3, [r4, #72]	@ 0x48
10002f20:	64e3      	str	r3, [r4, #76]	@ 0x4c
10002f22:	6523      	str	r3, [r4, #80]	@ 0x50
10002f24:	6563      	str	r3, [r4, #84]	@ 0x54
10002f26:	65a3      	str	r3, [r4, #88]	@ 0x58
10002f28:	65e3      	str	r3, [r4, #92]	@ 0x5c
10002f2a:	6623      	str	r3, [r4, #96]	@ 0x60
10002f2c:	6663      	str	r3, [r4, #100]	@ 0x64
10002f2e:	66a3      	str	r3, [r4, #104]	@ 0x68
10002f30:	66e3      	str	r3, [r4, #108]	@ 0x6c
10002f32:	6723      	str	r3, [r4, #112]	@ 0x70
10002f34:	6763      	str	r3, [r4, #116]	@ 0x74
10002f36:	67a3      	str	r3, [r4, #120]	@ 0x78
10002f38:	67e3      	str	r3, [r4, #124]	@ 0x7c
10002f3a:	64a3      	str	r3, [r4, #72]	@ 0x48
10002f3c:	e7d1      	b.n	10002ee2 <__aeabi_double_init+0x2a>
10002f3e:	4b06      	ldr	r3, [pc, #24]	@ (10002f58 <__aeabi_double_init+0xa0>)
10002f40:	64a3      	str	r3, [r4, #72]	@ 0x48
10002f42:	e7ce      	b.n	10002ee2 <__aeabi_double_init+0x2a>
10002f44:	00004453 	.word	0x00004453
10002f48:	00004653 	.word	0x00004653
10002f4c:	20001f30 	.word	0x20001f30
10002f50:	0000334c 	.word	0x0000334c
10002f54:	200022c8 	.word	0x200022c8
10002f58:	10002f5d 	.word	0x10002f5d

10002f5c <double_table_shim_on_use_helper>:
10002f5c:	b507      	push	{r0, r1, r2, lr}
10002f5e:	4660      	mov	r0, ip
10002f60:	8801      	ldrh	r1, [r0, #0]
10002f62:	0a0a      	lsrs	r2, r1, #8
10002f64:	3002      	adds	r0, #2
10002f66:	2adf      	cmp	r2, #223	@ 0xdf
10002f68:	d1fa      	bne.n	10002f60 <double_table_shim_on_use_helper+0x4>
10002f6a:	b2c9      	uxtb	r1, r1
10002f6c:	0882      	lsrs	r2, r0, #2
10002f6e:	d304      	bcc.n	10002f7a <double_table_shim_on_use_helper+0x1e>
10002f70:	8802      	ldrh	r2, [r0, #0]
10002f72:	8840      	ldrh	r0, [r0, #2]
10002f74:	0400      	lsls	r0, r0, #16
10002f76:	4310      	orrs	r0, r2
10002f78:	e000      	b.n	10002f7c <double_table_shim_on_use_helper+0x20>
10002f7a:	6800      	ldr	r0, [r0, #0]
10002f7c:	4a01      	ldr	r2, [pc, #4]	@ (10002f84 <double_table_shim_on_use_helper+0x28>)
10002f7e:	5050      	str	r0, [r2, r1]
10002f80:	9003      	str	r0, [sp, #12]
10002f82:	bd07      	pop	{r0, r1, r2, pc}
10002f84:	20001f30 	.word	0x20001f30

10002f88 <__wrap___aeabi_lmul>:
10002f88:	4351      	muls	r1, r2
10002f8a:	4343      	muls	r3, r0
10002f8c:	18c9      	adds	r1, r1, r3
10002f8e:	468c      	mov	ip, r1
10002f90:	0c11      	lsrs	r1, r2, #16
10002f92:	b283      	uxth	r3, r0
10002f94:	434b      	muls	r3, r1
10002f96:	b410      	push	{r4}
10002f98:	0c04      	lsrs	r4, r0, #16
10002f9a:	4361      	muls	r1, r4
10002f9c:	b292      	uxth	r2, r2
10002f9e:	b280      	uxth	r0, r0
10002fa0:	4350      	muls	r0, r2
10002fa2:	4362      	muls	r2, r4
10002fa4:	041c      	lsls	r4, r3, #16
10002fa6:	0c1b      	lsrs	r3, r3, #16
10002fa8:	1900      	adds	r0, r0, r4
10002faa:	bc10      	pop	{r4}
10002fac:	4159      	adcs	r1, r3
10002fae:	0413      	lsls	r3, r2, #16
10002fb0:	0c12      	lsrs	r2, r2, #16
10002fb2:	18c0      	adds	r0, r0, r3
10002fb4:	4151      	adcs	r1, r2
10002fb6:	4461      	add	r1, ip
10002fb8:	4770      	bx	lr
	...

10002fbc <__wrap___aeabi_frsub>:
10002fbc:	4048      	eors	r0, r1
10002fbe:	4041      	eors	r1, r0
10002fc0:	4048      	eors	r0, r1

10002fc2 <__wrap___aeabi_fsub>:
10002fc2:	4b0e      	ldr	r3, [pc, #56]	@ (10002ffc <__wrap___aeabi_fmul+0x6>)
10002fc4:	685b      	ldr	r3, [r3, #4]
10002fc6:	4718      	bx	r3

10002fc8 <__wrap___aeabi_fadd>:
10002fc8:	4b0c      	ldr	r3, [pc, #48]	@ (10002ffc <__wrap___aeabi_fmul+0x6>)
10002fca:	681b      	ldr	r3, [r3, #0]
10002fcc:	4718      	bx	r3

10002fce <__wrap___aeabi_fdiv>:
10002fce:	4a0c      	ldr	r2, [pc, #48]	@ (10003000 <__wrap___aeabi_fmul+0xa>)
10002fd0:	6f93      	ldr	r3, [r2, #120]	@ 0x78
10002fd2:	089b      	lsrs	r3, r3, #2
10002fd4:	d202      	bcs.n	10002fdc <fdiv_save_state>

10002fd6 <fdiv_shim_call>:
10002fd6:	4b09      	ldr	r3, [pc, #36]	@ (10002ffc <__wrap___aeabi_fmul+0x6>)
10002fd8:	68db      	ldr	r3, [r3, #12]
10002fda:	4718      	bx	r3

10002fdc <fdiv_save_state>:
10002fdc:	b5f0      	push	{r4, r5, r6, r7, lr}
10002fde:	6e14      	ldr	r4, [r2, #96]	@ 0x60
10002fe0:	6e55      	ldr	r5, [r2, #100]	@ 0x64
10002fe2:	6f57      	ldr	r7, [r2, #116]	@ 0x74
10002fe4:	6f16      	ldr	r6, [r2, #112]	@ 0x70
10002fe6:	f7ff fff6 	bl	10002fd6 <fdiv_shim_call>
10002fea:	4a05      	ldr	r2, [pc, #20]	@ (10003000 <__wrap___aeabi_fmul+0xa>)
10002fec:	6614      	str	r4, [r2, #96]	@ 0x60
10002fee:	6655      	str	r5, [r2, #100]	@ 0x64
10002ff0:	6757      	str	r7, [r2, #116]	@ 0x74
10002ff2:	6716      	str	r6, [r2, #112]	@ 0x70
10002ff4:	bdf0      	pop	{r4, r5, r6, r7, pc}

10002ff6 <__wrap___aeabi_fmul>:
10002ff6:	4b01      	ldr	r3, [pc, #4]	@ (10002ffc <__wrap___aeabi_fmul+0x6>)
10002ff8:	689b      	ldr	r3, [r3, #8]
10002ffa:	4718      	bx	r3
10002ffc:	20002030 	.word	0x20002030
10003000:	d0000000 	.word	0xd0000000

10003004 <__wrap___aeabi_cfrcmple>:
10003004:	b507      	push	{r0, r1, r2, lr}
10003006:	4048      	eors	r0, r1
10003008:	4041      	eors	r1, r0
1000300a:	4048      	eors	r0, r1
1000300c:	e001      	b.n	10003012 <__aeabi_cfcmple_guts>
1000300e:	46c0      	nop			@ (mov r8, r8)

10003010 <__wrap___aeabi_cfcmpeq>:
10003010:	b507      	push	{r0, r1, r2, lr}

10003012 <__aeabi_cfcmple_guts>:
10003012:	0042      	lsls	r2, r0, #1
10003014:	0e12      	lsrs	r2, r2, #24
10003016:	d003      	beq.n	10003020 <__aeabi_cfcmple_guts+0xe>
10003018:	2aff      	cmp	r2, #255	@ 0xff
1000301a:	d103      	bne.n	10003024 <__aeabi_cfcmple_guts+0x12>
1000301c:	0242      	lsls	r2, r0, #9
1000301e:	d818      	bhi.n	10003052 <__aeabi_cfcmple_guts+0x40>
10003020:	0dc0      	lsrs	r0, r0, #23
10003022:	05c0      	lsls	r0, r0, #23
10003024:	004a      	lsls	r2, r1, #1
10003026:	0e12      	lsrs	r2, r2, #24
10003028:	d003      	beq.n	10003032 <__aeabi_cfcmple_guts+0x20>
1000302a:	2aff      	cmp	r2, #255	@ 0xff
1000302c:	d103      	bne.n	10003036 <__aeabi_cfcmple_guts+0x24>
1000302e:	024a      	lsls	r2, r1, #9
10003030:	d80f      	bhi.n	10003052 <__aeabi_cfcmple_guts+0x40>
10003032:	0dc9      	lsrs	r1, r1, #23
10003034:	05c9      	lsls	r1, r1, #23
10003036:	2201      	movs	r2, #1
10003038:	4041      	eors	r1, r0
1000303a:	d405      	bmi.n	10003048 <__aeabi_cfcmple_guts+0x36>
1000303c:	4041      	eors	r1, r0
1000303e:	d501      	bpl.n	10003044 <__aeabi_cfcmple_guts+0x32>
10003040:	4281      	cmp	r1, r0
10003042:	bd07      	pop	{r0, r1, r2, pc}
10003044:	4288      	cmp	r0, r1
10003046:	bd07      	pop	{r0, r1, r2, pc}
10003048:	4301      	orrs	r1, r0
1000304a:	1849      	adds	r1, r1, r1
1000304c:	d001      	beq.n	10003052 <__aeabi_cfcmple_guts+0x40>
1000304e:	43c0      	mvns	r0, r0
10003050:	1800      	adds	r0, r0, r0
10003052:	bd07      	pop	{r0, r1, r2, pc}

10003054 <__wrap___aeabi_fcmpeq>:
10003054:	b500      	push	{lr}
10003056:	f7ff ffdb 	bl	10003010 <__wrap___aeabi_cfcmpeq>
1000305a:	d001      	beq.n	10003060 <__wrap___aeabi_fcmpeq+0xc>
1000305c:	2000      	movs	r0, #0
1000305e:	bd00      	pop	{pc}
10003060:	2001      	movs	r0, #1
10003062:	bd00      	pop	{pc}

10003064 <__wrap___aeabi_i2f>:
10003064:	0fc1      	lsrs	r1, r0, #31
10003066:	07c9      	lsls	r1, r1, #31
10003068:	d500      	bpl.n	1000306c <__wrap___aeabi_i2f+0x8>
1000306a:	4240      	negs	r0, r0
1000306c:	2800      	cmp	r0, #0
1000306e:	d017      	beq.n	100030a0 <__aeabi_i2f_main+0x30>

10003070 <__aeabi_i2f_main>:
10003070:	46f4      	mov	ip, lr
10003072:	b403      	push	{r0, r1}
10003074:	4b0b      	ldr	r3, [pc, #44]	@ (100030a4 <__aeabi_i2f_main+0x34>)
10003076:	681b      	ldr	r3, [r3, #0]
10003078:	4798      	blx	r3
1000307a:	bc06      	pop	{r1, r2}
1000307c:	4081      	lsls	r1, r0
1000307e:	389e      	subs	r0, #158	@ 0x9e
10003080:	4240      	negs	r0, r0
10003082:	3180      	adds	r1, #128	@ 0x80
10003084:	d207      	bcs.n	10003096 <__aeabi_i2f_main+0x26>
10003086:	060b      	lsls	r3, r1, #24
10003088:	d007      	beq.n	1000309a <__aeabi_i2f_main+0x2a>
1000308a:	0049      	lsls	r1, r1, #1
1000308c:	0a49      	lsrs	r1, r1, #9
1000308e:	05c0      	lsls	r0, r0, #23
10003090:	4310      	orrs	r0, r2
10003092:	4308      	orrs	r0, r1
10003094:	4760      	bx	ip
10003096:	3001      	adds	r0, #1
10003098:	e7f8      	b.n	1000308c <__aeabi_i2f_main+0x1c>
1000309a:	0a49      	lsrs	r1, r1, #9
1000309c:	0289      	lsls	r1, r1, #10
1000309e:	e7f5      	b.n	1000308c <__aeabi_i2f_main+0x1c>
100030a0:	4770      	bx	lr
100030a2:	0000      	.short	0x0000
100030a4:	200022c8 	.word	0x200022c8

100030a8 <__wrap___aeabi_f2iz>:
100030a8:	0041      	lsls	r1, r0, #1
100030aa:	0e0a      	lsrs	r2, r1, #24
100030ac:	2380      	movs	r3, #128	@ 0x80
100030ae:	061b      	lsls	r3, r3, #24
100030b0:	2a7e      	cmp	r2, #126	@ 0x7e
100030b2:	dd0b      	ble.n	100030cc <__wrap___aeabi_f2iz+0x24>
100030b4:	3a9e      	subs	r2, #158	@ 0x9e
100030b6:	da0b      	bge.n	100030d0 <__wrap___aeabi_f2iz+0x28>
100030b8:	17c1      	asrs	r1, r0, #31
100030ba:	0240      	lsls	r0, r0, #9
100030bc:	0840      	lsrs	r0, r0, #1
100030be:	4318      	orrs	r0, r3
100030c0:	4252      	negs	r2, r2
100030c2:	40d0      	lsrs	r0, r2
100030c4:	0049      	lsls	r1, r1, #1
100030c6:	3101      	adds	r1, #1
100030c8:	4348      	muls	r0, r1
100030ca:	4770      	bx	lr
100030cc:	2000      	movs	r0, #0
100030ce:	4770      	bx	lr
100030d0:	0fc0      	lsrs	r0, r0, #31
100030d2:	18c0      	adds	r0, r0, r3
100030d4:	3801      	subs	r0, #1
100030d6:	4770      	bx	lr
100030d8:	42c0      	cmn	r0, r0
100030da:	d30d      	bcc.n	100030f8 <float2int>
100030dc:	b500      	push	{lr}
100030de:	0040      	lsls	r0, r0, #1
100030e0:	0840      	lsrs	r0, r0, #1
100030e2:	2100      	movs	r1, #0
100030e4:	f000 f812 	bl	1000310c <__wrap___aeabi_f2uiz>
100030e8:	2800      	cmp	r0, #0
100030ea:	d401      	bmi.n	100030f0 <__wrap___aeabi_f2iz+0x48>
100030ec:	4240      	negs	r0, r0
100030ee:	bd00      	pop	{pc}
100030f0:	2080      	movs	r0, #128	@ 0x80
100030f2:	0600      	lsls	r0, r0, #24
100030f4:	bd00      	pop	{pc}
	...

100030f8 <float2int>:
100030f8:	4b03      	ldr	r3, [pc, #12]	@ (10003108 <float2int+0x10>)
100030fa:	69db      	ldr	r3, [r3, #28]
100030fc:	46fc      	mov	ip, pc
100030fe:	4718      	bx	r3
10003100:	31a9df1c 	.word	0x31a9df1c
10003104:	00001000 	.word	0x00001000
10003108:	20002030 	.word	0x20002030

1000310c <__wrap___aeabi_f2uiz>:
1000310c:	4b01      	ldr	r3, [pc, #4]	@ (10003114 <__wrap___aeabi_f2uiz+0x8>)
1000310e:	6a5b      	ldr	r3, [r3, #36]	@ 0x24
10003110:	4718      	bx	r3
10003112:	0000      	.short	0x0000
10003114:	20002030 	.word	0x20002030

10003118 <__aeabi_float_init>:
10003118:	2313      	movs	r3, #19
1000311a:	b510      	push	{r4, lr}
1000311c:	4812      	ldr	r0, [pc, #72]	@ (10003168 <__aeabi_float_init+0x50>)
1000311e:	781c      	ldrb	r4, [r3, #0]
10003120:	f7fe f990 	bl	10001444 <rom_data_lookup>
10003124:	0001      	movs	r1, r0
10003126:	2c01      	cmp	r4, #1
10003128:	d00a      	beq.n	10003140 <__aeabi_float_init+0x28>
1000312a:	dd03      	ble.n	10003134 <__aeabi_float_init+0x1c>
1000312c:	2280      	movs	r2, #128	@ 0x80
1000312e:	480f      	ldr	r0, [pc, #60]	@ (1000316c <__aeabi_float_init+0x54>)
10003130:	f000 f854 	bl	100031dc <__wrap___aeabi_memcpy>
10003134:	480e      	ldr	r0, [pc, #56]	@ (10003170 <__aeabi_float_init+0x58>)
10003136:	f7fe f97d 	bl	10001434 <rom_func_lookup>
1000313a:	4b0e      	ldr	r3, [pc, #56]	@ (10003174 <__aeabi_float_init+0x5c>)
1000313c:	6018      	str	r0, [r3, #0]
1000313e:	bd10      	pop	{r4, pc}
10003140:	4c0a      	ldr	r4, [pc, #40]	@ (1000316c <__aeabi_float_init+0x54>)
10003142:	2254      	movs	r2, #84	@ 0x54
10003144:	0020      	movs	r0, r4
10003146:	f000 f849 	bl	100031dc <__wrap___aeabi_memcpy>
1000314a:	4b0b      	ldr	r3, [pc, #44]	@ (10003178 <__aeabi_float_init+0x60>)
1000314c:	6563      	str	r3, [r4, #84]	@ 0x54
1000314e:	65a3      	str	r3, [r4, #88]	@ 0x58
10003150:	65e3      	str	r3, [r4, #92]	@ 0x5c
10003152:	6623      	str	r3, [r4, #96]	@ 0x60
10003154:	6663      	str	r3, [r4, #100]	@ 0x64
10003156:	66a3      	str	r3, [r4, #104]	@ 0x68
10003158:	66e3      	str	r3, [r4, #108]	@ 0x6c
1000315a:	6723      	str	r3, [r4, #112]	@ 0x70
1000315c:	6763      	str	r3, [r4, #116]	@ 0x74
1000315e:	67a3      	str	r3, [r4, #120]	@ 0x78
10003160:	67e3      	str	r3, [r4, #124]	@ 0x7c
10003162:	6223      	str	r3, [r4, #32]
10003164:	61e3      	str	r3, [r4, #28]
10003166:	e7e5      	b.n	10003134 <__aeabi_float_init+0x1c>
10003168:	00004653 	.word	0x00004653
1000316c:	20002030 	.word	0x20002030
10003170:	0000334c 	.word	0x0000334c
10003174:	200022c8 	.word	0x200022c8
10003178:	1000317d 	.word	0x1000317d

1000317c <float_table_shim_on_use_helper>:
1000317c:	b507      	push	{r0, r1, r2, lr}
1000317e:	4660      	mov	r0, ip
10003180:	8801      	ldrh	r1, [r0, #0]
10003182:	0a0a      	lsrs	r2, r1, #8
10003184:	3002      	adds	r0, #2
10003186:	2adf      	cmp	r2, #223	@ 0xdf
10003188:	d1fa      	bne.n	10003180 <float_table_shim_on_use_helper+0x4>
1000318a:	b2c9      	uxtb	r1, r1
1000318c:	0882      	lsrs	r2, r0, #2
1000318e:	d304      	bcc.n	1000319a <float_table_shim_on_use_helper+0x1e>
10003190:	8802      	ldrh	r2, [r0, #0]
10003192:	8840      	ldrh	r0, [r0, #2]
10003194:	0400      	lsls	r0, r0, #16
10003196:	4310      	orrs	r0, r2
10003198:	e000      	b.n	1000319c <float_table_shim_on_use_helper+0x20>
1000319a:	6800      	ldr	r0, [r0, #0]
1000319c:	4a01      	ldr	r2, [pc, #4]	@ (100031a4 <float_table_shim_on_use_helper+0x28>)
1000319e:	5050      	str	r0, [r2, r1]
100031a0:	9003      	str	r0, [sp, #12]
100031a2:	bd07      	pop	{r0, r1, r2, pc}
100031a4:	20002030 	.word	0x20002030

100031a8 <float2int_shim>:
100031a8:	2100      	movs	r1, #0

100031aa <float2fix_shim>:
100031aa:	15c2      	asrs	r2, r0, #23
100031ac:	3280      	adds	r2, #128	@ 0x80
100031ae:	3280      	adds	r2, #128	@ 0x80
100031b0:	d001      	beq.n	100031b6 <float2fix_shim+0xc>
100031b2:	4a02      	ldr	r2, [pc, #8]	@ (100031bc <float2fix_shim+0x12>)
100031b4:	4710      	bx	r2
100031b6:	2000      	movs	r0, #0
100031b8:	4770      	bx	lr
100031ba:	0000      	.short	0x0000
100031bc:	00002acd 	.word	0x00002acd

100031c0 <__aeabi_mem_init>:
100031c0:	4801      	ldr	r0, [pc, #4]	@ (100031c8 <__aeabi_mem_init+0x8>)
100031c2:	2104      	movs	r1, #4
100031c4:	4b01      	ldr	r3, [pc, #4]	@ (100031cc <__aeabi_mem_init+0xc>)
100031c6:	4718      	bx	r3
100031c8:	20001b20 	.word	0x20001b20
100031cc:	10001455 	.word	0x10001455

100031d0 <__wrap_memset>:
100031d0:	4b01      	ldr	r3, [pc, #4]	@ (100031d8 <__wrap_memset+0x8>)
100031d2:	681b      	ldr	r3, [r3, #0]
100031d4:	4718      	bx	r3
100031d6:	0000      	.short	0x0000
100031d8:	20001b20 	.word	0x20001b20

100031dc <__wrap___aeabi_memcpy>:
100031dc:	4b01      	ldr	r3, [pc, #4]	@ (100031e4 <__wrap___aeabi_memcpy+0x8>)
100031de:	685b      	ldr	r3, [r3, #4]
100031e0:	4718      	bx	r3
100031e2:	0000      	.short	0x0000
100031e4:	20001b20 	.word	0x20001b20

100031e8 <_out_char>:
100031e8:	b510      	push	{r4, lr}
100031ea:	2800      	cmp	r0, #0
100031ec:	d100      	bne.n	100031f0 <_out_char+0x8>
100031ee:	bd10      	pop	{r4, pc}
100031f0:	f000 f914 	bl	1000341c <__wrap_putchar>
100031f4:	e7fb      	b.n	100031ee <_out_char+0x6>
100031f6:	46c0      	nop			@ (mov r8, r8)

100031f8 <weak_raw_vprintf>:
100031f8:	b510      	push	{r4, lr}
100031fa:	4a09      	ldr	r2, [pc, #36]	@ (10003220 <weak_raw_vprintf+0x28>)
100031fc:	0003      	movs	r3, r0
100031fe:	6814      	ldr	r4, [r2, #0]
10003200:	b084      	sub	sp, #16
10003202:	2c00      	cmp	r4, #0
10003204:	d008      	beq.n	10003218 <weak_raw_vprintf+0x20>
10003206:	2201      	movs	r2, #1
10003208:	9100      	str	r1, [sp, #0]
1000320a:	4806      	ldr	r0, [pc, #24]	@ (10003224 <weak_raw_vprintf+0x2c>)
1000320c:	4252      	negs	r2, r2
1000320e:	a903      	add	r1, sp, #12
10003210:	47a0      	blx	r4
10003212:	2001      	movs	r0, #1
10003214:	b004      	add	sp, #16
10003216:	bd10      	pop	{r4, pc}
10003218:	f000 f94a 	bl	100034b0 <__wrap_puts>
1000321c:	2000      	movs	r0, #0
1000321e:	e7f9      	b.n	10003214 <weak_raw_vprintf+0x1c>
10003220:	20002294 	.word	0x20002294
10003224:	100031e9 	.word	0x100031e9

10003228 <_exit>:
10003228:	be00      	bkpt	0x0000
1000322a:	e7fd      	b.n	10003228 <_exit>

1000322c <exit>:
1000322c:	b510      	push	{r4, lr}
1000322e:	f7ff fffb 	bl	10003228 <_exit>
10003232:	46c0      	nop			@ (mov r8, r8)

10003234 <runtime_init>:
10003234:	b570      	push	{r4, r5, r6, lr}
10003236:	f7ff fabb 	bl	100027b0 <runtime_run_initializers>
1000323a:	4d07      	ldr	r5, [pc, #28]	@ (10003258 <runtime_init+0x24>)
1000323c:	4e07      	ldr	r6, [pc, #28]	@ (1000325c <runtime_init+0x28>)
1000323e:	42b5      	cmp	r5, r6
10003240:	d209      	bcs.n	10003256 <runtime_init+0x22>
10003242:	2400      	movs	r4, #0
10003244:	3e01      	subs	r6, #1
10003246:	1b76      	subs	r6, r6, r5
10003248:	08b6      	lsrs	r6, r6, #2
1000324a:	cd08      	ldmia	r5!, {r3}
1000324c:	4798      	blx	r3
1000324e:	0023      	movs	r3, r4
10003250:	3401      	adds	r4, #1
10003252:	42b3      	cmp	r3, r6
10003254:	d1f9      	bne.n	1000324a <runtime_init+0x16>
10003256:	bd70      	pop	{r4, r5, r6, pc}
10003258:	10003c4c 	.word	0x10003c4c
1000325c:	10003c58 	.word	0x10003c58

10003260 <stdio_out_chars_no_crlf>:
10003260:	0003      	movs	r3, r0
10003262:	b510      	push	{r4, lr}
10003264:	0008      	movs	r0, r1
10003266:	0011      	movs	r1, r2
10003268:	681b      	ldr	r3, [r3, #0]
1000326a:	4798      	blx	r3
1000326c:	bd10      	pop	{r4, pc}
1000326e:	46c0      	nop			@ (mov r8, r8)

10003270 <stdio_out_chars_crlf>:
10003270:	b5f0      	push	{r4, r5, r6, r7, lr}
10003272:	46c6      	mov	lr, r8
10003274:	b500      	push	{lr}
10003276:	7d43      	ldrb	r3, [r0, #21]
10003278:	0007      	movs	r7, r0
1000327a:	000c      	movs	r4, r1
1000327c:	0016      	movs	r6, r2
1000327e:	2b00      	cmp	r3, #0
10003280:	d046      	beq.n	10003310 <stdio_out_chars_crlf+0xa0>
10003282:	2a00      	cmp	r2, #0
10003284:	dd17      	ble.n	100032b6 <stdio_out_chars_crlf+0x46>
10003286:	780b      	ldrb	r3, [r1, #0]
10003288:	2b0a      	cmp	r3, #10
1000328a:	d024      	beq.n	100032d6 <stdio_out_chars_crlf+0x66>
1000328c:	2300      	movs	r3, #0
1000328e:	4698      	mov	r8, r3
10003290:	2e01      	cmp	r6, #1
10003292:	d013      	beq.n	100032bc <stdio_out_chars_crlf+0x4c>
10003294:	2501      	movs	r5, #1
10003296:	0029      	movs	r1, r5
10003298:	5c63      	ldrb	r3, [r4, r1]
1000329a:	3501      	adds	r5, #1
1000329c:	2b0a      	cmp	r3, #10
1000329e:	d026      	beq.n	100032ee <stdio_out_chars_crlf+0x7e>
100032a0:	42b5      	cmp	r5, r6
100032a2:	d1f8      	bne.n	10003296 <stdio_out_chars_crlf+0x26>
100032a4:	4546      	cmp	r6, r8
100032a6:	dc09      	bgt.n	100032bc <stdio_out_chars_crlf+0x4c>
100032a8:	19a4      	adds	r4, r4, r6
100032aa:	3c01      	subs	r4, #1
100032ac:	7823      	ldrb	r3, [r4, #0]
100032ae:	3b0d      	subs	r3, #13
100032b0:	425a      	negs	r2, r3
100032b2:	4153      	adcs	r3, r2
100032b4:	753b      	strb	r3, [r7, #20]
100032b6:	bc80      	pop	{r7}
100032b8:	46b8      	mov	r8, r7
100032ba:	bdf0      	pop	{r4, r5, r6, r7, pc}
100032bc:	4643      	mov	r3, r8
100032be:	18e0      	adds	r0, r4, r3
100032c0:	19a4      	adds	r4, r4, r6
100032c2:	1af1      	subs	r1, r6, r3
100032c4:	3c01      	subs	r4, #1
100032c6:	683b      	ldr	r3, [r7, #0]
100032c8:	4798      	blx	r3
100032ca:	7823      	ldrb	r3, [r4, #0]
100032cc:	3b0d      	subs	r3, #13
100032ce:	425a      	negs	r2, r3
100032d0:	4153      	adcs	r3, r2
100032d2:	753b      	strb	r3, [r7, #20]
100032d4:	e7ef      	b.n	100032b6 <stdio_out_chars_crlf+0x46>
100032d6:	7d03      	ldrb	r3, [r0, #20]
100032d8:	2b00      	cmp	r3, #0
100032da:	d1d7      	bne.n	1000328c <stdio_out_chars_crlf+0x1c>
100032dc:	2102      	movs	r1, #2
100032de:	480f      	ldr	r0, [pc, #60]	@ (1000331c <stdio_out_chars_crlf+0xac>)
100032e0:	683b      	ldr	r3, [r7, #0]
100032e2:	4798      	blx	r3
100032e4:	2e01      	cmp	r6, #1
100032e6:	d0df      	beq.n	100032a8 <stdio_out_chars_crlf+0x38>
100032e8:	2301      	movs	r3, #1
100032ea:	4698      	mov	r8, r3
100032ec:	e7d2      	b.n	10003294 <stdio_out_chars_crlf+0x24>
100032ee:	1e63      	subs	r3, r4, #1
100032f0:	5c5b      	ldrb	r3, [r3, r1]
100032f2:	2b0d      	cmp	r3, #13
100032f4:	d0d4      	beq.n	100032a0 <stdio_out_chars_crlf+0x30>
100032f6:	4588      	cmp	r8, r1
100032f8:	da04      	bge.n	10003304 <stdio_out_chars_crlf+0x94>
100032fa:	4643      	mov	r3, r8
100032fc:	1ac9      	subs	r1, r1, r3
100032fe:	18e0      	adds	r0, r4, r3
10003300:	683b      	ldr	r3, [r7, #0]
10003302:	4798      	blx	r3
10003304:	2102      	movs	r1, #2
10003306:	4805      	ldr	r0, [pc, #20]	@ (1000331c <stdio_out_chars_crlf+0xac>)
10003308:	683b      	ldr	r3, [r7, #0]
1000330a:	46a8      	mov	r8, r5
1000330c:	4798      	blx	r3
1000330e:	e7c7      	b.n	100032a0 <stdio_out_chars_crlf+0x30>
10003310:	6803      	ldr	r3, [r0, #0]
10003312:	0011      	movs	r1, r2
10003314:	0020      	movs	r0, r4
10003316:	4798      	blx	r3
10003318:	e7cd      	b.n	100032b6 <stdio_out_chars_crlf+0x46>
1000331a:	46c0      	nop			@ (mov r8, r8)
1000331c:	10004924 	.word	0x10004924

10003320 <stdio_put_string>:
10003320:	b5f0      	push	{r4, r5, r6, r7, lr}
10003322:	4645      	mov	r5, r8
10003324:	46de      	mov	lr, fp
10003326:	464e      	mov	r6, r9
10003328:	4657      	mov	r7, sl
1000332a:	b5e0      	push	{r5, r6, r7, lr}
1000332c:	b083      	sub	sp, #12
1000332e:	4691      	mov	r9, r2
10003330:	001c      	movs	r4, r3
10003332:	4680      	mov	r8, r0
10003334:	000d      	movs	r5, r1
10003336:	f7fe fc6d 	bl	10001c14 <time_us_64>
1000333a:	2300      	movs	r3, #0
1000333c:	4a30      	ldr	r2, [pc, #192]	@ (10003400 <stdio_put_string+0xe0>)
1000333e:	1812      	adds	r2, r2, r0
10003340:	414b      	adcs	r3, r1
10003342:	2b00      	cmp	r3, #0
10003344:	da02      	bge.n	1000334c <stdio_put_string+0x2c>
10003346:	2201      	movs	r2, #1
10003348:	4b2e      	ldr	r3, [pc, #184]	@ (10003404 <stdio_put_string+0xe4>)
1000334a:	4252      	negs	r2, r2
1000334c:	492e      	ldr	r1, [pc, #184]	@ (10003408 <stdio_put_string+0xe8>)
1000334e:	0008      	movs	r0, r1
10003350:	468a      	mov	sl, r1
10003352:	f000 fc45 	bl	10003be0 <__mutex_try_enter_block_until_veneer>
10003356:	0007      	movs	r7, r0
10003358:	1c6b      	adds	r3, r5, #1
1000335a:	d103      	bne.n	10003364 <stdio_put_string+0x44>
1000335c:	4640      	mov	r0, r8
1000335e:	f000 fbef 	bl	10003b40 <strlen>
10003362:	0005      	movs	r5, r0
10003364:	2c00      	cmp	r4, #0
10003366:	d027      	beq.n	100033b8 <stdio_put_string+0x98>
10003368:	4e28      	ldr	r6, [pc, #160]	@ (1000340c <stdio_put_string+0xec>)
1000336a:	4b29      	ldr	r3, [pc, #164]	@ (10003410 <stdio_put_string+0xf0>)
1000336c:	681c      	ldr	r4, [r3, #0]
1000336e:	2c00      	cmp	r4, #0
10003370:	d018      	beq.n	100033a4 <stdio_put_string+0x84>
10003372:	464b      	mov	r3, r9
10003374:	2b00      	cmp	r3, #0
10003376:	d121      	bne.n	100033bc <stdio_put_string+0x9c>
10003378:	4b26      	ldr	r3, [pc, #152]	@ (10003414 <stdio_put_string+0xf4>)
1000337a:	4699      	mov	r9, r3
1000337c:	e002      	b.n	10003384 <stdio_put_string+0x64>
1000337e:	6924      	ldr	r4, [r4, #16]
10003380:	2c00      	cmp	r4, #0
10003382:	d00f      	beq.n	100033a4 <stdio_put_string+0x84>
10003384:	6823      	ldr	r3, [r4, #0]
10003386:	2b00      	cmp	r3, #0
10003388:	d0f9      	beq.n	1000337e <stdio_put_string+0x5e>
1000338a:	464b      	mov	r3, r9
1000338c:	681b      	ldr	r3, [r3, #0]
1000338e:	2b00      	cmp	r3, #0
10003390:	d001      	beq.n	10003396 <stdio_put_string+0x76>
10003392:	429c      	cmp	r4, r3
10003394:	d1f3      	bne.n	1000337e <stdio_put_string+0x5e>
10003396:	0020      	movs	r0, r4
10003398:	002a      	movs	r2, r5
1000339a:	4641      	mov	r1, r8
1000339c:	47b0      	blx	r6
1000339e:	6924      	ldr	r4, [r4, #16]
100033a0:	2c00      	cmp	r4, #0
100033a2:	d1ef      	bne.n	10003384 <stdio_put_string+0x64>
100033a4:	2f00      	cmp	r7, #0
100033a6:	d126      	bne.n	100033f6 <stdio_put_string+0xd6>
100033a8:	0028      	movs	r0, r5
100033aa:	b003      	add	sp, #12
100033ac:	bcf0      	pop	{r4, r5, r6, r7}
100033ae:	46bb      	mov	fp, r7
100033b0:	46b2      	mov	sl, r6
100033b2:	46a9      	mov	r9, r5
100033b4:	46a0      	mov	r8, r4
100033b6:	bdf0      	pop	{r4, r5, r6, r7, pc}
100033b8:	4e17      	ldr	r6, [pc, #92]	@ (10003418 <stdio_put_string+0xf8>)
100033ba:	e7d6      	b.n	1000336a <stdio_put_string+0x4a>
100033bc:	4b15      	ldr	r3, [pc, #84]	@ (10003414 <stdio_put_string+0xf4>)
100033be:	4699      	mov	r9, r3
100033c0:	230a      	movs	r3, #10
100033c2:	469b      	mov	fp, r3
100033c4:	e002      	b.n	100033cc <stdio_put_string+0xac>
100033c6:	6924      	ldr	r4, [r4, #16]
100033c8:	2c00      	cmp	r4, #0
100033ca:	d0eb      	beq.n	100033a4 <stdio_put_string+0x84>
100033cc:	6823      	ldr	r3, [r4, #0]
100033ce:	2b00      	cmp	r3, #0
100033d0:	d0f9      	beq.n	100033c6 <stdio_put_string+0xa6>
100033d2:	464b      	mov	r3, r9
100033d4:	681b      	ldr	r3, [r3, #0]
100033d6:	2b00      	cmp	r3, #0
100033d8:	d001      	beq.n	100033de <stdio_put_string+0xbe>
100033da:	42a3      	cmp	r3, r4
100033dc:	d1f3      	bne.n	100033c6 <stdio_put_string+0xa6>
100033de:	002a      	movs	r2, r5
100033e0:	4641      	mov	r1, r8
100033e2:	0020      	movs	r0, r4
100033e4:	47b0      	blx	r6
100033e6:	466b      	mov	r3, sp
100033e8:	465a      	mov	r2, fp
100033ea:	0020      	movs	r0, r4
100033ec:	71da      	strb	r2, [r3, #7]
100033ee:	1dd9      	adds	r1, r3, #7
100033f0:	2201      	movs	r2, #1
100033f2:	47b0      	blx	r6
100033f4:	e7e7      	b.n	100033c6 <stdio_put_string+0xa6>
100033f6:	4650      	mov	r0, sl
100033f8:	f000 fbda 	bl	10003bb0 <__mutex_exit_veneer>
100033fc:	e7d4      	b.n	100033a8 <stdio_put_string+0x88>
100033fe:	46c0      	nop			@ (mov r8, r8)
10003400:	000f4240 	.word	0x000f4240
10003404:	7fffffff 	.word	0x7fffffff
10003408:	20001b38 	.word	0x20001b38
1000340c:	10003271 	.word	0x10003271
10003410:	2000228c 	.word	0x2000228c
10003414:	20002290 	.word	0x20002290
10003418:	10003261 	.word	0x10003261

1000341c <__wrap_putchar>:
1000341c:	b5f0      	push	{r4, r5, r6, r7, lr}
1000341e:	46ce      	mov	lr, r9
10003420:	4647      	mov	r7, r8
10003422:	b580      	push	{r7, lr}
10003424:	b083      	sub	sp, #12
10003426:	466b      	mov	r3, sp
10003428:	0006      	movs	r6, r0
1000342a:	1ddd      	adds	r5, r3, #7
1000342c:	7028      	strb	r0, [r5, #0]
1000342e:	f7fe fbf1 	bl	10001c14 <time_us_64>
10003432:	2300      	movs	r3, #0
10003434:	4a19      	ldr	r2, [pc, #100]	@ (1000349c <__wrap_putchar+0x80>)
10003436:	1812      	adds	r2, r2, r0
10003438:	414b      	adcs	r3, r1
1000343a:	2b00      	cmp	r3, #0
1000343c:	da02      	bge.n	10003444 <__wrap_putchar+0x28>
1000343e:	2201      	movs	r2, #1
10003440:	4b17      	ldr	r3, [pc, #92]	@ (100034a0 <__wrap_putchar+0x84>)
10003442:	4252      	negs	r2, r2
10003444:	4917      	ldr	r1, [pc, #92]	@ (100034a4 <__wrap_putchar+0x88>)
10003446:	0008      	movs	r0, r1
10003448:	4688      	mov	r8, r1
1000344a:	f000 fbc9 	bl	10003be0 <__mutex_try_enter_block_until_veneer>
1000344e:	4b16      	ldr	r3, [pc, #88]	@ (100034a8 <__wrap_putchar+0x8c>)
10003450:	4681      	mov	r9, r0
10003452:	681c      	ldr	r4, [r3, #0]
10003454:	2c00      	cmp	r4, #0
10003456:	d014      	beq.n	10003482 <__wrap_putchar+0x66>
10003458:	4f14      	ldr	r7, [pc, #80]	@ (100034ac <__wrap_putchar+0x90>)
1000345a:	e002      	b.n	10003462 <__wrap_putchar+0x46>
1000345c:	6924      	ldr	r4, [r4, #16]
1000345e:	2c00      	cmp	r4, #0
10003460:	d00f      	beq.n	10003482 <__wrap_putchar+0x66>
10003462:	6823      	ldr	r3, [r4, #0]
10003464:	2b00      	cmp	r3, #0
10003466:	d0f9      	beq.n	1000345c <__wrap_putchar+0x40>
10003468:	683b      	ldr	r3, [r7, #0]
1000346a:	2b00      	cmp	r3, #0
1000346c:	d001      	beq.n	10003472 <__wrap_putchar+0x56>
1000346e:	429c      	cmp	r4, r3
10003470:	d1f4      	bne.n	1000345c <__wrap_putchar+0x40>
10003472:	0020      	movs	r0, r4
10003474:	2201      	movs	r2, #1
10003476:	0029      	movs	r1, r5
10003478:	f7ff fefa 	bl	10003270 <stdio_out_chars_crlf>
1000347c:	6924      	ldr	r4, [r4, #16]
1000347e:	2c00      	cmp	r4, #0
10003480:	d1ef      	bne.n	10003462 <__wrap_putchar+0x46>
10003482:	464b      	mov	r3, r9
10003484:	2b00      	cmp	r3, #0
10003486:	d105      	bne.n	10003494 <__wrap_putchar+0x78>
10003488:	0030      	movs	r0, r6
1000348a:	b003      	add	sp, #12
1000348c:	bcc0      	pop	{r6, r7}
1000348e:	46b9      	mov	r9, r7
10003490:	46b0      	mov	r8, r6
10003492:	bdf0      	pop	{r4, r5, r6, r7, pc}
10003494:	4640      	mov	r0, r8
10003496:	f000 fb8b 	bl	10003bb0 <__mutex_exit_veneer>
1000349a:	e7f5      	b.n	10003488 <__wrap_putchar+0x6c>
1000349c:	000f4240 	.word	0x000f4240
100034a0:	7fffffff 	.word	0x7fffffff
100034a4:	20001b38 	.word	0x20001b38
100034a8:	2000228c 	.word	0x2000228c
100034ac:	20002290 	.word	0x20002290

100034b0 <__wrap_puts>:
100034b0:	b570      	push	{r4, r5, r6, lr}
100034b2:	0004      	movs	r4, r0
100034b4:	f000 fb44 	bl	10003b40 <strlen>
100034b8:	2301      	movs	r3, #1
100034ba:	0001      	movs	r1, r0
100034bc:	0005      	movs	r5, r0
100034be:	2201      	movs	r2, #1
100034c0:	0020      	movs	r0, r4
100034c2:	f7ff ff2d 	bl	10003320 <stdio_put_string>
100034c6:	4b08      	ldr	r3, [pc, #32]	@ (100034e8 <__wrap_puts+0x38>)
100034c8:	681c      	ldr	r4, [r3, #0]
100034ca:	2c00      	cmp	r4, #0
100034cc:	d006      	beq.n	100034dc <__wrap_puts+0x2c>
100034ce:	6863      	ldr	r3, [r4, #4]
100034d0:	2b00      	cmp	r3, #0
100034d2:	d005      	beq.n	100034e0 <__wrap_puts+0x30>
100034d4:	4798      	blx	r3
100034d6:	6924      	ldr	r4, [r4, #16]
100034d8:	2c00      	cmp	r4, #0
100034da:	d1f8      	bne.n	100034ce <__wrap_puts+0x1e>
100034dc:	0028      	movs	r0, r5
100034de:	bd70      	pop	{r4, r5, r6, pc}
100034e0:	6924      	ldr	r4, [r4, #16]
100034e2:	2c00      	cmp	r4, #0
100034e4:	d1f3      	bne.n	100034ce <__wrap_puts+0x1e>
100034e6:	e7f9      	b.n	100034dc <__wrap_puts+0x2c>
100034e8:	2000228c 	.word	0x2000228c

100034ec <dma_claim_unused_channel>:
100034ec:	b510      	push	{r4, lr}
100034ee:	4b06      	ldr	r3, [pc, #24]	@ (10003508 <dma_claim_unused_channel+0x1c>)
100034f0:	4c06      	ldr	r4, [pc, #24]	@ (1000350c <dma_claim_unused_channel+0x20>)
100034f2:	b082      	sub	sp, #8
100034f4:	0001      	movs	r1, r0
100034f6:	9300      	str	r3, [sp, #0]
100034f8:	2200      	movs	r2, #0
100034fa:	230b      	movs	r3, #11
100034fc:	0020      	movs	r0, r4
100034fe:	f7fd ff3b 	bl	10001378 <hw_claim_unused_from_range>
10003502:	b002      	add	sp, #8
10003504:	bd10      	pop	{r4, pc}
10003506:	46c0      	nop			@ (mov r8, r8)
10003508:	10003d0c 	.word	0x10003d0c
1000350c:	200022d0 	.word	0x200022d0

10003510 <dma_channel_cleanup>:
10003510:	0003      	movs	r3, r0
10003512:	4911      	ldr	r1, [pc, #68]	@ (10003558 <dma_channel_cleanup+0x48>)
10003514:	0182      	lsls	r2, r0, #6
10003516:	1851      	adds	r1, r2, r1
10003518:	6808      	ldr	r0, [r1, #0]
1000351a:	02d9      	lsls	r1, r3, #11
1000351c:	4041      	eors	r1, r0
1000351e:	480f      	ldr	r0, [pc, #60]	@ (1000355c <dma_channel_cleanup+0x4c>)
10003520:	b510      	push	{r4, lr}
10003522:	4001      	ands	r1, r0
10003524:	480e      	ldr	r0, [pc, #56]	@ (10003560 <dma_channel_cleanup+0x50>)
10003526:	24a0      	movs	r4, #160	@ 0xa0
10003528:	1810      	adds	r0, r2, r0
1000352a:	6001      	str	r1, [r0, #0]
1000352c:	2001      	movs	r0, #1
1000352e:	4098      	lsls	r0, r3
10003530:	4b0c      	ldr	r3, [pc, #48]	@ (10003564 <dma_channel_cleanup+0x54>)
10003532:	05e4      	lsls	r4, r4, #23
10003534:	6018      	str	r0, [r3, #0]
10003536:	4b0c      	ldr	r3, [pc, #48]	@ (10003568 <dma_channel_cleanup+0x58>)
10003538:	2180      	movs	r1, #128	@ 0x80
1000353a:	6018      	str	r0, [r3, #0]
1000353c:	4b0b      	ldr	r3, [pc, #44]	@ (1000356c <dma_channel_cleanup+0x5c>)
1000353e:	0449      	lsls	r1, r1, #17
10003540:	50e0      	str	r0, [r4, r3]
10003542:	4b0b      	ldr	r3, [pc, #44]	@ (10003570 <dma_channel_cleanup+0x60>)
10003544:	469c      	mov	ip, r3
10003546:	4462      	add	r2, ip
10003548:	6813      	ldr	r3, [r2, #0]
1000354a:	420b      	tst	r3, r1
1000354c:	d1fc      	bne.n	10003548 <dma_channel_cleanup+0x38>
1000354e:	2380      	movs	r3, #128	@ 0x80
10003550:	00db      	lsls	r3, r3, #3
10003552:	50e0      	str	r0, [r4, r3]
10003554:	bd10      	pop	{r4, pc}
10003556:	46c0      	nop			@ (mov r8, r8)
10003558:	50000010 	.word	0x50000010
1000355c:	00007801 	.word	0x00007801
10003560:	50001010 	.word	0x50001010
10003564:	50003404 	.word	0x50003404
10003568:	50003414 	.word	0x50003414
1000356c:	00000444 	.word	0x00000444
10003570:	5000000c 	.word	0x5000000c

10003574 <i2c_write_blocking_internal>:
10003574:	b5f0      	push	{r4, r5, r6, r7, lr}
10003576:	4657      	mov	r7, sl
10003578:	464e      	mov	r6, r9
1000357a:	4645      	mov	r5, r8
1000357c:	46de      	mov	lr, fp
1000357e:	b5e0      	push	{r5, r6, r7, lr}
10003580:	0006      	movs	r6, r0
10003582:	b085      	sub	sp, #20
10003584:	9200      	str	r2, [sp, #0]
10003586:	2200      	movs	r2, #0
10003588:	001c      	movs	r4, r3
1000358a:	9302      	str	r3, [sp, #8]
1000358c:	ab0e      	add	r3, sp, #56	@ 0x38
1000358e:	7818      	ldrb	r0, [r3, #0]
10003590:	6833      	ldr	r3, [r6, #0]
10003592:	9d0f      	ldr	r5, [sp, #60]	@ 0x3c
10003594:	66da      	str	r2, [r3, #108]	@ 0x6c
10003596:	3201      	adds	r2, #1
10003598:	6059      	str	r1, [r3, #4]
1000359a:	9f10      	ldr	r7, [sp, #64]	@ 0x40
1000359c:	66da      	str	r2, [r3, #108]	@ 0x6c
1000359e:	9001      	str	r0, [sp, #4]
100035a0:	1e22      	subs	r2, r4, #0
100035a2:	dc00      	bgt.n	100035a6 <i2c_write_blocking_internal+0x32>
100035a4:	e0bf      	b.n	10003726 <i2c_write_blocking_internal+0x1b2>
100035a6:	3a01      	subs	r2, #1
100035a8:	4693      	mov	fp, r2
100035aa:	2d00      	cmp	r5, #0
100035ac:	d003      	beq.n	100035b6 <i2c_write_blocking_internal+0x42>
100035ae:	2101      	movs	r1, #1
100035b0:	0038      	movs	r0, r7
100035b2:	47a8      	blx	r5
100035b4:	6833      	ldr	r3, [r6, #0]
100035b6:	465a      	mov	r2, fp
100035b8:	7931      	ldrb	r1, [r6, #4]
100035ba:	0289      	lsls	r1, r1, #10
100035bc:	2a00      	cmp	r2, #0
100035be:	d100      	bne.n	100035c2 <i2c_write_blocking_internal+0x4e>
100035c0:	e083      	b.n	100036ca <i2c_write_blocking_internal+0x156>
100035c2:	2200      	movs	r2, #0
100035c4:	2000      	movs	r0, #0
100035c6:	4691      	mov	r9, r2
100035c8:	464c      	mov	r4, r9
100035ca:	9a00      	ldr	r2, [sp, #0]
100035cc:	5d12      	ldrb	r2, [r2, r4]
100035ce:	430a      	orrs	r2, r1
100035d0:	4302      	orrs	r2, r0
100035d2:	611a      	str	r2, [r3, #16]
100035d4:	2210      	movs	r2, #16
100035d6:	4690      	mov	r8, r2
100035d8:	2d00      	cmp	r5, #0
100035da:	d01a      	beq.n	10003612 <i2c_write_blocking_internal+0x9e>
100035dc:	2400      	movs	r4, #0
100035de:	e004      	b.n	100035ea <i2c_write_blocking_internal+0x76>
100035e0:	4641      	mov	r1, r8
100035e2:	6833      	ldr	r3, [r6, #0]
100035e4:	6b5a      	ldr	r2, [r3, #52]	@ 0x34
100035e6:	4211      	tst	r1, r2
100035e8:	d129      	bne.n	1000363e <i2c_write_blocking_internal+0xca>
100035ea:	2100      	movs	r1, #0
100035ec:	0038      	movs	r0, r7
100035ee:	47a8      	blx	r5
100035f0:	4304      	orrs	r4, r0
100035f2:	b2e4      	uxtb	r4, r4
100035f4:	2800      	cmp	r0, #0
100035f6:	d0f3      	beq.n	100035e0 <i2c_write_blocking_internal+0x6c>
100035f8:	2302      	movs	r3, #2
100035fa:	425b      	negs	r3, r3
100035fc:	4699      	mov	r9, r3
100035fe:	4648      	mov	r0, r9
10003600:	9b01      	ldr	r3, [sp, #4]
10003602:	7133      	strb	r3, [r6, #4]
10003604:	b005      	add	sp, #20
10003606:	bcf0      	pop	{r4, r5, r6, r7}
10003608:	46bb      	mov	fp, r7
1000360a:	46b2      	mov	sl, r6
1000360c:	46a9      	mov	r9, r5
1000360e:	46a0      	mov	r8, r4
10003610:	bdf0      	pop	{r4, r5, r6, r7, pc}
10003612:	2480      	movs	r4, #128	@ 0x80
10003614:	4648      	mov	r0, r9
10003616:	6b59      	ldr	r1, [r3, #52]	@ 0x34
10003618:	420a      	tst	r2, r1
1000361a:	d0fc      	beq.n	10003616 <i2c_write_blocking_internal+0xa2>
1000361c:	5919      	ldr	r1, [r3, r4]
1000361e:	468c      	mov	ip, r1
10003620:	2900      	cmp	r1, #0
10003622:	d157      	bne.n	100036d4 <i2c_write_blocking_internal+0x160>
10003624:	4583      	cmp	fp, r0
10003626:	d071      	beq.n	1000370c <i2c_write_blocking_internal+0x198>
10003628:	9902      	ldr	r1, [sp, #8]
1000362a:	3001      	adds	r0, #1
1000362c:	4281      	cmp	r1, r0
1000362e:	d075      	beq.n	1000371c <i2c_write_blocking_internal+0x1a8>
10003630:	2100      	movs	r1, #0
10003632:	4583      	cmp	fp, r0
10003634:	d04c      	beq.n	100036d0 <i2c_write_blocking_internal+0x15c>
10003636:	9900      	ldr	r1, [sp, #0]
10003638:	5c09      	ldrb	r1, [r1, r0]
1000363a:	6119      	str	r1, [r3, #16]
1000363c:	e7eb      	b.n	10003616 <i2c_write_blocking_internal+0xa2>
1000363e:	2280      	movs	r2, #128	@ 0x80
10003640:	5899      	ldr	r1, [r3, r2]
10003642:	2900      	cmp	r1, #0
10003644:	d115      	bne.n	10003672 <i2c_write_blocking_internal+0xfe>
10003646:	2c00      	cmp	r4, #0
10003648:	d115      	bne.n	10003676 <i2c_write_blocking_internal+0x102>
1000364a:	45cb      	cmp	fp, r9
1000364c:	d054      	beq.n	100036f8 <i2c_write_blocking_internal+0x184>
1000364e:	2301      	movs	r3, #1
10003650:	469c      	mov	ip, r3
10003652:	9b02      	ldr	r3, [sp, #8]
10003654:	44e1      	add	r9, ip
10003656:	454b      	cmp	r3, r9
10003658:	d0d1      	beq.n	100035fe <i2c_write_blocking_internal+0x8a>
1000365a:	2101      	movs	r1, #1
1000365c:	0038      	movs	r0, r7
1000365e:	47a8      	blx	r5
10003660:	2100      	movs	r1, #0
10003662:	45cb      	cmp	fp, r9
10003664:	d01b      	beq.n	1000369e <i2c_write_blocking_internal+0x12a>
10003666:	464a      	mov	r2, r9
10003668:	9b00      	ldr	r3, [sp, #0]
1000366a:	5c9a      	ldrb	r2, [r3, r2]
1000366c:	6833      	ldr	r3, [r6, #0]
1000366e:	611a      	str	r2, [r3, #16]
10003670:	e7b4      	b.n	100035dc <i2c_write_blocking_internal+0x68>
10003672:	2401      	movs	r4, #1
10003674:	6d5b      	ldr	r3, [r3, #84]	@ 0x54
10003676:	2380      	movs	r3, #128	@ 0x80
10003678:	009b      	lsls	r3, r3, #2
1000367a:	469a      	mov	sl, r3
1000367c:	465b      	mov	r3, fp
1000367e:	468b      	mov	fp, r1
10003680:	9303      	str	r3, [sp, #12]
10003682:	e004      	b.n	1000368e <i2c_write_blocking_internal+0x11a>
10003684:	4651      	mov	r1, sl
10003686:	6833      	ldr	r3, [r6, #0]
10003688:	6b5a      	ldr	r2, [r3, #52]	@ 0x34
1000368a:	420a      	tst	r2, r1
1000368c:	d10d      	bne.n	100036aa <i2c_write_blocking_internal+0x136>
1000368e:	2100      	movs	r1, #0
10003690:	0038      	movs	r0, r7
10003692:	47a8      	blx	r5
10003694:	4304      	orrs	r4, r0
10003696:	b2e4      	uxtb	r4, r4
10003698:	2800      	cmp	r0, #0
1000369a:	d0f3      	beq.n	10003684 <i2c_write_blocking_internal+0x110>
1000369c:	e7ac      	b.n	100035f8 <i2c_write_blocking_internal+0x84>
1000369e:	6833      	ldr	r3, [r6, #0]
100036a0:	2001      	movs	r0, #1
100036a2:	9a01      	ldr	r2, [sp, #4]
100036a4:	4050      	eors	r0, r2
100036a6:	0240      	lsls	r0, r0, #9
100036a8:	e78e      	b.n	100035c8 <i2c_write_blocking_internal+0x54>
100036aa:	9a03      	ldr	r2, [sp, #12]
100036ac:	4659      	mov	r1, fp
100036ae:	6e1b      	ldr	r3, [r3, #96]	@ 0x60
100036b0:	4693      	mov	fp, r2
100036b2:	2c00      	cmp	r4, #0
100036b4:	d0cb      	beq.n	1000364e <i2c_write_blocking_internal+0xda>
100036b6:	2900      	cmp	r1, #0
100036b8:	d003      	beq.n	100036c2 <i2c_write_blocking_internal+0x14e>
100036ba:	07cb      	lsls	r3, r1, #31
100036bc:	d401      	bmi.n	100036c2 <i2c_write_blocking_internal+0x14e>
100036be:	0709      	lsls	r1, r1, #28
100036c0:	d49d      	bmi.n	100035fe <i2c_write_blocking_internal+0x8a>
100036c2:	2301      	movs	r3, #1
100036c4:	425b      	negs	r3, r3
100036c6:	4699      	mov	r9, r3
100036c8:	e799      	b.n	100035fe <i2c_write_blocking_internal+0x8a>
100036ca:	2200      	movs	r2, #0
100036cc:	4691      	mov	r9, r2
100036ce:	e7e7      	b.n	100036a0 <i2c_write_blocking_internal+0x12c>
100036d0:	4681      	mov	r9, r0
100036d2:	e7e5      	b.n	100036a0 <i2c_write_blocking_internal+0x12c>
100036d4:	6d59      	ldr	r1, [r3, #84]	@ 0x54
100036d6:	2101      	movs	r1, #1
100036d8:	4688      	mov	r8, r1
100036da:	2180      	movs	r1, #128	@ 0x80
100036dc:	4681      	mov	r9, r0
100036de:	0018      	movs	r0, r3
100036e0:	0089      	lsls	r1, r1, #2
100036e2:	6b43      	ldr	r3, [r0, #52]	@ 0x34
100036e4:	420b      	tst	r3, r1
100036e6:	d0fc      	beq.n	100036e2 <i2c_write_blocking_internal+0x16e>
100036e8:	0003      	movs	r3, r0
100036ea:	6e19      	ldr	r1, [r3, #96]	@ 0x60
100036ec:	4641      	mov	r1, r8
100036ee:	4648      	mov	r0, r9
100036f0:	2900      	cmp	r1, #0
100036f2:	d099      	beq.n	10003628 <i2c_write_blocking_internal+0xb4>
100036f4:	4661      	mov	r1, ip
100036f6:	e7de      	b.n	100036b6 <i2c_write_blocking_internal+0x142>
100036f8:	9b01      	ldr	r3, [sp, #4]
100036fa:	2b00      	cmp	r3, #0
100036fc:	d0bb      	beq.n	10003676 <i2c_write_blocking_internal+0x102>
100036fe:	2301      	movs	r3, #1
10003700:	445b      	add	r3, fp
10003702:	4699      	mov	r9, r3
10003704:	9b02      	ldr	r3, [sp, #8]
10003706:	454b      	cmp	r3, r9
10003708:	d1a7      	bne.n	1000365a <i2c_write_blocking_internal+0xe6>
1000370a:	e778      	b.n	100035fe <i2c_write_blocking_internal+0x8a>
1000370c:	9901      	ldr	r1, [sp, #4]
1000370e:	2900      	cmp	r1, #0
10003710:	d006      	beq.n	10003720 <i2c_write_blocking_internal+0x1ac>
10003712:	4659      	mov	r1, fp
10003714:	1c48      	adds	r0, r1, #1
10003716:	9902      	ldr	r1, [sp, #8]
10003718:	4281      	cmp	r1, r0
1000371a:	d189      	bne.n	10003630 <i2c_write_blocking_internal+0xbc>
1000371c:	4681      	mov	r9, r0
1000371e:	e76e      	b.n	100035fe <i2c_write_blocking_internal+0x8a>
10003720:	2100      	movs	r1, #0
10003722:	4688      	mov	r8, r1
10003724:	e7d9      	b.n	100036da <i2c_write_blocking_internal+0x166>
10003726:	2300      	movs	r3, #0
10003728:	4699      	mov	r9, r3
1000372a:	e768      	b.n	100035fe <i2c_write_blocking_internal+0x8a>

1000372c <i2c_read_blocking_internal>:
1000372c:	b5f0      	push	{r4, r5, r6, r7, lr}
1000372e:	464e      	mov	r6, r9
10003730:	4657      	mov	r7, sl
10003732:	4645      	mov	r5, r8
10003734:	46de      	mov	lr, fp
10003736:	b5e0      	push	{r5, r6, r7, lr}
10003738:	b083      	sub	sp, #12
1000373a:	469a      	mov	sl, r3
1000373c:	ab0c      	add	r3, sp, #48	@ 0x30
1000373e:	781b      	ldrb	r3, [r3, #0]
10003740:	9201      	str	r2, [sp, #4]
10003742:	9300      	str	r3, [sp, #0]
10003744:	9b0e      	ldr	r3, [sp, #56]	@ 0x38
10003746:	6802      	ldr	r2, [r0, #0]
10003748:	4699      	mov	r9, r3
1000374a:	2300      	movs	r3, #0
1000374c:	66d3      	str	r3, [r2, #108]	@ 0x6c
1000374e:	3301      	adds	r3, #1
10003750:	6051      	str	r1, [r2, #4]
10003752:	66d3      	str	r3, [r2, #108]	@ 0x6c
10003754:	4653      	mov	r3, sl
10003756:	0005      	movs	r5, r0
10003758:	9e0d      	ldr	r6, [sp, #52]	@ 0x34
1000375a:	2b00      	cmp	r3, #0
1000375c:	dd60      	ble.n	10003820 <i2c_read_blocking_internal+0xf4>
1000375e:	2301      	movs	r3, #1
10003760:	425b      	negs	r3, r3
10003762:	4453      	add	r3, sl
10003764:	469b      	mov	fp, r3
10003766:	2400      	movs	r4, #0
10003768:	2e00      	cmp	r6, #0
1000376a:	d003      	beq.n	10003774 <i2c_read_blocking_internal+0x48>
1000376c:	2101      	movs	r1, #1
1000376e:	4648      	mov	r0, r9
10003770:	47b0      	blx	r6
10003772:	682a      	ldr	r2, [r5, #0]
10003774:	2380      	movs	r3, #128	@ 0x80
10003776:	005b      	lsls	r3, r3, #1
10003778:	469c      	mov	ip, r3
1000377a:	0013      	movs	r3, r2
1000377c:	6f51      	ldr	r1, [r2, #116]	@ 0x74
1000377e:	2910      	cmp	r1, #16
10003780:	d0fc      	beq.n	1000377c <i2c_read_blocking_internal+0x50>
10003782:	2100      	movs	r1, #0
10003784:	2c00      	cmp	r4, #0
10003786:	d101      	bne.n	1000378c <i2c_read_blocking_internal+0x60>
10003788:	7929      	ldrb	r1, [r5, #4]
1000378a:	0289      	lsls	r1, r1, #10
1000378c:	45a3      	cmp	fp, r4
1000378e:	d041      	beq.n	10003814 <i2c_read_blocking_internal+0xe8>
10003790:	4660      	mov	r0, ip
10003792:	4301      	orrs	r1, r0
10003794:	6111      	str	r1, [r2, #16]
10003796:	2e00      	cmp	r6, #0
10003798:	d027      	beq.n	100037ea <i2c_read_blocking_internal+0xbe>
1000379a:	2280      	movs	r2, #128	@ 0x80
1000379c:	2740      	movs	r7, #64	@ 0x40
1000379e:	4690      	mov	r8, r2
100037a0:	e008      	b.n	100037b4 <i2c_read_blocking_internal+0x88>
100037a2:	2100      	movs	r1, #0
100037a4:	4648      	mov	r0, r9
100037a6:	47b0      	blx	r6
100037a8:	2800      	cmp	r0, #0
100037aa:	d13b      	bne.n	10003824 <i2c_read_blocking_internal+0xf8>
100037ac:	682b      	ldr	r3, [r5, #0]
100037ae:	6f9a      	ldr	r2, [r3, #120]	@ 0x78
100037b0:	2a00      	cmp	r2, #0
100037b2:	d113      	bne.n	100037dc <i2c_read_blocking_internal+0xb0>
100037b4:	4642      	mov	r2, r8
100037b6:	589a      	ldr	r2, [r3, r2]
100037b8:	6b5a      	ldr	r2, [r3, #52]	@ 0x34
100037ba:	4217      	tst	r7, r2
100037bc:	d0f1      	beq.n	100037a2 <i2c_read_blocking_internal+0x76>
100037be:	2100      	movs	r1, #0
100037c0:	4648      	mov	r0, r9
100037c2:	6d5b      	ldr	r3, [r3, #84]	@ 0x54
100037c4:	47b0      	blx	r6
100037c6:	43c4      	mvns	r4, r0
100037c8:	0020      	movs	r0, r4
100037ca:	9b00      	ldr	r3, [sp, #0]
100037cc:	712b      	strb	r3, [r5, #4]
100037ce:	b003      	add	sp, #12
100037d0:	bcf0      	pop	{r4, r5, r6, r7}
100037d2:	46bb      	mov	fp, r7
100037d4:	46b2      	mov	sl, r6
100037d6:	46a9      	mov	r9, r5
100037d8:	46a0      	mov	r8, r4
100037da:	bdf0      	pop	{r4, r5, r6, r7, pc}
100037dc:	691b      	ldr	r3, [r3, #16]
100037de:	9a01      	ldr	r2, [sp, #4]
100037e0:	5513      	strb	r3, [r2, r4]
100037e2:	3401      	adds	r4, #1
100037e4:	4554      	cmp	r4, sl
100037e6:	d1c1      	bne.n	1000376c <i2c_read_blocking_internal+0x40>
100037e8:	e7ee      	b.n	100037c8 <i2c_read_blocking_internal+0x9c>
100037ea:	2780      	movs	r7, #128	@ 0x80
100037ec:	2140      	movs	r1, #64	@ 0x40
100037ee:	59d3      	ldr	r3, [r2, r7]
100037f0:	6b53      	ldr	r3, [r2, #52]	@ 0x34
100037f2:	4219      	tst	r1, r3
100037f4:	d003      	beq.n	100037fe <i2c_read_blocking_internal+0xd2>
100037f6:	2401      	movs	r4, #1
100037f8:	6d53      	ldr	r3, [r2, #84]	@ 0x54
100037fa:	4264      	negs	r4, r4
100037fc:	e7e4      	b.n	100037c8 <i2c_read_blocking_internal+0x9c>
100037fe:	6f93      	ldr	r3, [r2, #120]	@ 0x78
10003800:	2b00      	cmp	r3, #0
10003802:	d0f4      	beq.n	100037ee <i2c_read_blocking_internal+0xc2>
10003804:	6913      	ldr	r3, [r2, #16]
10003806:	9a01      	ldr	r2, [sp, #4]
10003808:	5513      	strb	r3, [r2, r4]
1000380a:	3401      	adds	r4, #1
1000380c:	4554      	cmp	r4, sl
1000380e:	d0db      	beq.n	100037c8 <i2c_read_blocking_internal+0x9c>
10003810:	682a      	ldr	r2, [r5, #0]
10003812:	e7b2      	b.n	1000377a <i2c_read_blocking_internal+0x4e>
10003814:	2701      	movs	r7, #1
10003816:	9800      	ldr	r0, [sp, #0]
10003818:	4047      	eors	r7, r0
1000381a:	027f      	lsls	r7, r7, #9
1000381c:	4339      	orrs	r1, r7
1000381e:	e7b7      	b.n	10003790 <i2c_read_blocking_internal+0x64>
10003820:	2400      	movs	r4, #0
10003822:	e7d1      	b.n	100037c8 <i2c_read_blocking_internal+0x9c>
10003824:	2402      	movs	r4, #2
10003826:	4264      	negs	r4, r4
10003828:	e7ce      	b.n	100037c8 <i2c_read_blocking_internal+0x9c>
1000382a:	46c0      	nop			@ (mov r8, r8)

1000382c <i2c_set_baudrate>:
1000382c:	b5f8      	push	{r3, r4, r5, r6, r7, lr}
1000382e:	46de      	mov	lr, fp
10003830:	4657      	mov	r7, sl
10003832:	464e      	mov	r6, r9
10003834:	4645      	mov	r5, r8
10003836:	4683      	mov	fp, r0
10003838:	b5e0      	push	{r5, r6, r7, lr}
1000383a:	2005      	movs	r0, #5
1000383c:	000c      	movs	r4, r1
1000383e:	f7fe fd29 	bl	10002294 <clock_get_hz>
10003842:	0006      	movs	r6, r0
10003844:	0860      	lsrs	r0, r4, #1
10003846:	0021      	movs	r1, r4
10003848:	1980      	adds	r0, r0, r6
1000384a:	f7ff f8fd 	bl	10002a48 <__wrap___aeabi_uidiv>
1000384e:	0043      	lsls	r3, r0, #1
10003850:	4698      	mov	r8, r3
10003852:	4480      	add	r8, r0
10003854:	0007      	movs	r7, r0
10003856:	2105      	movs	r1, #5
10003858:	4640      	mov	r0, r8
1000385a:	f7ff f8f5 	bl	10002a48 <__wrap___aeabi_uidiv>
1000385e:	1a3b      	subs	r3, r7, r0
10003860:	469a      	mov	sl, r3
10003862:	4b1e      	ldr	r3, [pc, #120]	@ (100038dc <i2c_set_baudrate+0xb0>)
10003864:	4681      	mov	r9, r0
10003866:	0070      	lsls	r0, r6, #1
10003868:	1980      	adds	r0, r0, r6
1000386a:	429c      	cmp	r4, r3
1000386c:	d831      	bhi.n	100038d2 <i2c_set_baudrate+0xa6>
1000386e:	491c      	ldr	r1, [pc, #112]	@ (100038e0 <i2c_set_baudrate+0xb4>)
10003870:	f7ff f8ea 	bl	10002a48 <__wrap___aeabi_uidiv>
10003874:	1c45      	adds	r5, r0, #1
10003876:	465b      	mov	r3, fp
10003878:	681c      	ldr	r4, [r3, #0]
1000387a:	2300      	movs	r3, #0
1000387c:	66e3      	str	r3, [r4, #108]	@ 0x6c
1000387e:	6822      	ldr	r2, [r4, #0]
10003880:	3304      	adds	r3, #4
10003882:	405a      	eors	r2, r3
10003884:	3302      	adds	r3, #2
10003886:	4013      	ands	r3, r2
10003888:	2280      	movs	r2, #128	@ 0x80
1000388a:	0152      	lsls	r2, r2, #5
1000388c:	18a2      	adds	r2, r4, r2
1000388e:	6013      	str	r3, [r2, #0]
10003890:	4653      	mov	r3, sl
10003892:	61e3      	str	r3, [r4, #28]
10003894:	464b      	mov	r3, r9
10003896:	6223      	str	r3, [r4, #32]
10003898:	4643      	mov	r3, r8
1000389a:	2001      	movs	r0, #1
1000389c:	2b4f      	cmp	r3, #79	@ 0x4f
1000389e:	d903      	bls.n	100038a8 <i2c_set_baudrate+0x7c>
100038a0:	2150      	movs	r1, #80	@ 0x50
100038a2:	4640      	mov	r0, r8
100038a4:	f7ff f8d0 	bl	10002a48 <__wrap___aeabi_uidiv>
100038a8:	23a0      	movs	r3, #160	@ 0xa0
100038aa:	50e0      	str	r0, [r4, r3]
100038ac:	6fe3      	ldr	r3, [r4, #124]	@ 0x7c
100038ae:	0039      	movs	r1, r7
100038b0:	405d      	eors	r5, r3
100038b2:	4b0c      	ldr	r3, [pc, #48]	@ (100038e4 <i2c_set_baudrate+0xb8>)
100038b4:	042d      	lsls	r5, r5, #16
100038b6:	0c2d      	lsrs	r5, r5, #16
100038b8:	18e3      	adds	r3, r4, r3
100038ba:	601d      	str	r5, [r3, #0]
100038bc:	2301      	movs	r3, #1
100038be:	0030      	movs	r0, r6
100038c0:	66e3      	str	r3, [r4, #108]	@ 0x6c
100038c2:	f7ff f8c1 	bl	10002a48 <__wrap___aeabi_uidiv>
100038c6:	bcf0      	pop	{r4, r5, r6, r7}
100038c8:	46bb      	mov	fp, r7
100038ca:	46b2      	mov	sl, r6
100038cc:	46a9      	mov	r9, r5
100038ce:	46a0      	mov	r8, r4
100038d0:	bdf8      	pop	{r3, r4, r5, r6, r7, pc}
100038d2:	4905      	ldr	r1, [pc, #20]	@ (100038e8 <i2c_set_baudrate+0xbc>)
100038d4:	f7ff f8b8 	bl	10002a48 <__wrap___aeabi_uidiv>
100038d8:	1c45      	adds	r5, r0, #1
100038da:	e7cc      	b.n	10003876 <i2c_set_baudrate+0x4a>
100038dc:	000f423f 	.word	0x000f423f
100038e0:	00989680 	.word	0x00989680
100038e4:	0000107c 	.word	0x0000107c
100038e8:	017d7840 	.word	0x017d7840

100038ec <i2c_init>:
100038ec:	4a0f      	ldr	r2, [pc, #60]	@ (1000392c <i2c_init+0x40>)
100038ee:	b570      	push	{r4, r5, r6, lr}
100038f0:	1a82      	subs	r2, r0, r2
100038f2:	1e53      	subs	r3, r2, #1
100038f4:	419a      	sbcs	r2, r3
100038f6:	4b0e      	ldr	r3, [pc, #56]	@ (10003930 <i2c_init+0x44>)
100038f8:	00d2      	lsls	r2, r2, #3
100038fa:	3208      	adds	r2, #8
100038fc:	601a      	str	r2, [r3, #0]
100038fe:	4b0d      	ldr	r3, [pc, #52]	@ (10003934 <i2c_init+0x48>)
10003900:	4c0d      	ldr	r4, [pc, #52]	@ (10003938 <i2c_init+0x4c>)
10003902:	601a      	str	r2, [r3, #0]
10003904:	0015      	movs	r5, r2
10003906:	6823      	ldr	r3, [r4, #0]
10003908:	439d      	bics	r5, r3
1000390a:	1e2b      	subs	r3, r5, #0
1000390c:	d1fa      	bne.n	10003904 <i2c_init+0x18>
1000390e:	2466      	movs	r4, #102	@ 0x66
10003910:	6802      	ldr	r2, [r0, #0]
10003912:	34ff      	adds	r4, #255	@ 0xff
10003914:	7105      	strb	r5, [r0, #4]
10003916:	66d5      	str	r5, [r2, #108]	@ 0x6c
10003918:	6014      	str	r4, [r2, #0]
1000391a:	3c63      	subs	r4, #99	@ 0x63
1000391c:	3388      	adds	r3, #136	@ 0x88
1000391e:	3cff      	subs	r4, #255	@ 0xff
10003920:	63d5      	str	r5, [r2, #60]	@ 0x3c
10003922:	6395      	str	r5, [r2, #56]	@ 0x38
10003924:	50d4      	str	r4, [r2, r3]
10003926:	f7ff ff81 	bl	1000382c <i2c_set_baudrate>
1000392a:	bd70      	pop	{r4, r5, r6, pc}
1000392c:	20001b30 	.word	0x20001b30
10003930:	4000e000 	.word	0x4000e000
10003934:	4000f000 	.word	0x4000f000
10003938:	4000c008 	.word	0x4000c008

1000393c <i2c_write_blocking_until>:
1000393c:	b5f0      	push	{r4, r5, r6, r7, lr}
1000393e:	46ce      	mov	lr, r9
10003940:	4647      	mov	r7, r8
10003942:	b580      	push	{r7, lr}
10003944:	b089      	sub	sp, #36	@ 0x24
10003946:	001f      	movs	r7, r3
10003948:	ab10      	add	r3, sp, #64	@ 0x40
1000394a:	781b      	ldrb	r3, [r3, #0]
1000394c:	0004      	movs	r4, r0
1000394e:	4699      	mov	r9, r3
10003950:	ab04      	add	r3, sp, #16
10003952:	4698      	mov	r8, r3
10003954:	0016      	movs	r6, r2
10003956:	9a12      	ldr	r2, [sp, #72]	@ 0x48
10003958:	9b13      	ldr	r3, [sp, #76]	@ 0x4c
1000395a:	4640      	mov	r0, r8
1000395c:	000d      	movs	r5, r1
1000395e:	f7fe f941 	bl	10001be4 <init_single_timeout_until>
10003962:	4643      	mov	r3, r8
10003964:	9302      	str	r3, [sp, #8]
10003966:	464b      	mov	r3, r9
10003968:	9001      	str	r0, [sp, #4]
1000396a:	9300      	str	r3, [sp, #0]
1000396c:	0032      	movs	r2, r6
1000396e:	003b      	movs	r3, r7
10003970:	0029      	movs	r1, r5
10003972:	0020      	movs	r0, r4
10003974:	f7ff fdfe 	bl	10003574 <i2c_write_blocking_internal>
10003978:	b009      	add	sp, #36	@ 0x24
1000397a:	bcc0      	pop	{r6, r7}
1000397c:	46b9      	mov	r9, r7
1000397e:	46b0      	mov	r8, r6
10003980:	bdf0      	pop	{r4, r5, r6, r7, pc}
10003982:	46c0      	nop			@ (mov r8, r8)

10003984 <i2c_read_blocking_until>:
10003984:	b5f0      	push	{r4, r5, r6, r7, lr}
10003986:	46ce      	mov	lr, r9
10003988:	4647      	mov	r7, r8
1000398a:	b580      	push	{r7, lr}
1000398c:	b089      	sub	sp, #36	@ 0x24
1000398e:	001f      	movs	r7, r3
10003990:	ab10      	add	r3, sp, #64	@ 0x40
10003992:	781b      	ldrb	r3, [r3, #0]
10003994:	0004      	movs	r4, r0
10003996:	4699      	mov	r9, r3
10003998:	ab04      	add	r3, sp, #16
1000399a:	4698      	mov	r8, r3
1000399c:	0016      	movs	r6, r2
1000399e:	9a12      	ldr	r2, [sp, #72]	@ 0x48
100039a0:	9b13      	ldr	r3, [sp, #76]	@ 0x4c
100039a2:	4640      	mov	r0, r8
100039a4:	000d      	movs	r5, r1
100039a6:	f7fe f91d 	bl	10001be4 <init_single_timeout_until>
100039aa:	4643      	mov	r3, r8
100039ac:	9302      	str	r3, [sp, #8]
100039ae:	464b      	mov	r3, r9
100039b0:	9001      	str	r0, [sp, #4]
100039b2:	9300      	str	r3, [sp, #0]
100039b4:	0032      	movs	r2, r6
100039b6:	003b      	movs	r3, r7
100039b8:	0029      	movs	r1, r5
100039ba:	0020      	movs	r0, r4
100039bc:	f7ff feb6 	bl	1000372c <i2c_read_blocking_internal>
100039c0:	b009      	add	sp, #36	@ 0x24
100039c2:	bcc0      	pop	{r6, r7}
100039c4:	46b9      	mov	r9, r7
100039c6:	46b0      	mov	r8, r6
100039c8:	bdf0      	pop	{r4, r5, r6, r7, pc}
100039ca:	46c0      	nop			@ (mov r8, r8)

100039cc <adc_init>:
100039cc:	2301      	movs	r3, #1
100039ce:	2101      	movs	r1, #1
100039d0:	4a08      	ldr	r2, [pc, #32]	@ (100039f4 <adc_init+0x28>)
100039d2:	6013      	str	r3, [r2, #0]
100039d4:	4a08      	ldr	r2, [pc, #32]	@ (100039f8 <adc_init+0x2c>)
100039d6:	6013      	str	r3, [r2, #0]
100039d8:	4a08      	ldr	r2, [pc, #32]	@ (100039fc <adc_init+0x30>)
100039da:	0008      	movs	r0, r1
100039dc:	6813      	ldr	r3, [r2, #0]
100039de:	4398      	bics	r0, r3
100039e0:	d1fb      	bne.n	100039da <adc_init+0xe>
100039e2:	4a07      	ldr	r2, [pc, #28]	@ (10003a00 <adc_init+0x34>)
100039e4:	6011      	str	r1, [r2, #0]
100039e6:	2180      	movs	r1, #128	@ 0x80
100039e8:	0049      	lsls	r1, r1, #1
100039ea:	6813      	ldr	r3, [r2, #0]
100039ec:	420b      	tst	r3, r1
100039ee:	d0fc      	beq.n	100039ea <adc_init+0x1e>
100039f0:	4770      	bx	lr
100039f2:	46c0      	nop			@ (mov r8, r8)
100039f4:	4000e000 	.word	0x4000e000
100039f8:	4000f000 	.word	0x4000f000
100039fc:	4000c008 	.word	0x4000c008
10003a00:	4004c000 	.word	0x4004c000

10003a04 <spi_init>:
10003a04:	b5f0      	push	{r4, r5, r6, r7, lr}
10003a06:	464e      	mov	r6, r9
10003a08:	4681      	mov	r9, r0
10003a0a:	4a47      	ldr	r2, [pc, #284]	@ (10003b28 <spi_init+0x124>)
10003a0c:	46de      	mov	lr, fp
10003a0e:	444a      	add	r2, r9
10003a10:	1e53      	subs	r3, r2, #1
10003a12:	419a      	sbcs	r2, r3
10003a14:	2380      	movs	r3, #128	@ 0x80
10003a16:	4657      	mov	r7, sl
10003a18:	4645      	mov	r5, r8
10003a1a:	025b      	lsls	r3, r3, #9
10003a1c:	469c      	mov	ip, r3
10003a1e:	b5e0      	push	{r5, r6, r7, lr}
10003a20:	4b42      	ldr	r3, [pc, #264]	@ (10003b2c <spi_init+0x128>)
10003a22:	0412      	lsls	r2, r2, #16
10003a24:	4462      	add	r2, ip
10003a26:	b085      	sub	sp, #20
10003a28:	601a      	str	r2, [r3, #0]
10003a2a:	4b41      	ldr	r3, [pc, #260]	@ (10003b30 <spi_init+0x12c>)
10003a2c:	000c      	movs	r4, r1
10003a2e:	4941      	ldr	r1, [pc, #260]	@ (10003b34 <spi_init+0x130>)
10003a30:	601a      	str	r2, [r3, #0]
10003a32:	0010      	movs	r0, r2
10003a34:	680b      	ldr	r3, [r1, #0]
10003a36:	4398      	bics	r0, r3
10003a38:	d1fb      	bne.n	10003a32 <spi_init+0x2e>
10003a3a:	4680      	mov	r8, r0
10003a3c:	2006      	movs	r0, #6
10003a3e:	f7fe fc29 	bl	10002294 <clock_get_hz>
10003a42:	464b      	mov	r3, r9
10003a44:	685a      	ldr	r2, [r3, #4]
10003a46:	2302      	movs	r3, #2
10003a48:	401a      	ands	r2, r3
10003a4a:	9201      	str	r2, [sp, #4]
10003a4c:	464a      	mov	r2, r9
10003a4e:	9000      	str	r0, [sp, #0]
10003a50:	2080      	movs	r0, #128	@ 0x80
10003a52:	3204      	adds	r2, #4
10003a54:	9202      	str	r2, [sp, #8]
10003a56:	4a38      	ldr	r2, [pc, #224]	@ (10003b38 <spi_init+0x134>)
10003a58:	0de7      	lsrs	r7, r4, #23
10003a5a:	444a      	add	r2, r9
10003a5c:	0266      	lsls	r6, r4, #9
10003a5e:	6013      	str	r3, [r2, #0]
10003a60:	4693      	mov	fp, r2
10003a62:	003b      	movs	r3, r7
10003a64:	0032      	movs	r2, r6
10003a66:	2502      	movs	r5, #2
10003a68:	0040      	lsls	r0, r0, #1
10003a6a:	e007      	b.n	10003a7c <spi_init+0x78>
10003a6c:	9900      	ldr	r1, [sp, #0]
10003a6e:	4291      	cmp	r1, r2
10003a70:	d306      	bcc.n	10003a80 <spi_init+0x7c>
10003a72:	3502      	adds	r5, #2
10003a74:	1992      	adds	r2, r2, r6
10003a76:	417b      	adcs	r3, r7
10003a78:	4285      	cmp	r5, r0
10003a7a:	d001      	beq.n	10003a80 <spi_init+0x7c>
10003a7c:	2b00      	cmp	r3, #0
10003a7e:	d0f5      	beq.n	10003a6c <spi_init+0x68>
10003a80:	4643      	mov	r3, r8
10003a82:	2680      	movs	r6, #128	@ 0x80
10003a84:	9303      	str	r3, [sp, #12]
10003a86:	9b00      	ldr	r3, [sp, #0]
10003a88:	022f      	lsls	r7, r5, #8
10003a8a:	46aa      	mov	sl, r5
10003a8c:	4698      	mov	r8, r3
10003a8e:	1b7f      	subs	r7, r7, r5
10003a90:	0076      	lsls	r6, r6, #1
10003a92:	e003      	b.n	10003a9c <spi_init+0x98>
10003a94:	4653      	mov	r3, sl
10003a96:	1aff      	subs	r7, r7, r3
10003a98:	2e01      	cmp	r6, #1
10003a9a:	d03f      	beq.n	10003b1c <spi_init+0x118>
10003a9c:	0039      	movs	r1, r7
10003a9e:	4640      	mov	r0, r8
10003aa0:	0035      	movs	r5, r6
10003aa2:	3e01      	subs	r6, #1
10003aa4:	f7fe ffd0 	bl	10002a48 <__wrap___aeabi_uidiv>
10003aa8:	4284      	cmp	r4, r0
10003aaa:	d2f3      	bcs.n	10003a94 <spi_init+0x90>
10003aac:	002b      	movs	r3, r5
10003aae:	4655      	mov	r5, sl
10003ab0:	469a      	mov	sl, r3
10003ab2:	4650      	mov	r0, sl
10003ab4:	0233      	lsls	r3, r6, #8
10003ab6:	4698      	mov	r8, r3
10003ab8:	4368      	muls	r0, r5
10003aba:	464b      	mov	r3, r9
10003abc:	4642      	mov	r2, r8
10003abe:	611d      	str	r5, [r3, #16]
10003ac0:	681b      	ldr	r3, [r3, #0]
10003ac2:	2680      	movs	r6, #128	@ 0x80
10003ac4:	4053      	eors	r3, r2
10003ac6:	22ff      	movs	r2, #255	@ 0xff
10003ac8:	0176      	lsls	r6, r6, #5
10003aca:	0212      	lsls	r2, r2, #8
10003acc:	4013      	ands	r3, r2
10003ace:	444e      	add	r6, r9
10003ad0:	6033      	str	r3, [r6, #0]
10003ad2:	2380      	movs	r3, #128	@ 0x80
10003ad4:	019b      	lsls	r3, r3, #6
10003ad6:	469c      	mov	ip, r3
10003ad8:	9a02      	ldr	r2, [sp, #8]
10003ada:	9b01      	ldr	r3, [sp, #4]
10003adc:	4462      	add	r2, ip
10003ade:	6013      	str	r3, [r2, #0]
10003ae0:	2102      	movs	r1, #2
10003ae2:	465c      	mov	r4, fp
10003ae4:	464b      	mov	r3, r9
10003ae6:	685b      	ldr	r3, [r3, #4]
10003ae8:	6021      	str	r1, [r4, #0]
10003aea:	464c      	mov	r4, r9
10003aec:	6827      	ldr	r7, [r4, #0]
10003aee:	2407      	movs	r4, #7
10003af0:	4067      	eors	r7, r4
10003af2:	34c8      	adds	r4, #200	@ 0xc8
10003af4:	403c      	ands	r4, r7
10003af6:	6034      	str	r4, [r6, #0]
10003af8:	2403      	movs	r4, #3
10003afa:	400b      	ands	r3, r1
10003afc:	6013      	str	r3, [r2, #0]
10003afe:	4b0f      	ldr	r3, [pc, #60]	@ (10003b3c <spi_init+0x138>)
10003b00:	444b      	add	r3, r9
10003b02:	601c      	str	r4, [r3, #0]
10003b04:	6011      	str	r1, [r2, #0]
10003b06:	0001      	movs	r1, r0
10003b08:	9800      	ldr	r0, [sp, #0]
10003b0a:	f7fe ff9d 	bl	10002a48 <__wrap___aeabi_uidiv>
10003b0e:	b005      	add	sp, #20
10003b10:	bcf0      	pop	{r4, r5, r6, r7}
10003b12:	46bb      	mov	fp, r7
10003b14:	46b2      	mov	sl, r6
10003b16:	46a9      	mov	r9, r5
10003b18:	46a0      	mov	r8, r4
10003b1a:	bdf0      	pop	{r4, r5, r6, r7, pc}
10003b1c:	4655      	mov	r5, sl
10003b1e:	9b03      	ldr	r3, [sp, #12]
10003b20:	0028      	movs	r0, r5
10003b22:	4698      	mov	r8, r3
10003b24:	e7c9      	b.n	10003aba <spi_init+0xb6>
10003b26:	46c0      	nop			@ (mov r8, r8)
10003b28:	bffc4000 	.word	0xbffc4000
10003b2c:	4000e000 	.word	0x4000e000
10003b30:	4000f000 	.word	0x4000f000
10003b34:	4000c008 	.word	0x4000c008
10003b38:	00003004 	.word	0x00003004
10003b3c:	00002024 	.word	0x00002024

10003b40 <strlen>:
10003b40:	b510      	push	{r4, lr}
10003b42:	0783      	lsls	r3, r0, #30
10003b44:	d00a      	beq.n	10003b5c <strlen+0x1c>
10003b46:	0003      	movs	r3, r0
10003b48:	2103      	movs	r1, #3
10003b4a:	e002      	b.n	10003b52 <strlen+0x12>
10003b4c:	3301      	adds	r3, #1
10003b4e:	420b      	tst	r3, r1
10003b50:	d005      	beq.n	10003b5e <strlen+0x1e>
10003b52:	781a      	ldrb	r2, [r3, #0]
10003b54:	2a00      	cmp	r2, #0
10003b56:	d1f9      	bne.n	10003b4c <strlen+0xc>
10003b58:	1a18      	subs	r0, r3, r0
10003b5a:	bd10      	pop	{r4, pc}
10003b5c:	0003      	movs	r3, r0
10003b5e:	6819      	ldr	r1, [r3, #0]
10003b60:	4a0c      	ldr	r2, [pc, #48]	@ (10003b94 <strlen+0x54>)
10003b62:	4c0d      	ldr	r4, [pc, #52]	@ (10003b98 <strlen+0x58>)
10003b64:	188a      	adds	r2, r1, r2
10003b66:	438a      	bics	r2, r1
10003b68:	4222      	tst	r2, r4
10003b6a:	d10f      	bne.n	10003b8c <strlen+0x4c>
10003b6c:	6859      	ldr	r1, [r3, #4]
10003b6e:	4a09      	ldr	r2, [pc, #36]	@ (10003b94 <strlen+0x54>)
10003b70:	3304      	adds	r3, #4
10003b72:	188a      	adds	r2, r1, r2
10003b74:	438a      	bics	r2, r1
10003b76:	4222      	tst	r2, r4
10003b78:	d108      	bne.n	10003b8c <strlen+0x4c>
10003b7a:	6859      	ldr	r1, [r3, #4]
10003b7c:	4a05      	ldr	r2, [pc, #20]	@ (10003b94 <strlen+0x54>)
10003b7e:	3304      	adds	r3, #4
10003b80:	188a      	adds	r2, r1, r2
10003b82:	438a      	bics	r2, r1
10003b84:	4222      	tst	r2, r4
10003b86:	d0f1      	beq.n	10003b6c <strlen+0x2c>
10003b88:	e000      	b.n	10003b8c <strlen+0x4c>
10003b8a:	3301      	adds	r3, #1
10003b8c:	781a      	ldrb	r2, [r3, #0]
10003b8e:	2a00      	cmp	r2, #0
10003b90:	d1fb      	bne.n	10003b8a <strlen+0x4a>
10003b92:	e7e1      	b.n	10003b58 <strlen+0x18>
10003b94:	fefefeff 	.word	0xfefefeff
10003b98:	80808080 	.word	0x80808080

10003b9c <_fini>:
10003b9c:	b5f8      	push	{r3, r4, r5, r6, r7, lr}
10003b9e:	46c0      	nop			@ (mov r8, r8)

10003ba0 <__flash_do_cmd_veneer>:
10003ba0:	b401      	push	{r0}
10003ba2:	4802      	ldr	r0, [pc, #8]	@ (10003bac <__flash_do_cmd_veneer+0xc>)
10003ba4:	4684      	mov	ip, r0
10003ba6:	bc01      	pop	{r0}
10003ba8:	4760      	bx	ip
10003baa:	bf00      	nop
10003bac:	200017e1 	.word	0x200017e1

10003bb0 <__mutex_exit_veneer>:
10003bb0:	b401      	push	{r0}
10003bb2:	4802      	ldr	r0, [pc, #8]	@ (10003bbc <__mutex_exit_veneer+0xc>)
10003bb4:	4684      	mov	ip, r0
10003bb6:	bc01      	pop	{r0}
10003bb8:	4760      	bx	ip
10003bba:	bf00      	nop
10003bbc:	200019b5 	.word	0x200019b5

10003bc0 <____aeabi_ldiv0_veneer>:
10003bc0:	b401      	push	{r0}
10003bc2:	4802      	ldr	r0, [pc, #8]	@ (10003bcc <____aeabi_ldiv0_veneer+0xc>)
10003bc4:	4684      	mov	ip, r0
10003bc6:	bc01      	pop	{r0}
10003bc8:	4760      	bx	ip
10003bca:	bf00      	nop
10003bcc:	200019dd 	.word	0x200019dd

10003bd0 <____aeabi_idiv0_veneer>:
10003bd0:	b401      	push	{r0}
10003bd2:	4802      	ldr	r0, [pc, #8]	@ (10003bdc <____aeabi_idiv0_veneer+0xc>)
10003bd4:	4684      	mov	ip, r0
10003bd6:	bc01      	pop	{r0}
10003bd8:	4760      	bx	ip
10003bda:	bf00      	nop
10003bdc:	200019dd 	.word	0x200019dd

10003be0 <__mutex_try_enter_block_until_veneer>:
10003be0:	b401      	push	{r0}
10003be2:	4802      	ldr	r0, [pc, #8]	@ (10003bec <__mutex_try_enter_block_until_veneer+0xc>)
10003be4:	4684      	mov	ip, r0
10003be6:	bc01      	pop	{r0}
10003be8:	4760      	bx	ip
10003bea:	bf00      	nop
10003bec:	2000191d 	.word	0x2000191d

10003bf0 <___ZN12ComputerCard11AudioWorkerEv_veneer>:
10003bf0:	b401      	push	{r0}
10003bf2:	4802      	ldr	r0, [pc, #8]	@ (10003bfc <___ZN12ComputerCard11AudioWorkerEv_veneer+0xc>)
10003bf4:	4684      	mov	ip, r0
10003bf6:	bc01      	pop	{r0}
10003bf8:	4760      	bx	ip
10003bfa:	bf00      	nop
10003bfc:	20000e69 	.word	0x20000e69

10003c00 <___ZN12ComputerCard10BufferFullEv_veneer>:
10003c00:	b401      	push	{r0}
10003c02:	4802      	ldr	r0, [pc, #8]	@ (10003c0c <___ZN12ComputerCard10BufferFullEv_veneer+0xc>)
10003c04:	4684      	mov	ip, r0
10003c06:	bc01      	pop	{r0}
10003c08:	4760      	bx	ip
10003c0a:	bf00      	nop
10003c0c:	20001075 	.word	0x20001075

10003c10 <__pre_init_runtime_init_early_resets>:
10003c10:	100027d9                                .'..

10003c14 <__pre_init_runtime_init_usb_power_down>:
10003c14:	10002805 100029e9 100031c1 10002eb9     .(...)...1......
10003c24:	10003119                                .1..

10003c28 <__pre_init_runtime_init_clocks>:
10003c28:	10002911                                .)..

10003c2c <__pre_init_runtime_init_post_clock_resets>:
10003c2c:	10002821                                !(..

10003c30 <__pre_init_runtime_init_rp2040_gpio_ie_disable>:
10003c30:	10002841                                A(..

10003c34 <__pre_init_runtime_init_spin_locks_reset>:
10003c34:	10002855                                U(..

10003c38 <__pre_init_runtime_init_mutex>:
10003c38:	10001fa5                                ....

10003c3c <__pre_init_runtime_init_install_ram_vector_table>:
10003c3c:	1000285d                                ](..

10003c40 <__pre_init_runtime_init_default_alarm_pool>:
10003c40:	100017c9                                ....

10003c44 <__pre_init_first_per_core_initializer>:
10003c44:	100027a1                                .'..

10003c48 <__pre_init_runtime_init_per_core_irq_priorities>:
10003c48:	10001c49                                I...

10003c4c <__init_array_start>:
10003c4c:	100012b9 	.word	0x100012b9

10003c50 <__frame_dummy_init_array_entry>:
10003c50:	100002b1 100011b5                       ........

Disassembly of section .data:

200000c0 <_ZN11ChorganCard13ProcessSampleEv>:
200000c0:	b5f0      	push	{r4, r5, r6, r7, lr}
200000c2:	23f8      	movs	r3, #248	@ 0xf8
200000c4:	46de      	mov	lr, fp
200000c6:	4657      	mov	r7, sl
200000c8:	464e      	mov	r6, r9
200000ca:	4645      	mov	r5, r8
200000cc:	2288      	movs	r2, #136	@ 0x88
200000ce:	4683      	mov	fp, r0
200000d0:	b5e0      	push	{r5, r6, r7, lr}
200000d2:	58c5      	ldr	r5, [r0, r3]
200000d4:	3304      	adds	r3, #4
200000d6:	58c6      	ldr	r6, [r0, r3]
200000d8:	3304      	adds	r3, #4
200000da:	58c7      	ldr	r7, [r0, r3]
200000dc:	0052      	lsls	r2, r2, #1
200000de:	330c      	adds	r3, #12
200000e0:	58c3      	ldr	r3, [r0, r3]
200000e2:	5884      	ldr	r4, [r0, r2]
200000e4:	32b4      	adds	r2, #180	@ 0xb4
200000e6:	5881      	ldr	r1, [r0, r2]
200000e8:	b089      	sub	sp, #36	@ 0x24
200000ea:	1a6d      	subs	r5, r5, r1
200000ec:	11ad      	asrs	r5, r5, #6
200000ee:	1868      	adds	r0, r5, r1
200000f0:	4659      	mov	r1, fp
200000f2:	5088      	str	r0, [r1, r2]
200000f4:	3a10      	subs	r2, #16
200000f6:	5889      	ldr	r1, [r1, r2]
200000f8:	b21b      	sxth	r3, r3
200000fa:	1a76      	subs	r6, r6, r1
200000fc:	11b6      	asrs	r6, r6, #6
200000fe:	1876      	adds	r6, r6, r1
20000100:	4659      	mov	r1, fp
20000102:	508e      	str	r6, [r1, r2]
20000104:	3204      	adds	r2, #4
20000106:	5889      	ldr	r1, [r1, r2]
20000108:	b224      	sxth	r4, r4
2000010a:	1a7f      	subs	r7, r7, r1
2000010c:	11bf      	asrs	r7, r7, #6
2000010e:	187f      	adds	r7, r7, r1
20000110:	4659      	mov	r1, fp
20000112:	508f      	str	r7, [r1, r2]
20000114:	3204      	adds	r2, #4
20000116:	5889      	ldr	r1, [r1, r2]
20000118:	9000      	str	r0, [sp, #0]
2000011a:	1a5b      	subs	r3, r3, r1
2000011c:	119b      	asrs	r3, r3, #6
2000011e:	185b      	adds	r3, r3, r1
20000120:	4659      	mov	r1, fp
20000122:	508b      	str	r3, [r1, r2]
20000124:	3204      	adds	r2, #4
20000126:	5889      	ldr	r1, [r1, r2]
20000128:	2096      	movs	r0, #150	@ 0x96
2000012a:	1a64      	subs	r4, r4, r1
2000012c:	11a4      	asrs	r4, r4, #6
2000012e:	1864      	adds	r4, r4, r1
20000130:	4659      	mov	r1, fp
20000132:	508c      	str	r4, [r1, r2]
20000134:	21e6      	movs	r1, #230	@ 0xe6
20000136:	465a      	mov	r2, fp
20000138:	0049      	lsls	r1, r1, #1
2000013a:	5852      	ldr	r2, [r2, r1]
2000013c:	0180      	lsls	r0, r0, #6
2000013e:	4282      	cmp	r2, r0
20000140:	d200      	bcs.n	20000144 <_ZN11ChorganCard13ProcessSampleEv+0x84>
20000142:	e32c      	b.n	2000079e <_ZN11ChorganCard13ProcessSampleEv+0x6de>
20000144:	9a00      	ldr	r2, [sp, #0]
20000146:	4694      	mov	ip, r2
20000148:	2280      	movs	r2, #128	@ 0x80
2000014a:	4464      	add	r4, ip
2000014c:	0152      	lsls	r2, r2, #5
2000014e:	4294      	cmp	r4, r2
20000150:	db00      	blt.n	20000154 <_ZN11ChorganCard13ProcessSampleEv+0x94>
20000152:	e2d4      	b.n	200006fe <_ZN11ChorganCard13ProcessSampleEv+0x63e>
20000154:	43e2      	mvns	r2, r4
20000156:	17d2      	asrs	r2, r2, #31
20000158:	4014      	ands	r4, r2
2000015a:	2156      	movs	r1, #86	@ 0x56
2000015c:	0058      	lsls	r0, r3, #1
2000015e:	18c0      	adds	r0, r0, r3
20000160:	31ff      	adds	r1, #255	@ 0xff
20000162:	0300      	lsls	r0, r0, #12
20000164:	f001 fc4c 	bl	20001a00 <____wrap___aeabi_idiv_veneer>
20000168:	4bec      	ldr	r3, [pc, #944]	@ (2000051c <_ZN11ChorganCard13ProcessSampleEv+0x45c>)
2000016a:	21f0      	movs	r1, #240	@ 0xf0
2000016c:	469c      	mov	ip, r3
2000016e:	4466      	add	r6, ip
20000170:	0073      	lsls	r3, r6, #1
20000172:	199b      	adds	r3, r3, r6
20000174:	005b      	lsls	r3, r3, #1
20000176:	18c2      	adds	r2, r0, r3
20000178:	0013      	movs	r3, r2
2000017a:	0209      	lsls	r1, r1, #8
2000017c:	428a      	cmp	r2, r1
2000017e:	dd00      	ble.n	20000182 <_ZN11ChorganCard13ProcessSampleEv+0xc2>
20000180:	e2b7      	b.n	200006f2 <_ZN11ChorganCard13ProcessSampleEv+0x632>
20000182:	49e7      	ldr	r1, [pc, #924]	@ (20000520 <_ZN11ChorganCard13ProcessSampleEv+0x460>)
20000184:	428b      	cmp	r3, r1
20000186:	da00      	bge.n	2000018a <_ZN11ChorganCard13ProcessSampleEv+0xca>
20000188:	e2b1      	b.n	200006ee <_ZN11ChorganCard13ProcessSampleEv+0x62e>
2000018a:	21ce      	movs	r1, #206	@ 0xce
2000018c:	4658      	mov	r0, fp
2000018e:	0049      	lsls	r1, r1, #1
20000190:	5841      	ldr	r1, [r0, r1]
20000192:	4689      	mov	r9, r1
20000194:	21e4      	movs	r1, #228	@ 0xe4
20000196:	0049      	lsls	r1, r1, #1
20000198:	5840      	ldr	r0, [r0, r1]
2000019a:	464e      	mov	r6, r9
2000019c:	4298      	cmp	r0, r3
2000019e:	d01f      	beq.n	200001e0 <_ZN11ChorganCard13ProcessSampleEv+0x120>
200001a0:	4658      	mov	r0, fp
200001a2:	5043      	str	r3, [r0, r1]
200001a4:	1299      	asrs	r1, r3, #10
200001a6:	059b      	lsls	r3, r3, #22
200001a8:	468c      	mov	ip, r1
200001aa:	0d98      	lsrs	r0, r3, #22
200001ac:	313c      	adds	r1, #60	@ 0x3c
200001ae:	2a00      	cmp	r2, #0
200001b0:	da01      	bge.n	200001b6 <_ZN11ChorganCard13ProcessSampleEv+0xf6>
200001b2:	f000 fe17 	bl	20000de4 <_ZN11ChorganCard13ProcessSampleEv+0xd24>
200001b6:	4666      	mov	r6, ip
200001b8:	363d      	adds	r6, #61	@ 0x3d
200001ba:	43cb      	mvns	r3, r1
200001bc:	17db      	asrs	r3, r3, #31
200001be:	4ad9      	ldr	r2, [pc, #868]	@ (20000524 <_ZN11ChorganCard13ProcessSampleEv+0x464>)
200001c0:	4019      	ands	r1, r3
200001c2:	00b6      	lsls	r6, r6, #2
200001c4:	0089      	lsls	r1, r1, #2
200001c6:	5851      	ldr	r1, [r2, r1]
200001c8:	5993      	ldr	r3, [r2, r6]
200001ca:	4ad7      	ldr	r2, [pc, #860]	@ (20000528 <_ZN11ChorganCard13ProcessSampleEv+0x468>)
200001cc:	1a5b      	subs	r3, r3, r1
200001ce:	4358      	muls	r0, r3
200001d0:	1280      	asrs	r0, r0, #10
200001d2:	1840      	adds	r0, r0, r1
200001d4:	0c01      	lsrs	r1, r0, #16
200001d6:	2300      	movs	r3, #0
200001d8:	0400      	lsls	r0, r0, #16
200001da:	f001 fc41 	bl	20001a60 <____wrap___aeabi_uldivmod_veneer>
200001de:	0006      	movs	r6, r0
200001e0:	2380      	movs	r3, #128	@ 0x80
200001e2:	015b      	lsls	r3, r3, #5
200001e4:	429f      	cmp	r7, r3
200001e6:	db00      	blt.n	200001ea <_ZN11ChorganCard13ProcessSampleEv+0x12a>
200001e8:	e2c7      	b.n	2000077a <_ZN11ChorganCard13ProcessSampleEv+0x6ba>
200001ea:	43fb      	mvns	r3, r7
200001ec:	17db      	asrs	r3, r3, #31
200001ee:	401f      	ands	r7, r3
200001f0:	20d6      	movs	r0, #214	@ 0xd6
200001f2:	007b      	lsls	r3, r7, #1
200001f4:	19db      	adds	r3, r3, r7
200001f6:	009b      	lsls	r3, r3, #2
200001f8:	19df      	adds	r7, r3, r7
200001fa:	0040      	lsls	r0, r0, #1
200001fc:	233c      	movs	r3, #60	@ 0x3c
200001fe:	2599      	movs	r5, #153	@ 0x99
20000200:	465a      	mov	r2, fp
20000202:	4682      	mov	sl, r0
20000204:	33ff      	adds	r3, #255	@ 0xff
20000206:	00ad      	lsls	r5, r5, #2
20000208:	5cd1      	ldrb	r1, [r2, r3]
2000020a:	4658      	mov	r0, fp
2000020c:	5953      	ldr	r3, [r2, r5]
2000020e:	4652      	mov	r2, sl
20000210:	5882      	ldr	r2, [r0, r2]
20000212:	133f      	asrs	r7, r7, #12
20000214:	4690      	mov	r8, r2
20000216:	9101      	str	r1, [sp, #4]
20000218:	2900      	cmp	r1, #0
2000021a:	d000      	beq.n	2000021e <_ZN11ChorganCard13ProcessSampleEv+0x15e>
2000021c:	e271      	b.n	20000702 <_ZN11ChorganCard13ProcessSampleEv+0x642>
2000021e:	4ac3      	ldr	r2, [pc, #780]	@ (2000052c <_ZN11ChorganCard13ProcessSampleEv+0x46c>)
20000220:	3301      	adds	r3, #1
20000222:	5143      	str	r3, [r0, r5]
20000224:	4293      	cmp	r3, r2
20000226:	d101      	bne.n	2000022c <_ZN11ChorganCard13ProcessSampleEv+0x16c>
20000228:	f000 fde9 	bl	20000dfe <_ZN11ChorganCard13ProcessSampleEv+0xd3e>
2000022c:	2384      	movs	r3, #132	@ 0x84
2000022e:	465a      	mov	r2, fp
20000230:	005b      	lsls	r3, r3, #1
20000232:	5cd3      	ldrb	r3, [r2, r3]
20000234:	2b00      	cmp	r3, #0
20000236:	d006      	beq.n	20000246 <_ZN11ChorganCard13ProcessSampleEv+0x186>
20000238:	2385      	movs	r3, #133	@ 0x85
2000023a:	005b      	lsls	r3, r3, #1
2000023c:	5cd3      	ldrb	r3, [r2, r3]
2000023e:	2b00      	cmp	r3, #0
20000240:	d101      	bne.n	20000246 <_ZN11ChorganCard13ProcessSampleEv+0x186>
20000242:	f000 fd64 	bl	20000d0e <_ZN11ChorganCard13ProcessSampleEv+0xc4e>
20000246:	230a      	movs	r3, #10
20000248:	465a      	mov	r2, fp
2000024a:	33ff      	adds	r3, #255	@ 0xff
2000024c:	5cd3      	ldrb	r3, [r2, r3]
2000024e:	2b00      	cmp	r3, #0
20000250:	d000      	beq.n	20000254 <_ZN11ChorganCard13ProcessSampleEv+0x194>
20000252:	e2ae      	b.n	200007b2 <_ZN11ChorganCard13ProcessSampleEv+0x6f2>
20000254:	239b      	movs	r3, #155	@ 0x9b
20000256:	2201      	movs	r2, #1
20000258:	4659      	mov	r1, fp
2000025a:	009b      	lsls	r3, r3, #2
2000025c:	54ca      	strb	r2, [r1, r3]
2000025e:	230a      	movs	r3, #10
20000260:	465a      	mov	r2, fp
20000262:	33ff      	adds	r3, #255	@ 0xff
20000264:	5cd3      	ldrb	r3, [r2, r3]
20000266:	2b00      	cmp	r3, #0
20000268:	d001      	beq.n	2000026e <_ZN11ChorganCard13ProcessSampleEv+0x1ae>
2000026a:	f000 fd00 	bl	20000c6e <_ZN11ChorganCard13ProcessSampleEv+0xbae>
2000026e:	2392      	movs	r3, #146	@ 0x92
20000270:	465a      	mov	r2, fp
20000272:	009b      	lsls	r3, r3, #2
20000274:	5cd3      	ldrb	r3, [r2, r3]
20000276:	2b00      	cmp	r3, #0
20000278:	d000      	beq.n	2000027c <_ZN11ChorganCard13ProcessSampleEv+0x1bc>
2000027a:	e2a7      	b.n	200007cc <_ZN11ChorganCard13ProcessSampleEv+0x70c>
2000027c:	23d4      	movs	r3, #212	@ 0xd4
2000027e:	465a      	mov	r2, fp
20000280:	4658      	mov	r0, fp
20000282:	005b      	lsls	r3, r3, #1
20000284:	58d1      	ldr	r1, [r2, r3]
20000286:	3308      	adds	r3, #8
20000288:	58d2      	ldr	r2, [r2, r3]
2000028a:	3b10      	subs	r3, #16
2000028c:	58c0      	ldr	r0, [r0, r3]
2000028e:	42b0      	cmp	r0, r6
20000290:	d101      	bne.n	20000296 <_ZN11ChorganCard13ProcessSampleEv+0x1d6>
20000292:	f000 fc2b 	bl	20000aec <_ZN11ChorganCard13ProcessSampleEv+0xa2c>
20000296:	20ce      	movs	r0, #206	@ 0xce
20000298:	465d      	mov	r5, fp
2000029a:	0040      	lsls	r0, r0, #1
2000029c:	502e      	str	r6, [r5, r0]
2000029e:	50ee      	str	r6, [r5, r3]
200002a0:	428f      	cmp	r7, r1
200002a2:	d101      	bne.n	200002a8 <_ZN11ChorganCard13ProcessSampleEv+0x1e8>
200002a4:	f000 fda3 	bl	20000dee <_ZN11ChorganCard13ProcessSampleEv+0xd2e>
200002a8:	23d2      	movs	r3, #210	@ 0xd2
200002aa:	4659      	mov	r1, fp
200002ac:	005b      	lsls	r3, r3, #1
200002ae:	50cf      	str	r7, [r1, r3]
200002b0:	3304      	adds	r3, #4
200002b2:	50cf      	str	r7, [r1, r3]
200002b4:	4590      	cmp	r8, r2
200002b6:	d004      	beq.n	200002c2 <_ZN11ChorganCard13ProcessSampleEv+0x202>
200002b8:	23d8      	movs	r3, #216	@ 0xd8
200002ba:	465a      	mov	r2, fp
200002bc:	4641      	mov	r1, r8
200002be:	005b      	lsls	r3, r3, #1
200002c0:	50d1      	str	r1, [r2, r3]
200002c2:	23c2      	movs	r3, #194	@ 0xc2
200002c4:	4659      	mov	r1, fp
200002c6:	4a98      	ldr	r2, [pc, #608]	@ (20000528 <_ZN11ChorganCard13ProcessSampleEv+0x468>)
200002c8:	005b      	lsls	r3, r3, #1
200002ca:	50ca      	str	r2, [r1, r3]
200002cc:	003b      	movs	r3, r7
200002ce:	4a95      	ldr	r2, [pc, #596]	@ (20000524 <_ZN11ChorganCard13ProcessSampleEv+0x464>)
200002d0:	333c      	adds	r3, #60	@ 0x3c
200002d2:	009b      	lsls	r3, r3, #2
200002d4:	58d3      	ldr	r3, [r2, r3]
200002d6:	00bf      	lsls	r7, r7, #2
200002d8:	469a      	mov	sl, r3
200002da:	23c4      	movs	r3, #196	@ 0xc4
200002dc:	4650      	mov	r0, sl
200002de:	005b      	lsls	r3, r3, #1
200002e0:	50c8      	str	r0, [r1, r3]
200002e2:	4b93      	ldr	r3, [pc, #588]	@ (20000530 <_ZN11ChorganCard13ProcessSampleEv+0x470>)
200002e4:	58f9      	ldr	r1, [r7, r3]
200002e6:	4643      	mov	r3, r8
200002e8:	0098      	lsls	r0, r3, #2
200002ea:	560b      	ldrsb	r3, [r1, r0]
200002ec:	333c      	adds	r3, #60	@ 0x3c
200002ee:	2b7f      	cmp	r3, #127	@ 0x7f
200002f0:	dc00      	bgt.n	200002f4 <_ZN11ChorganCard13ProcessSampleEv+0x234>
200002f2:	e24c      	b.n	2000078e <_ZN11ChorganCard13ProcessSampleEv+0x6ce>
200002f4:	237f      	movs	r3, #127	@ 0x7f
200002f6:	009b      	lsls	r3, r3, #2
200002f8:	58d3      	ldr	r3, [r2, r3]
200002fa:	465f      	mov	r7, fp
200002fc:	4699      	mov	r9, r3
200002fe:	23c6      	movs	r3, #198	@ 0xc6
20000300:	464d      	mov	r5, r9
20000302:	005b      	lsls	r3, r3, #1
20000304:	50fd      	str	r5, [r7, r3]
20000306:	2301      	movs	r3, #1
20000308:	1809      	adds	r1, r1, r0
2000030a:	56cb      	ldrsb	r3, [r1, r3]
2000030c:	333c      	adds	r3, #60	@ 0x3c
2000030e:	2b7f      	cmp	r3, #127	@ 0x7f
20000310:	dc00      	bgt.n	20000314 <_ZN11ChorganCard13ProcessSampleEv+0x254>
20000312:	e238      	b.n	20000786 <_ZN11ChorganCard13ProcessSampleEv+0x6c6>
20000314:	237f      	movs	r3, #127	@ 0x7f
20000316:	009b      	lsls	r3, r3, #2
20000318:	58d3      	ldr	r3, [r2, r3]
2000031a:	4658      	mov	r0, fp
2000031c:	4698      	mov	r8, r3
2000031e:	23c8      	movs	r3, #200	@ 0xc8
20000320:	4645      	mov	r5, r8
20000322:	005b      	lsls	r3, r3, #1
20000324:	50c5      	str	r5, [r0, r3]
20000326:	2302      	movs	r3, #2
20000328:	56cb      	ldrsb	r3, [r1, r3]
2000032a:	333c      	adds	r3, #60	@ 0x3c
2000032c:	2b7f      	cmp	r3, #127	@ 0x7f
2000032e:	dc00      	bgt.n	20000332 <_ZN11ChorganCard13ProcessSampleEv+0x272>
20000330:	e231      	b.n	20000796 <_ZN11ChorganCard13ProcessSampleEv+0x6d6>
20000332:	237f      	movs	r3, #127	@ 0x7f
20000334:	009b      	lsls	r3, r3, #2
20000336:	58d7      	ldr	r7, [r2, r3]
20000338:	23ca      	movs	r3, #202	@ 0xca
2000033a:	4658      	mov	r0, fp
2000033c:	005b      	lsls	r3, r3, #1
2000033e:	50c7      	str	r7, [r0, r3]
20000340:	2303      	movs	r3, #3
20000342:	56cb      	ldrsb	r3, [r1, r3]
20000344:	333c      	adds	r3, #60	@ 0x3c
20000346:	2b7f      	cmp	r3, #127	@ 0x7f
20000348:	dc00      	bgt.n	2000034c <_ZN11ChorganCard13ProcessSampleEv+0x28c>
2000034a:	e218      	b.n	2000077e <_ZN11ChorganCard13ProcessSampleEv+0x6be>
2000034c:	237f      	movs	r3, #127	@ 0x7f
2000034e:	009b      	lsls	r3, r3, #2
20000350:	58d5      	ldr	r5, [r2, r3]
20000352:	0030      	movs	r0, r6
20000354:	2300      	movs	r3, #0
20000356:	4a74      	ldr	r2, [pc, #464]	@ (20000528 <_ZN11ChorganCard13ProcessSampleEv+0x468>)
20000358:	2100      	movs	r1, #0
2000035a:	f001 fb49 	bl	200019f0 <____wrap___aeabi_lmul_veneer>
2000035e:	23c2      	movs	r3, #194	@ 0xc2
20000360:	465a      	mov	r2, fp
20000362:	0409      	lsls	r1, r1, #16
20000364:	0c00      	lsrs	r0, r0, #16
20000366:	4308      	orrs	r0, r1
20000368:	005b      	lsls	r3, r3, #1
2000036a:	50d0      	str	r0, [r2, r3]
2000036c:	2100      	movs	r1, #0
2000036e:	0032      	movs	r2, r6
20000370:	2300      	movs	r3, #0
20000372:	4650      	mov	r0, sl
20000374:	f001 fb3c 	bl	200019f0 <____wrap___aeabi_lmul_veneer>
20000378:	23c4      	movs	r3, #196	@ 0xc4
2000037a:	465a      	mov	r2, fp
2000037c:	0409      	lsls	r1, r1, #16
2000037e:	0c00      	lsrs	r0, r0, #16
20000380:	4308      	orrs	r0, r1
20000382:	005b      	lsls	r3, r3, #1
20000384:	50d0      	str	r0, [r2, r3]
20000386:	2100      	movs	r1, #0
20000388:	0032      	movs	r2, r6
2000038a:	2300      	movs	r3, #0
2000038c:	4648      	mov	r0, r9
2000038e:	f001 fb2f 	bl	200019f0 <____wrap___aeabi_lmul_veneer>
20000392:	23c6      	movs	r3, #198	@ 0xc6
20000394:	465a      	mov	r2, fp
20000396:	0409      	lsls	r1, r1, #16
20000398:	0c00      	lsrs	r0, r0, #16
2000039a:	4308      	orrs	r0, r1
2000039c:	005b      	lsls	r3, r3, #1
2000039e:	50d0      	str	r0, [r2, r3]
200003a0:	2100      	movs	r1, #0
200003a2:	0032      	movs	r2, r6
200003a4:	2300      	movs	r3, #0
200003a6:	4640      	mov	r0, r8
200003a8:	f001 fb22 	bl	200019f0 <____wrap___aeabi_lmul_veneer>
200003ac:	23c8      	movs	r3, #200	@ 0xc8
200003ae:	465a      	mov	r2, fp
200003b0:	0409      	lsls	r1, r1, #16
200003b2:	0c00      	lsrs	r0, r0, #16
200003b4:	4308      	orrs	r0, r1
200003b6:	005b      	lsls	r3, r3, #1
200003b8:	50d0      	str	r0, [r2, r3]
200003ba:	2100      	movs	r1, #0
200003bc:	0032      	movs	r2, r6
200003be:	2300      	movs	r3, #0
200003c0:	0038      	movs	r0, r7
200003c2:	f001 fb15 	bl	200019f0 <____wrap___aeabi_lmul_veneer>
200003c6:	23ca      	movs	r3, #202	@ 0xca
200003c8:	465a      	mov	r2, fp
200003ca:	0409      	lsls	r1, r1, #16
200003cc:	0c00      	lsrs	r0, r0, #16
200003ce:	4308      	orrs	r0, r1
200003d0:	005b      	lsls	r3, r3, #1
200003d2:	50d0      	str	r0, [r2, r3]
200003d4:	2100      	movs	r1, #0
200003d6:	0032      	movs	r2, r6
200003d8:	2300      	movs	r3, #0
200003da:	0028      	movs	r0, r5
200003dc:	f001 fb08 	bl	200019f0 <____wrap___aeabi_lmul_veneer>
200003e0:	23cc      	movs	r3, #204	@ 0xcc
200003e2:	465a      	mov	r2, fp
200003e4:	0409      	lsls	r1, r1, #16
200003e6:	0c00      	lsrs	r0, r0, #16
200003e8:	4308      	orrs	r0, r1
200003ea:	005b      	lsls	r3, r3, #1
200003ec:	50d0      	str	r0, [r2, r3]
200003ee:	9b01      	ldr	r3, [sp, #4]
200003f0:	2b02      	cmp	r3, #2
200003f2:	d100      	bne.n	200003f6 <_ZN11ChorganCard13ProcessSampleEv+0x336>
200003f4:	e388      	b.n	20000b08 <_ZN11ChorganCard13ProcessSampleEv+0xa48>
200003f6:	2380      	movs	r3, #128	@ 0x80
200003f8:	9a00      	ldr	r2, [sp, #0]
200003fa:	011b      	lsls	r3, r3, #4
200003fc:	429a      	cmp	r2, r3
200003fe:	da00      	bge.n	20000402 <_ZN11ChorganCard13ProcessSampleEv+0x342>
20000400:	e38d      	b.n	20000b1e <_ZN11ChorganCard13ProcessSampleEv+0xa5e>
20000402:	4b4c      	ldr	r3, [pc, #304]	@ (20000534 <_ZN11ChorganCard13ProcessSampleEv+0x474>)
20000404:	9306      	str	r3, [sp, #24]
20000406:	235b      	movs	r3, #91	@ 0x5b
20000408:	2180      	movs	r1, #128	@ 0x80
2000040a:	4a44      	ldr	r2, [pc, #272]	@ (2000051c <_ZN11ChorganCard13ProcessSampleEv+0x45c>)
2000040c:	0109      	lsls	r1, r1, #4
2000040e:	18a2      	adds	r2, r4, r2
20000410:	4692      	mov	sl, r2
20000412:	1b09      	subs	r1, r1, r4
20000414:	2a00      	cmp	r2, #0
20000416:	da00      	bge.n	2000041a <_ZN11ChorganCard13ProcessSampleEv+0x35a>
20000418:	468a      	mov	sl, r1
2000041a:	4650      	mov	r0, sl
2000041c:	4946      	ldr	r1, [pc, #280]	@ (20000538 <_ZN11ChorganCard13ProcessSampleEv+0x478>)
2000041e:	1a0c      	subs	r4, r1, r0
20000420:	4946      	ldr	r1, [pc, #280]	@ (2000053c <_ZN11ChorganCard13ProcessSampleEv+0x47c>)
20000422:	9401      	str	r4, [sp, #4]
20000424:	1a09      	subs	r1, r1, r0
20000426:	4846      	ldr	r0, [pc, #280]	@ (20000540 <_ZN11ChorganCard13ProcessSampleEv+0x480>)
20000428:	4348      	muls	r0, r1
2000042a:	9004      	str	r0, [sp, #16]
2000042c:	2a00      	cmp	r2, #0
2000042e:	da00      	bge.n	20000432 <_ZN11ChorganCard13ProcessSampleEv+0x372>
20000430:	e1e3      	b.n	200007fa <_ZN11ChorganCard13ProcessSampleEv+0x73a>
20000432:	2280      	movs	r2, #128	@ 0x80
20000434:	0092      	lsls	r2, r2, #2
20000436:	4294      	cmp	r4, r2
20000438:	da00      	bge.n	2000043c <_ZN11ChorganCard13ProcessSampleEv+0x37c>
2000043a:	e373      	b.n	20000b24 <_ZN11ChorganCard13ProcessSampleEv+0xa64>
2000043c:	009f      	lsls	r7, r3, #2
2000043e:	427f      	negs	r7, r7
20000440:	005a      	lsls	r2, r3, #1
20000442:	1aff      	subs	r7, r7, r3
20000444:	4b3f      	ldr	r3, [pc, #252]	@ (20000544 <_ZN11ChorganCard13ProcessSampleEv+0x484>)
20000446:	2400      	movs	r4, #0
20000448:	4698      	mov	r8, r3
2000044a:	23c2      	movs	r3, #194	@ 0xc2
2000044c:	005b      	lsls	r3, r3, #1
2000044e:	445b      	add	r3, fp
20000450:	9301      	str	r3, [sp, #4]
20000452:	1283      	asrs	r3, r0, #10
20000454:	469a      	mov	sl, r3
20000456:	2300      	movs	r3, #0
20000458:	9300      	str	r3, [sp, #0]
2000045a:	2380      	movs	r3, #128	@ 0x80
2000045c:	05db      	lsls	r3, r3, #23
2000045e:	4699      	mov	r9, r3
20000460:	4643      	mov	r3, r8
20000462:	465e      	mov	r6, fp
20000464:	46a0      	mov	r8, r4
20000466:	001c      	movs	r4, r3
20000468:	366d      	adds	r6, #109	@ 0x6d
2000046a:	9202      	str	r2, [sp, #8]
2000046c:	36ff      	adds	r6, #255	@ 0xff
2000046e:	69b5      	ldr	r5, [r6, #24]
20000470:	2300      	movs	r3, #0
20000472:	002a      	movs	r2, r5
20000474:	1078      	asrs	r0, r7, #1
20000476:	17f9      	asrs	r1, r7, #31
20000478:	f001 faba 	bl	200019f0 <____wrap___aeabi_lmul_veneer>
2000047c:	6833      	ldr	r3, [r6, #0]
2000047e:	0409      	lsls	r1, r1, #16
20000480:	0c00      	lsrs	r0, r0, #16
20000482:	18ed      	adds	r5, r5, r3
20000484:	4308      	orrs	r0, r1
20000486:	182d      	adds	r5, r5, r0
20000488:	0beb      	lsrs	r3, r5, #15
2000048a:	001a      	movs	r2, r3
2000048c:	6035      	str	r5, [r6, #0]
2000048e:	454d      	cmp	r5, r9
20000490:	d307      	bcc.n	200004a2 <_ZN11ChorganCard13ProcessSampleEv+0x3e2>
20000492:	21c0      	movs	r1, #192	@ 0xc0
20000494:	4a2c      	ldr	r2, [pc, #176]	@ (20000548 <_ZN11ChorganCard13ProcessSampleEv+0x488>)
20000496:	0609      	lsls	r1, r1, #24
20000498:	189a      	adds	r2, r3, r2
2000049a:	428d      	cmp	r5, r1
2000049c:	d201      	bcs.n	200004a2 <_ZN11ChorganCard13ProcessSampleEv+0x3e2>
2000049e:	4a2b      	ldr	r2, [pc, #172]	@ (2000054c <_ZN11ChorganCard13ProcessSampleEv+0x48c>)
200004a0:	1ad2      	subs	r2, r2, r3
200004a2:	4b2b      	ldr	r3, [pc, #172]	@ (20000550 <_ZN11ChorganCard13ProcessSampleEv+0x490>)
200004a4:	0c29      	lsrs	r1, r5, #16
200004a6:	469c      	mov	ip, r3
200004a8:	4461      	add	r1, ip
200004aa:	014b      	lsls	r3, r1, #5
200004ac:	1a5b      	subs	r3, r3, r1
200004ae:	009b      	lsls	r3, r3, #2
200004b0:	185b      	adds	r3, r3, r1
200004b2:	4651      	mov	r1, sl
200004b4:	11db      	asrs	r3, r3, #7
200004b6:	1a9b      	subs	r3, r3, r2
200004b8:	434b      	muls	r3, r1
200004ba:	129b      	asrs	r3, r3, #10
200004bc:	189b      	adds	r3, r3, r2
200004be:	009a      	lsls	r2, r3, #2
200004c0:	18d3      	adds	r3, r2, r3
200004c2:	9a00      	ldr	r2, [sp, #0]
200004c4:	11db      	asrs	r3, r3, #7
200004c6:	4694      	mov	ip, r2
200004c8:	449c      	add	ip, r3
200004ca:	4663      	mov	r3, ip
200004cc:	9300      	str	r3, [sp, #0]
200004ce:	6823      	ldr	r3, [r4, #0]
200004d0:	18ed      	adds	r5, r5, r3
200004d2:	0beb      	lsrs	r3, r5, #15
200004d4:	001a      	movs	r2, r3
200004d6:	454d      	cmp	r5, r9
200004d8:	d307      	bcc.n	200004ea <_ZN11ChorganCard13ProcessSampleEv+0x42a>
200004da:	21c0      	movs	r1, #192	@ 0xc0
200004dc:	4a1a      	ldr	r2, [pc, #104]	@ (20000548 <_ZN11ChorganCard13ProcessSampleEv+0x488>)
200004de:	0609      	lsls	r1, r1, #24
200004e0:	189a      	adds	r2, r3, r2
200004e2:	428d      	cmp	r5, r1
200004e4:	d201      	bcs.n	200004ea <_ZN11ChorganCard13ProcessSampleEv+0x42a>
200004e6:	4a19      	ldr	r2, [pc, #100]	@ (2000054c <_ZN11ChorganCard13ProcessSampleEv+0x48c>)
200004e8:	1ad2      	subs	r2, r2, r3
200004ea:	4b19      	ldr	r3, [pc, #100]	@ (20000550 <_ZN11ChorganCard13ProcessSampleEv+0x490>)
200004ec:	4651      	mov	r1, sl
200004ee:	469c      	mov	ip, r3
200004f0:	0c2d      	lsrs	r5, r5, #16
200004f2:	4465      	add	r5, ip
200004f4:	016b      	lsls	r3, r5, #5
200004f6:	1b5b      	subs	r3, r3, r5
200004f8:	009b      	lsls	r3, r3, #2
200004fa:	195b      	adds	r3, r3, r5
200004fc:	11db      	asrs	r3, r3, #7
200004fe:	1a9b      	subs	r3, r3, r2
20000500:	434b      	muls	r3, r1
20000502:	129b      	asrs	r3, r3, #10
20000504:	189b      	adds	r3, r3, r2
20000506:	009a      	lsls	r2, r3, #2
20000508:	18d3      	adds	r3, r2, r3
2000050a:	11db      	asrs	r3, r3, #7
2000050c:	4498      	add	r8, r3
2000050e:	9b02      	ldr	r3, [sp, #8]
20000510:	3604      	adds	r6, #4
20000512:	469c      	mov	ip, r3
20000514:	9b01      	ldr	r3, [sp, #4]
20000516:	4467      	add	r7, ip
20000518:	3404      	adds	r4, #4
2000051a:	e01b      	b.n	20000554 <_ZN11ChorganCard13ProcessSampleEv+0x494>
2000051c:	fffff800 	.word	0xfffff800
20000520:	ffff1000 	.word	0xffff1000
20000524:	10003eb0 	.word	0x10003eb0
20000528:	016534c3 	.word	0x016534c3
2000052c:	0000bb80 	.word	0x0000bb80
20000530:	10003d44 	.word	0x10003d44
20000534:	00013fec 	.word	0x00013fec
20000538:	000007ff 	.word	0x000007ff
2000053c:	000005ff 	.word	0x000005ff
20000540:	000002ab 	.word	0x000002ab
20000544:	100048b0 	.word	0x100048b0
20000548:	fffe0000 	.word	0xfffe0000
2000054c:	0000ffff 	.word	0x0000ffff
20000550:	ffff8000 	.word	0xffff8000
20000554:	429e      	cmp	r6, r3
20000556:	d18a      	bne.n	2000046e <_ZN11ChorganCard13ProcessSampleEv+0x3ae>
20000558:	9b00      	ldr	r3, [sp, #0]
2000055a:	4644      	mov	r4, r8
2000055c:	109d      	asrs	r5, r3, #2
2000055e:	4bb5      	ldr	r3, [pc, #724]	@ (20000834 <_ZN11ChorganCard13ProcessSampleEv+0x774>)
20000560:	429d      	cmp	r5, r3
20000562:	da00      	bge.n	20000566 <_ZN11ChorganCard13ProcessSampleEv+0x4a6>
20000564:	001d      	movs	r5, r3
20000566:	2380      	movs	r3, #128	@ 0x80
20000568:	011b      	lsls	r3, r3, #4
2000056a:	429d      	cmp	r5, r3
2000056c:	db00      	blt.n	20000570 <_ZN11ChorganCard13ProcessSampleEv+0x4b0>
2000056e:	4db2      	ldr	r5, [pc, #712]	@ (20000838 <_ZN11ChorganCard13ProcessSampleEv+0x778>)
20000570:	4bb0      	ldr	r3, [pc, #704]	@ (20000834 <_ZN11ChorganCard13ProcessSampleEv+0x774>)
20000572:	10a4      	asrs	r4, r4, #2
20000574:	429c      	cmp	r4, r3
20000576:	da00      	bge.n	2000057a <_ZN11ChorganCard13ProcessSampleEv+0x4ba>
20000578:	001c      	movs	r4, r3
2000057a:	2380      	movs	r3, #128	@ 0x80
2000057c:	011b      	lsls	r3, r3, #4
2000057e:	429c      	cmp	r4, r3
20000580:	db00      	blt.n	20000584 <_ZN11ChorganCard13ProcessSampleEv+0x4c4>
20000582:	4cad      	ldr	r4, [pc, #692]	@ (20000838 <_ZN11ChorganCard13ProcessSampleEv+0x778>)
20000584:	23e8      	movs	r3, #232	@ 0xe8
20000586:	005b      	lsls	r3, r3, #1
20000588:	4698      	mov	r8, r3
2000058a:	465b      	mov	r3, fp
2000058c:	4642      	mov	r2, r8
2000058e:	27f0      	movs	r7, #240	@ 0xf0
20000590:	589e      	ldr	r6, [r3, r2]
20000592:	007f      	lsls	r7, r7, #1
20000594:	42be      	cmp	r6, r7
20000596:	d20f      	bcs.n	200005b8 <_ZN11ChorganCard13ProcessSampleEv+0x4f8>
20000598:	0028      	movs	r0, r5
2000059a:	0039      	movs	r1, r7
2000059c:	4370      	muls	r0, r6
2000059e:	f001 fa2f 	bl	20001a00 <____wrap___aeabi_idiv_veneer>
200005a2:	0005      	movs	r5, r0
200005a4:	0020      	movs	r0, r4
200005a6:	0039      	movs	r1, r7
200005a8:	4370      	muls	r0, r6
200005aa:	f001 fa29 	bl	20001a00 <____wrap___aeabi_idiv_veneer>
200005ae:	465b      	mov	r3, fp
200005b0:	4642      	mov	r2, r8
200005b2:	0004      	movs	r4, r0
200005b4:	3601      	adds	r6, #1
200005b6:	509e      	str	r6, [r3, r2]
200005b8:	465a      	mov	r2, fp
200005ba:	23f2      	movs	r3, #242	@ 0xf2
200005bc:	52d5      	strh	r5, [r2, r3]
200005be:	3302      	adds	r3, #2
200005c0:	52d4      	strh	r4, [r2, r3]
200005c2:	3378      	adds	r3, #120	@ 0x78
200005c4:	58d3      	ldr	r3, [r2, r3]
200005c6:	005b      	lsls	r3, r3, #1
200005c8:	d500      	bpl.n	200005cc <_ZN11ChorganCard13ProcessSampleEv+0x50c>
200005ca:	e231      	b.n	20000a30 <_ZN11ChorganCard13ProcessSampleEv+0x970>
200005cc:	23d0      	movs	r3, #208	@ 0xd0
200005ce:	2280      	movs	r2, #128	@ 0x80
200005d0:	061b      	lsls	r3, r3, #24
200005d2:	0052      	lsls	r2, r2, #1
200005d4:	615a      	str	r2, [r3, #20]
200005d6:	22ec      	movs	r2, #236	@ 0xec
200005d8:	9906      	ldr	r1, [sp, #24]
200005da:	465b      	mov	r3, fp
200005dc:	468c      	mov	ip, r1
200005de:	4659      	mov	r1, fp
200005e0:	0052      	lsls	r2, r2, #1
200005e2:	589b      	ldr	r3, [r3, r2]
200005e4:	4463      	add	r3, ip
200005e6:	508b      	str	r3, [r1, r2]
200005e8:	0c1a      	lsrs	r2, r3, #16
200005ea:	2b00      	cmp	r3, #0
200005ec:	da00      	bge.n	200005f0 <_ZN11ChorganCard13ProcessSampleEv+0x530>
200005ee:	e21b      	b.n	20000a28 <_ZN11ChorganCard13ProcessSampleEv+0x968>
200005f0:	0c5b      	lsrs	r3, r3, #17
200005f2:	22b6      	movs	r2, #182	@ 0xb6
200005f4:	4659      	mov	r1, fp
200005f6:	4891      	ldr	r0, [pc, #580]	@ (2000083c <_ZN11ChorganCard13ProcessSampleEv+0x77c>)
200005f8:	0052      	lsls	r2, r2, #1
200005fa:	4684      	mov	ip, r0
200005fc:	5889      	ldr	r1, [r1, r2]
200005fe:	4a90      	ldr	r2, [pc, #576]	@ (20000840 <_ZN11ChorganCard13ProcessSampleEv+0x780>)
20000600:	0849      	lsrs	r1, r1, #1
20000602:	435a      	muls	r2, r3
20000604:	4462      	add	r2, ip
20000606:	4291      	cmp	r1, r2
20000608:	d200      	bcs.n	2000060c <_ZN11ChorganCard13ProcessSampleEv+0x54c>
2000060a:	e207      	b.n	20000a1c <_ZN11ChorganCard13ProcessSampleEv+0x95c>
2000060c:	22d0      	movs	r2, #208	@ 0xd0
2000060e:	2180      	movs	r1, #128	@ 0x80
20000610:	0612      	lsls	r2, r2, #24
20000612:	0089      	lsls	r1, r1, #2
20000614:	6151      	str	r1, [r2, #20]
20000616:	22d2      	movs	r2, #210	@ 0xd2
20000618:	4659      	mov	r1, fp
2000061a:	2480      	movs	r4, #128	@ 0x80
2000061c:	0052      	lsls	r2, r2, #1
2000061e:	5888      	ldr	r0, [r1, r2]
20000620:	0124      	lsls	r4, r4, #4
20000622:	0101      	lsls	r1, r0, #4
20000624:	1841      	adds	r1, r0, r1
20000626:	0049      	lsls	r1, r1, #1
20000628:	1c0a      	adds	r2, r1, #0
2000062a:	b209      	sxth	r1, r1
2000062c:	42a1      	cmp	r1, r4
2000062e:	db00      	blt.n	20000632 <_ZN11ChorganCard13ProcessSampleEv+0x572>
20000630:	4a81      	ldr	r2, [pc, #516]	@ (20000838 <_ZN11ChorganCard13ProcessSampleEv+0x778>)
20000632:	4980      	ldr	r1, [pc, #512]	@ (20000834 <_ZN11ChorganCard13ProcessSampleEv+0x774>)
20000634:	b212      	sxth	r2, r2
20000636:	428a      	cmp	r2, r1
20000638:	da00      	bge.n	2000063c <_ZN11ChorganCard13ProcessSampleEv+0x57c>
2000063a:	000a      	movs	r2, r1
2000063c:	4c7e      	ldr	r4, [pc, #504]	@ (20000838 <_ZN11ChorganCard13ProcessSampleEv+0x778>)
2000063e:	1aa2      	subs	r2, r4, r2
20000640:	0151      	lsls	r1, r2, #5
20000642:	1a89      	subs	r1, r1, r2
20000644:	0089      	lsls	r1, r1, #2
20000646:	188a      	adds	r2, r1, r2
20000648:	497e      	ldr	r1, [pc, #504]	@ (20000844 <_ZN11ChorganCard13ProcessSampleEv+0x784>)
2000064a:	600a      	str	r2, [r1, #0]
2000064c:	4a7e      	ldr	r2, [pc, #504]	@ (20000848 <_ZN11ChorganCard13ProcessSampleEv+0x788>)
2000064e:	4694      	mov	ip, r2
20000650:	4463      	add	r3, ip
20000652:	109b      	asrs	r3, r3, #2
20000654:	1ae4      	subs	r4, r4, r3
20000656:	0163      	lsls	r3, r4, #5
20000658:	1b1b      	subs	r3, r3, r4
2000065a:	009b      	lsls	r3, r3, #2
2000065c:	191b      	adds	r3, r3, r4
2000065e:	249a      	movs	r4, #154	@ 0x9a
20000660:	604b      	str	r3, [r1, #4]
20000662:	465b      	mov	r3, fp
20000664:	00a4      	lsls	r4, r4, #2
20000666:	591a      	ldr	r2, [r3, r4]
20000668:	2a00      	cmp	r2, #0
2000066a:	da00      	bge.n	2000066e <_ZN11ChorganCard13ProcessSampleEv+0x5ae>
2000066c:	e1e6      	b.n	20000a3c <_ZN11ChorganCard13ProcessSampleEv+0x97c>
2000066e:	2301      	movs	r3, #1
20000670:	4013      	ands	r3, r2
20000672:	4a76      	ldr	r2, [pc, #472]	@ (2000084c <_ZN11ChorganCard13ProcessSampleEv+0x78c>)
20000674:	4976      	ldr	r1, [pc, #472]	@ (20000850 <_ZN11ChorganCard13ProcessSampleEv+0x790>)
20000676:	4694      	mov	ip, r2
20000678:	4d76      	ldr	r5, [pc, #472]	@ (20000854 <_ZN11ChorganCard13ProcessSampleEv+0x794>)
2000067a:	3b01      	subs	r3, #1
2000067c:	682a      	ldr	r2, [r5, #0]
2000067e:	400b      	ands	r3, r1
20000680:	4463      	add	r3, ip
20000682:	4053      	eors	r3, r2
20000684:	4874      	ldr	r0, [pc, #464]	@ (20000858 <_ZN11ChorganCard13ProcessSampleEv+0x798>)
20000686:	041b      	lsls	r3, r3, #16
20000688:	0c1b      	lsrs	r3, r3, #16
2000068a:	6003      	str	r3, [r0, #0]
2000068c:	682b      	ldr	r3, [r5, #0]
2000068e:	4a73      	ldr	r2, [pc, #460]	@ (2000085c <_ZN11ChorganCard13ProcessSampleEv+0x79c>)
20000690:	4d73      	ldr	r5, [pc, #460]	@ (20000860 <_ZN11ChorganCard13ProcessSampleEv+0x7a0>)
20000692:	4053      	eors	r3, r2
20000694:	0c1b      	lsrs	r3, r3, #16
20000696:	041b      	lsls	r3, r3, #16
20000698:	6003      	str	r3, [r0, #0]
2000069a:	465b      	mov	r3, fp
2000069c:	2002      	movs	r0, #2
2000069e:	591b      	ldr	r3, [r3, r4]
200006a0:	4003      	ands	r3, r0
200006a2:	4258      	negs	r0, r3
200006a4:	4143      	adcs	r3, r0
200006a6:	425b      	negs	r3, r3
200006a8:	6828      	ldr	r0, [r5, #0]
200006aa:	400b      	ands	r3, r1
200006ac:	4463      	add	r3, ip
200006ae:	4043      	eors	r3, r0
200006b0:	041b      	lsls	r3, r3, #16
200006b2:	486c      	ldr	r0, [pc, #432]	@ (20000864 <_ZN11ChorganCard13ProcessSampleEv+0x7a4>)
200006b4:	0c1b      	lsrs	r3, r3, #16
200006b6:	6003      	str	r3, [r0, #0]
200006b8:	682b      	ldr	r3, [r5, #0]
200006ba:	4053      	eors	r3, r2
200006bc:	0c1b      	lsrs	r3, r3, #16
200006be:	041b      	lsls	r3, r3, #16
200006c0:	6003      	str	r3, [r0, #0]
200006c2:	465b      	mov	r3, fp
200006c4:	2004      	movs	r0, #4
200006c6:	591b      	ldr	r3, [r3, r4]
200006c8:	4003      	ands	r3, r0
200006ca:	4258      	negs	r0, r3
200006cc:	4143      	adcs	r3, r0
200006ce:	4866      	ldr	r0, [pc, #408]	@ (20000868 <_ZN11ChorganCard13ProcessSampleEv+0x7a8>)
200006d0:	425b      	negs	r3, r3
200006d2:	400b      	ands	r3, r1
200006d4:	6801      	ldr	r1, [r0, #0]
200006d6:	4463      	add	r3, ip
200006d8:	404b      	eors	r3, r1
200006da:	041b      	lsls	r3, r3, #16
200006dc:	4963      	ldr	r1, [pc, #396]	@ (2000086c <_ZN11ChorganCard13ProcessSampleEv+0x7ac>)
200006de:	0c1b      	lsrs	r3, r3, #16
200006e0:	600b      	str	r3, [r1, #0]
200006e2:	6803      	ldr	r3, [r0, #0]
200006e4:	405a      	eors	r2, r3
200006e6:	0c12      	lsrs	r2, r2, #16
200006e8:	0412      	lsls	r2, r2, #16
200006ea:	600a      	str	r2, [r1, #0]
200006ec:	e05a      	b.n	200007a4 <_ZN11ChorganCard13ProcessSampleEv+0x6e4>
200006ee:	000b      	movs	r3, r1
200006f0:	e54b      	b.n	2000018a <_ZN11ChorganCard13ProcessSampleEv+0xca>
200006f2:	000b      	movs	r3, r1
200006f4:	495e      	ldr	r1, [pc, #376]	@ (20000870 <_ZN11ChorganCard13ProcessSampleEv+0x7b0>)
200006f6:	428b      	cmp	r3, r1
200006f8:	db00      	blt.n	200006fc <_ZN11ChorganCard13ProcessSampleEv+0x63c>
200006fa:	e546      	b.n	2000018a <_ZN11ChorganCard13ProcessSampleEv+0xca>
200006fc:	e7f7      	b.n	200006ee <_ZN11ChorganCard13ProcessSampleEv+0x62e>
200006fe:	4c5d      	ldr	r4, [pc, #372]	@ (20000874 <_ZN11ChorganCard13ProcessSampleEv+0x7b4>)
20000700:	e52b      	b.n	2000015a <_ZN11ChorganCard13ProcessSampleEv+0x9a>
20000702:	2b00      	cmp	r3, #0
20000704:	d100      	bne.n	20000708 <_ZN11ChorganCard13ProcessSampleEv+0x648>
20000706:	e310      	b.n	20000d2a <_ZN11ChorganCard13ProcessSampleEv+0xc6a>
20000708:	23ea      	movs	r3, #234	@ 0xea
2000070a:	005b      	lsls	r3, r3, #1
2000070c:	5cc3      	ldrb	r3, [r0, r3]
2000070e:	2b00      	cmp	r3, #0
20000710:	d100      	bne.n	20000714 <_ZN11ChorganCard13ProcessSampleEv+0x654>
20000712:	e30e      	b.n	20000d32 <_ZN11ChorganCard13ProcessSampleEv+0xc72>
20000714:	239a      	movs	r3, #154	@ 0x9a
20000716:	009b      	lsls	r3, r3, #2
20000718:	58c3      	ldr	r3, [r0, r3]
2000071a:	2b00      	cmp	r3, #0
2000071c:	da00      	bge.n	20000720 <_ZN11ChorganCard13ProcessSampleEv+0x660>
2000071e:	e37c      	b.n	20000e1a <_ZN11ChorganCard13ProcessSampleEv+0xd5a>
20000720:	2190      	movs	r1, #144	@ 0x90
20000722:	0089      	lsls	r1, r1, #2
20000724:	5842      	ldr	r2, [r0, r1]
20000726:	0053      	lsls	r3, r2, #1
20000728:	189b      	adds	r3, r3, r2
2000072a:	009b      	lsls	r3, r3, #2
2000072c:	445b      	add	r3, fp
2000072e:	0018      	movs	r0, r3
20000730:	30dd      	adds	r0, #221	@ 0xdd
20000732:	30ff      	adds	r0, #255	@ 0xff
20000734:	c0c0      	stmia	r0!, {r6, r7}
20000736:	4640      	mov	r0, r8
20000738:	33e5      	adds	r3, #229	@ 0xe5
2000073a:	33ff      	adds	r3, #255	@ 0xff
2000073c:	6018      	str	r0, [r3, #0]
2000073e:	2307      	movs	r3, #7
20000740:	3201      	adds	r2, #1
20000742:	17d0      	asrs	r0, r2, #31
20000744:	0f40      	lsrs	r0, r0, #29
20000746:	1812      	adds	r2, r2, r0
20000748:	4013      	ands	r3, r2
2000074a:	465a      	mov	r2, fp
2000074c:	1a1b      	subs	r3, r3, r0
2000074e:	5053      	str	r3, [r2, r1]
20000750:	228f      	movs	r2, #143	@ 0x8f
20000752:	465b      	mov	r3, fp
20000754:	0092      	lsls	r2, r2, #2
20000756:	589b      	ldr	r3, [r3, r2]
20000758:	2b07      	cmp	r3, #7
2000075a:	dc02      	bgt.n	20000762 <_ZN11ChorganCard13ProcessSampleEv+0x6a2>
2000075c:	4659      	mov	r1, fp
2000075e:	3301      	adds	r3, #1
20000760:	508b      	str	r3, [r1, r2]
20000762:	239a      	movs	r3, #154	@ 0x9a
20000764:	2201      	movs	r2, #1
20000766:	4659      	mov	r1, fp
20000768:	009b      	lsls	r3, r3, #2
2000076a:	4252      	negs	r2, r2
2000076c:	50ca      	str	r2, [r1, r3]
2000076e:	23ea      	movs	r3, #234	@ 0xea
20000770:	2200      	movs	r2, #0
20000772:	4659      	mov	r1, fp
20000774:	005b      	lsls	r3, r3, #1
20000776:	54ca      	strb	r2, [r1, r3]
20000778:	e2db      	b.n	20000d32 <_ZN11ChorganCard13ProcessSampleEv+0xc72>
2000077a:	4f3e      	ldr	r7, [pc, #248]	@ (20000874 <_ZN11ChorganCard13ProcessSampleEv+0x7b4>)
2000077c:	e538      	b.n	200001f0 <_ZN11ChorganCard13ProcessSampleEv+0x130>
2000077e:	43d9      	mvns	r1, r3
20000780:	17c9      	asrs	r1, r1, #31
20000782:	400b      	ands	r3, r1
20000784:	e5e3      	b.n	2000034e <_ZN11ChorganCard13ProcessSampleEv+0x28e>
20000786:	43d8      	mvns	r0, r3
20000788:	17c0      	asrs	r0, r0, #31
2000078a:	4003      	ands	r3, r0
2000078c:	e5c3      	b.n	20000316 <_ZN11ChorganCard13ProcessSampleEv+0x256>
2000078e:	43df      	mvns	r7, r3
20000790:	17ff      	asrs	r7, r7, #31
20000792:	403b      	ands	r3, r7
20000794:	e5af      	b.n	200002f6 <_ZN11ChorganCard13ProcessSampleEv+0x236>
20000796:	43d8      	mvns	r0, r3
20000798:	17c0      	asrs	r0, r0, #31
2000079a:	4003      	ands	r3, r0
2000079c:	e5ca      	b.n	20000334 <_ZN11ChorganCard13ProcessSampleEv+0x274>
2000079e:	465b      	mov	r3, fp
200007a0:	3201      	adds	r2, #1
200007a2:	505a      	str	r2, [r3, r1]
200007a4:	b009      	add	sp, #36	@ 0x24
200007a6:	bcf0      	pop	{r4, r5, r6, r7}
200007a8:	46bb      	mov	fp, r7
200007aa:	46b2      	mov	sl, r6
200007ac:	46a9      	mov	r9, r5
200007ae:	46a0      	mov	r8, r4
200007b0:	bdf0      	pop	{r4, r5, r6, r7, pc}
200007b2:	239b      	movs	r3, #155	@ 0x9b
200007b4:	009b      	lsls	r3, r3, #2
200007b6:	5cd3      	ldrb	r3, [r2, r3]
200007b8:	2b00      	cmp	r3, #0
200007ba:	d000      	beq.n	200007be <_ZN11ChorganCard13ProcessSampleEv+0x6fe>
200007bc:	e54f      	b.n	2000025e <_ZN11ChorganCard13ProcessSampleEv+0x19e>
200007be:	2392      	movs	r3, #146	@ 0x92
200007c0:	465a      	mov	r2, fp
200007c2:	009b      	lsls	r3, r3, #2
200007c4:	5cd3      	ldrb	r3, [r2, r3]
200007c6:	2b00      	cmp	r3, #0
200007c8:	d100      	bne.n	200007cc <_ZN11ChorganCard13ProcessSampleEv+0x70c>
200007ca:	e557      	b.n	2000027c <_ZN11ChorganCard13ProcessSampleEv+0x1bc>
200007cc:	2397      	movs	r3, #151	@ 0x97
200007ce:	009b      	lsls	r3, r3, #2
200007d0:	58d3      	ldr	r3, [r2, r3]
200007d2:	1af3      	subs	r3, r6, r3
200007d4:	17da      	asrs	r2, r3, #31
200007d6:	189b      	adds	r3, r3, r2
200007d8:	4053      	eors	r3, r2
200007da:	4a27      	ldr	r2, [pc, #156]	@ (20000878 <_ZN11ChorganCard13ProcessSampleEv+0x7b8>)
200007dc:	4293      	cmp	r3, r2
200007de:	dc06      	bgt.n	200007ee <_ZN11ChorganCard13ProcessSampleEv+0x72e>
200007e0:	2398      	movs	r3, #152	@ 0x98
200007e2:	465a      	mov	r2, fp
200007e4:	009b      	lsls	r3, r3, #2
200007e6:	58d3      	ldr	r3, [r2, r3]
200007e8:	42bb      	cmp	r3, r7
200007ea:	d100      	bne.n	200007ee <_ZN11ChorganCard13ProcessSampleEv+0x72e>
200007ec:	e27e      	b.n	20000cec <_ZN11ChorganCard13ProcessSampleEv+0xc2c>
200007ee:	2392      	movs	r3, #146	@ 0x92
200007f0:	2200      	movs	r2, #0
200007f2:	4659      	mov	r1, fp
200007f4:	009b      	lsls	r3, r3, #2
200007f6:	54ca      	strb	r2, [r1, r3]
200007f8:	e540      	b.n	2000027c <_ZN11ChorganCard13ProcessSampleEv+0x1bc>
200007fa:	009e      	lsls	r6, r3, #2
200007fc:	4276      	negs	r6, r6
200007fe:	005a      	lsls	r2, r3, #1
20000800:	1af6      	subs	r6, r6, r3
20000802:	4b0c      	ldr	r3, [pc, #48]	@ (20000834 <_ZN11ChorganCard13ProcessSampleEv+0x774>)
20000804:	9203      	str	r2, [sp, #12]
20000806:	4453      	add	r3, sl
20000808:	1e5a      	subs	r2, r3, #1
2000080a:	4193      	sbcs	r3, r2
2000080c:	9a01      	ldr	r2, [sp, #4]
2000080e:	425b      	negs	r3, r3
20000810:	401a      	ands	r2, r3
20000812:	2300      	movs	r3, #0
20000814:	9300      	str	r3, [sp, #0]
20000816:	4b19      	ldr	r3, [pc, #100]	@ (2000087c <_ZN11ChorganCard13ProcessSampleEv+0x7bc>)
20000818:	465d      	mov	r5, fp
2000081a:	4698      	mov	r8, r3
2000081c:	9b04      	ldr	r3, [sp, #16]
2000081e:	2400      	movs	r4, #0
20000820:	129b      	asrs	r3, r3, #10
20000822:	9307      	str	r3, [sp, #28]
20000824:	4643      	mov	r3, r8
20000826:	356d      	adds	r5, #109	@ 0x6d
20000828:	46a0      	mov	r8, r4
2000082a:	4f15      	ldr	r7, [pc, #84]	@ (20000880 <_ZN11ChorganCard13ProcessSampleEv+0x7c0>)
2000082c:	35ff      	adds	r5, #255	@ 0xff
2000082e:	9205      	str	r2, [sp, #20]
20000830:	9302      	str	r3, [sp, #8]
20000832:	e07e      	b.n	20000932 <_ZN11ChorganCard13ProcessSampleEv+0x872>
20000834:	fffff800 	.word	0xfffff800
20000838:	000007ff 	.word	0x000007ff
2000083c:	4ccccccc 	.word	0x4ccccccc
20000840:	0000199a 	.word	0x0000199a
20000844:	20001a98 	.word	0x20001a98
20000848:	ffffe000 	.word	0xffffe000
2000084c:	0000ffe0 	.word	0x0000ffe0
20000850:	ffff0020 	.word	0xffff0020
20000854:	40050070 	.word	0x40050070
20000858:	40051070 	.word	0x40051070
2000085c:	ffe00000 	.word	0xffe00000
20000860:	40050084 	.word	0x40050084
20000864:	40051084 	.word	0x40051084
20000868:	40050098 	.word	0x40050098
2000086c:	40051098 	.word	0x40051098
20000870:	ffff1000 	.word	0xffff1000
20000874:	00000fff 	.word	0x00000fff
20000878:	00000f3a 	.word	0x00000f3a
2000087c:	100040b0 	.word	0x100040b0
20000880:	100048b0 	.word	0x100048b0
20000884:	23c0      	movs	r3, #192	@ 0xc0
20000886:	061b      	lsls	r3, r3, #24
20000888:	469c      	mov	ip, r3
2000088a:	4be9      	ldr	r3, [pc, #932]	@ (20000c30 <_ZN11ChorganCard13ProcessSampleEv+0xb70>)
2000088c:	18c3      	adds	r3, r0, r3
2000088e:	4562      	cmp	r2, ip
20000890:	d201      	bcs.n	20000896 <_ZN11ChorganCard13ProcessSampleEv+0x7d6>
20000892:	4be8      	ldr	r3, [pc, #928]	@ (20000c34 <_ZN11ChorganCard13ProcessSampleEv+0xb74>)
20000894:	1a1b      	subs	r3, r3, r0
20000896:	9805      	ldr	r0, [sp, #20]
20000898:	1a5b      	subs	r3, r3, r1
2000089a:	4343      	muls	r3, r0
2000089c:	005b      	lsls	r3, r3, #1
2000089e:	129b      	asrs	r3, r3, #10
200008a0:	185b      	adds	r3, r3, r1
200008a2:	0099      	lsls	r1, r3, #2
200008a4:	18cb      	adds	r3, r1, r3
200008a6:	9900      	ldr	r1, [sp, #0]
200008a8:	005b      	lsls	r3, r3, #1
200008aa:	468c      	mov	ip, r1
200008ac:	121b      	asrs	r3, r3, #8
200008ae:	449c      	add	ip, r3
200008b0:	4663      	mov	r3, ip
200008b2:	9300      	str	r3, [sp, #0]
200008b4:	683b      	ldr	r3, [r7, #0]
200008b6:	4651      	mov	r1, sl
200008b8:	18d2      	adds	r2, r2, r3
200008ba:	2380      	movs	r3, #128	@ 0x80
200008bc:	011b      	lsls	r3, r3, #4
200008be:	1acb      	subs	r3, r1, r3
200008c0:	1e59      	subs	r1, r3, #1
200008c2:	418b      	sbcs	r3, r1
200008c4:	9901      	ldr	r1, [sp, #4]
200008c6:	425b      	negs	r3, r3
200008c8:	400b      	ands	r3, r1
200008ca:	0dd1      	lsrs	r1, r2, #23
200008cc:	0088      	lsls	r0, r1, #2
200008ce:	3101      	adds	r1, #1
200008d0:	9c02      	ldr	r4, [sp, #8]
200008d2:	05c9      	lsls	r1, r1, #23
200008d4:	0d49      	lsrs	r1, r1, #21
200008d6:	5820      	ldr	r0, [r4, r0]
200008d8:	5861      	ldr	r1, [r4, r1]
200008da:	1a09      	subs	r1, r1, r0
200008dc:	468c      	mov	ip, r1
200008de:	4664      	mov	r4, ip
200008e0:	0251      	lsls	r1, r2, #9
200008e2:	0d89      	lsrs	r1, r1, #22
200008e4:	4361      	muls	r1, r4
200008e6:	1289      	asrs	r1, r1, #10
200008e8:	1809      	adds	r1, r1, r0
200008ea:	0bd0      	lsrs	r0, r2, #15
200008ec:	4684      	mov	ip, r0
200008ee:	2080      	movs	r0, #128	@ 0x80
200008f0:	05c0      	lsls	r0, r0, #23
200008f2:	4282      	cmp	r2, r0
200008f4:	d200      	bcs.n	200008f8 <_ZN11ChorganCard13ProcessSampleEv+0x838>
200008f6:	e08f      	b.n	20000a18 <_ZN11ChorganCard13ProcessSampleEv+0x958>
200008f8:	20c0      	movs	r0, #192	@ 0xc0
200008fa:	0600      	lsls	r0, r0, #24
200008fc:	4681      	mov	r9, r0
200008fe:	48cc      	ldr	r0, [pc, #816]	@ (20000c30 <_ZN11ChorganCard13ProcessSampleEv+0xb70>)
20000900:	4460      	add	r0, ip
20000902:	454a      	cmp	r2, r9
20000904:	d202      	bcs.n	2000090c <_ZN11ChorganCard13ProcessSampleEv+0x84c>
20000906:	4662      	mov	r2, ip
20000908:	48ca      	ldr	r0, [pc, #808]	@ (20000c34 <_ZN11ChorganCard13ProcessSampleEv+0xb74>)
2000090a:	1a80      	subs	r0, r0, r2
2000090c:	1a40      	subs	r0, r0, r1
2000090e:	4343      	muls	r3, r0
20000910:	005b      	lsls	r3, r3, #1
20000912:	129b      	asrs	r3, r3, #10
20000914:	185b      	adds	r3, r3, r1
20000916:	009a      	lsls	r2, r3, #2
20000918:	18d3      	adds	r3, r2, r3
2000091a:	005b      	lsls	r3, r3, #1
2000091c:	121b      	asrs	r3, r3, #8
2000091e:	4498      	add	r8, r3
20000920:	9b03      	ldr	r3, [sp, #12]
20000922:	3704      	adds	r7, #4
20000924:	469c      	mov	ip, r3
20000926:	4bc4      	ldr	r3, [pc, #784]	@ (20000c38 <_ZN11ChorganCard13ProcessSampleEv+0xb78>)
20000928:	4466      	add	r6, ip
2000092a:	3504      	adds	r5, #4
2000092c:	429f      	cmp	r7, r3
2000092e:	d100      	bne.n	20000932 <_ZN11ChorganCard13ProcessSampleEv+0x872>
20000930:	e612      	b.n	20000558 <_ZN11ChorganCard13ProcessSampleEv+0x498>
20000932:	69ab      	ldr	r3, [r5, #24]
20000934:	1070      	asrs	r0, r6, #1
20000936:	001a      	movs	r2, r3
20000938:	4699      	mov	r9, r3
2000093a:	17f1      	asrs	r1, r6, #31
2000093c:	2300      	movs	r3, #0
2000093e:	f001 f857 	bl	200019f0 <____wrap___aeabi_lmul_veneer>
20000942:	2380      	movs	r3, #128	@ 0x80
20000944:	682a      	ldr	r2, [r5, #0]
20000946:	0409      	lsls	r1, r1, #16
20000948:	0c00      	lsrs	r0, r0, #16
2000094a:	4308      	orrs	r0, r1
2000094c:	444a      	add	r2, r9
2000094e:	1812      	adds	r2, r2, r0
20000950:	602a      	str	r2, [r5, #0]
20000952:	011b      	lsls	r3, r3, #4
20000954:	459a      	cmp	sl, r3
20000956:	d114      	bne.n	20000982 <_ZN11ChorganCard13ProcessSampleEv+0x8c2>
20000958:	0dd3      	lsrs	r3, r2, #23
2000095a:	0099      	lsls	r1, r3, #2
2000095c:	3301      	adds	r3, #1
2000095e:	9c02      	ldr	r4, [sp, #8]
20000960:	05db      	lsls	r3, r3, #23
20000962:	0d5b      	lsrs	r3, r3, #21
20000964:	5860      	ldr	r0, [r4, r1]
20000966:	58e3      	ldr	r3, [r4, r3]
20000968:	0251      	lsls	r1, r2, #9
2000096a:	1a1b      	subs	r3, r3, r0
2000096c:	0d89      	lsrs	r1, r1, #22
2000096e:	4359      	muls	r1, r3
20000970:	2380      	movs	r3, #128	@ 0x80
20000972:	1289      	asrs	r1, r1, #10
20000974:	1809      	adds	r1, r1, r0
20000976:	05db      	lsls	r3, r3, #23
20000978:	0bd0      	lsrs	r0, r2, #15
2000097a:	429a      	cmp	r2, r3
2000097c:	d282      	bcs.n	20000884 <_ZN11ChorganCard13ProcessSampleEv+0x7c4>
2000097e:	0003      	movs	r3, r0
20000980:	e789      	b.n	20000896 <_ZN11ChorganCard13ProcessSampleEv+0x7d6>
20000982:	2380      	movs	r3, #128	@ 0x80
20000984:	9901      	ldr	r1, [sp, #4]
20000986:	009b      	lsls	r3, r3, #2
20000988:	4299      	cmp	r1, r3
2000098a:	dbe5      	blt.n	20000958 <_ZN11ChorganCard13ProcessSampleEv+0x898>
2000098c:	2080      	movs	r0, #128	@ 0x80
2000098e:	9904      	ldr	r1, [sp, #16]
20000990:	0bd3      	lsrs	r3, r2, #15
20000992:	1289      	asrs	r1, r1, #10
20000994:	05c0      	lsls	r0, r0, #23
20000996:	4282      	cmp	r2, r0
20000998:	d200      	bcs.n	2000099c <_ZN11ChorganCard13ProcessSampleEv+0x8dc>
2000099a:	e221      	b.n	20000de0 <_ZN11ChorganCard13ProcessSampleEv+0xd20>
2000099c:	20c0      	movs	r0, #192	@ 0xc0
2000099e:	0600      	lsls	r0, r0, #24
200009a0:	4684      	mov	ip, r0
200009a2:	48a3      	ldr	r0, [pc, #652]	@ (20000c30 <_ZN11ChorganCard13ProcessSampleEv+0xb70>)
200009a4:	1818      	adds	r0, r3, r0
200009a6:	4562      	cmp	r2, ip
200009a8:	d200      	bcs.n	200009ac <_ZN11ChorganCard13ProcessSampleEv+0x8ec>
200009aa:	e15d      	b.n	20000c68 <_ZN11ChorganCard13ProcessSampleEv+0xba8>
200009ac:	4ca3      	ldr	r4, [pc, #652]	@ (20000c3c <_ZN11ChorganCard13ProcessSampleEv+0xb7c>)
200009ae:	0c13      	lsrs	r3, r2, #16
200009b0:	46a4      	mov	ip, r4
200009b2:	449c      	add	ip, r3
200009b4:	4663      	mov	r3, ip
200009b6:	4664      	mov	r4, ip
200009b8:	015b      	lsls	r3, r3, #5
200009ba:	1b1b      	subs	r3, r3, r4
200009bc:	009b      	lsls	r3, r3, #2
200009be:	4463      	add	r3, ip
200009c0:	11db      	asrs	r3, r3, #7
200009c2:	1a1b      	subs	r3, r3, r0
200009c4:	4359      	muls	r1, r3
200009c6:	1289      	asrs	r1, r1, #10
200009c8:	1809      	adds	r1, r1, r0
200009ca:	008b      	lsls	r3, r1, #2
200009cc:	185b      	adds	r3, r3, r1
200009ce:	9900      	ldr	r1, [sp, #0]
200009d0:	11db      	asrs	r3, r3, #7
200009d2:	468c      	mov	ip, r1
200009d4:	449c      	add	ip, r3
200009d6:	4663      	mov	r3, ip
200009d8:	2180      	movs	r1, #128	@ 0x80
200009da:	9300      	str	r3, [sp, #0]
200009dc:	683b      	ldr	r3, [r7, #0]
200009de:	05c9      	lsls	r1, r1, #23
200009e0:	18d3      	adds	r3, r2, r3
200009e2:	0bd8      	lsrs	r0, r3, #15
200009e4:	0002      	movs	r2, r0
200009e6:	428b      	cmp	r3, r1
200009e8:	d308      	bcc.n	200009fc <_ZN11ChorganCard13ProcessSampleEv+0x93c>
200009ea:	4c91      	ldr	r4, [pc, #580]	@ (20000c30 <_ZN11ChorganCard13ProcessSampleEv+0xb70>)
200009ec:	21c0      	movs	r1, #192	@ 0xc0
200009ee:	46a4      	mov	ip, r4
200009f0:	0609      	lsls	r1, r1, #24
200009f2:	4462      	add	r2, ip
200009f4:	428b      	cmp	r3, r1
200009f6:	d201      	bcs.n	200009fc <_ZN11ChorganCard13ProcessSampleEv+0x93c>
200009f8:	4a8e      	ldr	r2, [pc, #568]	@ (20000c34 <_ZN11ChorganCard13ProcessSampleEv+0xb74>)
200009fa:	1a12      	subs	r2, r2, r0
200009fc:	498f      	ldr	r1, [pc, #572]	@ (20000c3c <_ZN11ChorganCard13ProcessSampleEv+0xb7c>)
200009fe:	0c1b      	lsrs	r3, r3, #16
20000a00:	1859      	adds	r1, r3, r1
20000a02:	014b      	lsls	r3, r1, #5
20000a04:	1a5b      	subs	r3, r3, r1
20000a06:	009b      	lsls	r3, r3, #2
20000a08:	185b      	adds	r3, r3, r1
20000a0a:	11db      	asrs	r3, r3, #7
20000a0c:	9907      	ldr	r1, [sp, #28]
20000a0e:	1a9b      	subs	r3, r3, r2
20000a10:	434b      	muls	r3, r1
20000a12:	129b      	asrs	r3, r3, #10
20000a14:	189b      	adds	r3, r3, r2
20000a16:	e77e      	b.n	20000916 <_ZN11ChorganCard13ProcessSampleEv+0x856>
20000a18:	4660      	mov	r0, ip
20000a1a:	e777      	b.n	2000090c <_ZN11ChorganCard13ProcessSampleEv+0x84c>
20000a1c:	22d0      	movs	r2, #208	@ 0xd0
20000a1e:	2180      	movs	r1, #128	@ 0x80
20000a20:	0612      	lsls	r2, r2, #24
20000a22:	0089      	lsls	r1, r1, #2
20000a24:	6191      	str	r1, [r2, #24]
20000a26:	e5f6      	b.n	20000616 <_ZN11ChorganCard13ProcessSampleEv+0x556>
20000a28:	4b82      	ldr	r3, [pc, #520]	@ (20000c34 <_ZN11ChorganCard13ProcessSampleEv+0xb74>)
20000a2a:	1a9b      	subs	r3, r3, r2
20000a2c:	085b      	lsrs	r3, r3, #1
20000a2e:	e5e0      	b.n	200005f2 <_ZN11ChorganCard13ProcessSampleEv+0x532>
20000a30:	23d0      	movs	r3, #208	@ 0xd0
20000a32:	2280      	movs	r2, #128	@ 0x80
20000a34:	061b      	lsls	r3, r3, #24
20000a36:	0052      	lsls	r2, r2, #1
20000a38:	619a      	str	r2, [r3, #24]
20000a3a:	e5cc      	b.n	200005d6 <_ZN11ChorganCard13ProcessSampleEv+0x516>
20000a3c:	2392      	movs	r3, #146	@ 0x92
20000a3e:	465a      	mov	r2, fp
20000a40:	009b      	lsls	r3, r3, #2
20000a42:	5cd3      	ldrb	r3, [r2, r3]
20000a44:	2b00      	cmp	r3, #0
20000a46:	d000      	beq.n	20000a4a <_ZN11ChorganCard13ProcessSampleEv+0x98a>
20000a48:	e17f      	b.n	20000d4a <_ZN11ChorganCard13ProcessSampleEv+0xc8a>
20000a4a:	2304      	movs	r3, #4
20000a4c:	0080      	lsls	r0, r0, #2
20000a4e:	2835      	cmp	r0, #53	@ 0x35
20000a50:	dc04      	bgt.n	20000a5c <_ZN11ChorganCard13ProcessSampleEv+0x99c>
20000a52:	210c      	movs	r1, #12
20000a54:	3006      	adds	r0, #6
20000a56:	f000 ffd3 	bl	20001a00 <____wrap___aeabi_idiv_veneer>
20000a5a:	0003      	movs	r3, r0
20000a5c:	4978      	ldr	r1, [pc, #480]	@ (20000c40 <_ZN11ChorganCard13ProcessSampleEv+0xb80>)
20000a5e:	6808      	ldr	r0, [r1, #0]
20000a60:	425a      	negs	r2, r3
20000a62:	415a      	adcs	r2, r3
20000a64:	4252      	negs	r2, r2
20000a66:	4042      	eors	r2, r0
20000a68:	0412      	lsls	r2, r2, #16
20000a6a:	4876      	ldr	r0, [pc, #472]	@ (20000c44 <_ZN11ChorganCard13ProcessSampleEv+0xb84>)
20000a6c:	0c12      	lsrs	r2, r2, #16
20000a6e:	6002      	str	r2, [r0, #0]
20000a70:	1e5a      	subs	r2, r3, #1
20000a72:	4254      	negs	r4, r2
20000a74:	4162      	adcs	r2, r4
20000a76:	6809      	ldr	r1, [r1, #0]
20000a78:	4252      	negs	r2, r2
20000a7a:	0412      	lsls	r2, r2, #16
20000a7c:	404a      	eors	r2, r1
20000a7e:	0c12      	lsrs	r2, r2, #16
20000a80:	0412      	lsls	r2, r2, #16
20000a82:	6002      	str	r2, [r0, #0]
20000a84:	1e9a      	subs	r2, r3, #2
20000a86:	4254      	negs	r4, r2
20000a88:	4162      	adcs	r2, r4
20000a8a:	496f      	ldr	r1, [pc, #444]	@ (20000c48 <_ZN11ChorganCard13ProcessSampleEv+0xb88>)
20000a8c:	4252      	negs	r2, r2
20000a8e:	6808      	ldr	r0, [r1, #0]
20000a90:	4042      	eors	r2, r0
20000a92:	0412      	lsls	r2, r2, #16
20000a94:	486d      	ldr	r0, [pc, #436]	@ (20000c4c <_ZN11ChorganCard13ProcessSampleEv+0xb8c>)
20000a96:	0c12      	lsrs	r2, r2, #16
20000a98:	6002      	str	r2, [r0, #0]
20000a9a:	1eda      	subs	r2, r3, #3
20000a9c:	4254      	negs	r4, r2
20000a9e:	4162      	adcs	r2, r4
20000aa0:	6809      	ldr	r1, [r1, #0]
20000aa2:	4252      	negs	r2, r2
20000aa4:	0412      	lsls	r2, r2, #16
20000aa6:	404a      	eors	r2, r1
20000aa8:	0c12      	lsrs	r2, r2, #16
20000aaa:	0412      	lsls	r2, r2, #16
20000aac:	3b04      	subs	r3, #4
20000aae:	6002      	str	r2, [r0, #0]
20000ab0:	4258      	negs	r0, r3
20000ab2:	4143      	adcs	r3, r0
20000ab4:	4966      	ldr	r1, [pc, #408]	@ (20000c50 <_ZN11ChorganCard13ProcessSampleEv+0xb90>)
20000ab6:	425b      	negs	r3, r3
20000ab8:	680a      	ldr	r2, [r1, #0]
20000aba:	4658      	mov	r0, fp
20000abc:	4053      	eors	r3, r2
20000abe:	041b      	lsls	r3, r3, #16
20000ac0:	4a64      	ldr	r2, [pc, #400]	@ (20000c54 <_ZN11ChorganCard13ProcessSampleEv+0xb94>)
20000ac2:	0c1b      	lsrs	r3, r3, #16
20000ac4:	6013      	str	r3, [r2, #0]
20000ac6:	23d6      	movs	r3, #214	@ 0xd6
20000ac8:	005b      	lsls	r3, r3, #1
20000aca:	58c3      	ldr	r3, [r0, r3]
20000acc:	6809      	ldr	r1, [r1, #0]
20000ace:	0058      	lsls	r0, r3, #1
20000ad0:	1818      	adds	r0, r3, r0
20000ad2:	0080      	lsls	r0, r0, #2
20000ad4:	1818      	adds	r0, r3, r0
20000ad6:	0183      	lsls	r3, r0, #6
20000ad8:	1a1b      	subs	r3, r3, r0
20000ada:	b29b      	uxth	r3, r3
20000adc:	435b      	muls	r3, r3
20000ade:	121b      	asrs	r3, r3, #8
20000ae0:	041b      	lsls	r3, r3, #16
20000ae2:	404b      	eors	r3, r1
20000ae4:	0c1b      	lsrs	r3, r3, #16
20000ae6:	041b      	lsls	r3, r3, #16
20000ae8:	6013      	str	r3, [r2, #0]
20000aea:	e65b      	b.n	200007a4 <_ZN11ChorganCard13ProcessSampleEv+0x6e4>
20000aec:	464e      	mov	r6, r9
20000aee:	428f      	cmp	r7, r1
20000af0:	d001      	beq.n	20000af6 <_ZN11ChorganCard13ProcessSampleEv+0xa36>
20000af2:	f7ff fbd9 	bl	200002a8 <_ZN11ChorganCard13ProcessSampleEv+0x1e8>
20000af6:	4590      	cmp	r8, r2
20000af8:	d100      	bne.n	20000afc <_ZN11ChorganCard13ProcessSampleEv+0xa3c>
20000afa:	e478      	b.n	200003ee <_ZN11ChorganCard13ProcessSampleEv+0x32e>
20000afc:	23d2      	movs	r3, #210	@ 0xd2
20000afe:	465a      	mov	r2, fp
20000b00:	005b      	lsls	r3, r3, #1
20000b02:	58d7      	ldr	r7, [r2, r3]
20000b04:	f7ff fbd8 	bl	200002b8 <_ZN11ChorganCard13ProcessSampleEv+0x1f8>
20000b08:	2380      	movs	r3, #128	@ 0x80
20000b0a:	9a00      	ldr	r2, [sp, #0]
20000b0c:	011b      	lsls	r3, r3, #4
20000b0e:	429a      	cmp	r2, r3
20000b10:	da00      	bge.n	20000b14 <_ZN11ChorganCard13ProcessSampleEv+0xa54>
20000b12:	e115      	b.n	20000d40 <_ZN11ChorganCard13ProcessSampleEv+0xc80>
20000b14:	4b50      	ldr	r3, [pc, #320]	@ (20000c58 <_ZN11ChorganCard13ProcessSampleEv+0xb98>)
20000b16:	9306      	str	r3, [sp, #24]
20000b18:	2389      	movs	r3, #137	@ 0x89
20000b1a:	005b      	lsls	r3, r3, #1
20000b1c:	e474      	b.n	20000408 <_ZN11ChorganCard13ProcessSampleEv+0x348>
20000b1e:	2300      	movs	r3, #0
20000b20:	9306      	str	r3, [sp, #24]
20000b22:	e471      	b.n	20000408 <_ZN11ChorganCard13ProcessSampleEv+0x348>
20000b24:	009f      	lsls	r7, r3, #2
20000b26:	427f      	negs	r7, r7
20000b28:	005a      	lsls	r2, r3, #1
20000b2a:	1aff      	subs	r7, r7, r3
20000b2c:	4b4b      	ldr	r3, [pc, #300]	@ (20000c5c <_ZN11ChorganCard13ProcessSampleEv+0xb9c>)
20000b2e:	465e      	mov	r6, fp
20000b30:	4699      	mov	r9, r3
20000b32:	23c2      	movs	r3, #194	@ 0xc2
20000b34:	005b      	lsls	r3, r3, #1
20000b36:	445b      	add	r3, fp
20000b38:	9302      	str	r3, [sp, #8]
20000b3a:	2300      	movs	r3, #0
20000b3c:	9300      	str	r3, [sp, #0]
20000b3e:	4b48      	ldr	r3, [pc, #288]	@ (20000c60 <_ZN11ChorganCard13ProcessSampleEv+0xba0>)
20000b40:	2400      	movs	r4, #0
20000b42:	4698      	mov	r8, r3
20000b44:	2380      	movs	r3, #128	@ 0x80
20000b46:	05db      	lsls	r3, r3, #23
20000b48:	469a      	mov	sl, r3
20000b4a:	4643      	mov	r3, r8
20000b4c:	366d      	adds	r6, #109	@ 0x6d
20000b4e:	46a0      	mov	r8, r4
20000b50:	9203      	str	r2, [sp, #12]
20000b52:	001c      	movs	r4, r3
20000b54:	36ff      	adds	r6, #255	@ 0xff
20000b56:	e04f      	b.n	20000bf8 <_ZN11ChorganCard13ProcessSampleEv+0xb38>
20000b58:	4a35      	ldr	r2, [pc, #212]	@ (20000c30 <_ZN11ChorganCard13ProcessSampleEv+0xb70>)
20000b5a:	4694      	mov	ip, r2
20000b5c:	4463      	add	r3, ip
20000b5e:	0dea      	lsrs	r2, r5, #23
20000b60:	0091      	lsls	r1, r2, #2
20000b62:	3201      	adds	r2, #1
20000b64:	05d2      	lsls	r2, r2, #23
20000b66:	0d52      	lsrs	r2, r2, #21
20000b68:	5861      	ldr	r1, [r4, r1]
20000b6a:	58a0      	ldr	r0, [r4, r2]
20000b6c:	026a      	lsls	r2, r5, #9
20000b6e:	1a40      	subs	r0, r0, r1
20000b70:	0d92      	lsrs	r2, r2, #22
20000b72:	4342      	muls	r2, r0
20000b74:	1292      	asrs	r2, r2, #10
20000b76:	1852      	adds	r2, r2, r1
20000b78:	9901      	ldr	r1, [sp, #4]
20000b7a:	1a9b      	subs	r3, r3, r2
20000b7c:	434b      	muls	r3, r1
20000b7e:	005b      	lsls	r3, r3, #1
20000b80:	129b      	asrs	r3, r3, #10
20000b82:	189b      	adds	r3, r3, r2
20000b84:	009a      	lsls	r2, r3, #2
20000b86:	18d3      	adds	r3, r2, r3
20000b88:	9a00      	ldr	r2, [sp, #0]
20000b8a:	005b      	lsls	r3, r3, #1
20000b8c:	4694      	mov	ip, r2
20000b8e:	121b      	asrs	r3, r3, #8
20000b90:	449c      	add	ip, r3
20000b92:	4663      	mov	r3, ip
20000b94:	9300      	str	r3, [sp, #0]
20000b96:	464b      	mov	r3, r9
20000b98:	6819      	ldr	r1, [r3, #0]
20000b9a:	1869      	adds	r1, r5, r1
20000b9c:	0dcb      	lsrs	r3, r1, #23
20000b9e:	009a      	lsls	r2, r3, #2
20000ba0:	3301      	adds	r3, #1
20000ba2:	05db      	lsls	r3, r3, #23
20000ba4:	0d5b      	lsrs	r3, r3, #21
20000ba6:	58a0      	ldr	r0, [r4, r2]
20000ba8:	58e3      	ldr	r3, [r4, r3]
20000baa:	024a      	lsls	r2, r1, #9
20000bac:	1a1b      	subs	r3, r3, r0
20000bae:	0d92      	lsrs	r2, r2, #22
20000bb0:	435a      	muls	r2, r3
20000bb2:	1292      	asrs	r2, r2, #10
20000bb4:	1812      	adds	r2, r2, r0
20000bb6:	0bcb      	lsrs	r3, r1, #15
20000bb8:	4551      	cmp	r1, sl
20000bba:	d307      	bcc.n	20000bcc <_ZN11ChorganCard13ProcessSampleEv+0xb0c>
20000bbc:	20c0      	movs	r0, #192	@ 0xc0
20000bbe:	0600      	lsls	r0, r0, #24
20000bc0:	4281      	cmp	r1, r0
20000bc2:	d200      	bcs.n	20000bc6 <_ZN11ChorganCard13ProcessSampleEv+0xb06>
20000bc4:	e106      	b.n	20000dd4 <_ZN11ChorganCard13ProcessSampleEv+0xd14>
20000bc6:	491a      	ldr	r1, [pc, #104]	@ (20000c30 <_ZN11ChorganCard13ProcessSampleEv+0xb70>)
20000bc8:	468c      	mov	ip, r1
20000bca:	4463      	add	r3, ip
20000bcc:	9901      	ldr	r1, [sp, #4]
20000bce:	1a9b      	subs	r3, r3, r2
20000bd0:	434b      	muls	r3, r1
20000bd2:	005b      	lsls	r3, r3, #1
20000bd4:	129b      	asrs	r3, r3, #10
20000bd6:	189b      	adds	r3, r3, r2
20000bd8:	009a      	lsls	r2, r3, #2
20000bda:	18d3      	adds	r3, r2, r3
20000bdc:	005b      	lsls	r3, r3, #1
20000bde:	121b      	asrs	r3, r3, #8
20000be0:	4498      	add	r8, r3
20000be2:	9b03      	ldr	r3, [sp, #12]
20000be4:	3604      	adds	r6, #4
20000be6:	469c      	mov	ip, r3
20000be8:	2304      	movs	r3, #4
20000bea:	4467      	add	r7, ip
20000bec:	469c      	mov	ip, r3
20000bee:	9b02      	ldr	r3, [sp, #8]
20000bf0:	44e1      	add	r9, ip
20000bf2:	429e      	cmp	r6, r3
20000bf4:	d100      	bne.n	20000bf8 <_ZN11ChorganCard13ProcessSampleEv+0xb38>
20000bf6:	e4af      	b.n	20000558 <_ZN11ChorganCard13ProcessSampleEv+0x498>
20000bf8:	69b5      	ldr	r5, [r6, #24]
20000bfa:	2300      	movs	r3, #0
20000bfc:	002a      	movs	r2, r5
20000bfe:	1078      	asrs	r0, r7, #1
20000c00:	17f9      	asrs	r1, r7, #31
20000c02:	f000 fef5 	bl	200019f0 <____wrap___aeabi_lmul_veneer>
20000c06:	6833      	ldr	r3, [r6, #0]
20000c08:	0409      	lsls	r1, r1, #16
20000c0a:	0c00      	lsrs	r0, r0, #16
20000c0c:	18ed      	adds	r5, r5, r3
20000c0e:	4308      	orrs	r0, r1
20000c10:	182d      	adds	r5, r5, r0
20000c12:	6035      	str	r5, [r6, #0]
20000c14:	0beb      	lsrs	r3, r5, #15
20000c16:	4555      	cmp	r5, sl
20000c18:	d3a1      	bcc.n	20000b5e <_ZN11ChorganCard13ProcessSampleEv+0xa9e>
20000c1a:	22c0      	movs	r2, #192	@ 0xc0
20000c1c:	0612      	lsls	r2, r2, #24
20000c1e:	4295      	cmp	r5, r2
20000c20:	d29a      	bcs.n	20000b58 <_ZN11ChorganCard13ProcessSampleEv+0xa98>
20000c22:	4a06      	ldr	r2, [pc, #24]	@ (20000c3c <_ZN11ChorganCard13ProcessSampleEv+0xb7c>)
20000c24:	4694      	mov	ip, r2
20000c26:	4a0f      	ldr	r2, [pc, #60]	@ (20000c64 <_ZN11ChorganCard13ProcessSampleEv+0xba4>)
20000c28:	4463      	add	r3, ip
20000c2a:	1ad3      	subs	r3, r2, r3
20000c2c:	e797      	b.n	20000b5e <_ZN11ChorganCard13ProcessSampleEv+0xa9e>
20000c2e:	46c0      	nop			@ (mov r8, r8)
20000c30:	fffe0000 	.word	0xfffe0000
20000c34:	0000ffff 	.word	0x0000ffff
20000c38:	100048c8 	.word	0x100048c8
20000c3c:	ffff8000 	.word	0xffff8000
20000c40:	40050070 	.word	0x40050070
20000c44:	40051070 	.word	0x40051070
20000c48:	40050084 	.word	0x40050084
20000c4c:	40051084 	.word	0x40051084
20000c50:	40050098 	.word	0x40050098
20000c54:	40051098 	.word	0x40051098
20000c58:	0003c348 	.word	0x0003c348
20000c5c:	100048b0 	.word	0x100048b0
20000c60:	100040b0 	.word	0x100040b0
20000c64:	00007fff 	.word	0x00007fff
20000c68:	4873      	ldr	r0, [pc, #460]	@ (20000e38 <_ZN11ChorganCard13ProcessSampleEv+0xd78>)
20000c6a:	1ac0      	subs	r0, r0, r3
20000c6c:	e69e      	b.n	200009ac <_ZN11ChorganCard13ProcessSampleEv+0x8ec>
20000c6e:	230c      	movs	r3, #12
20000c70:	33ff      	adds	r3, #255	@ 0xff
20000c72:	5cd3      	ldrb	r3, [r2, r3]
20000c74:	2b00      	cmp	r3, #0
20000c76:	d001      	beq.n	20000c7c <_ZN11ChorganCard13ProcessSampleEv+0xbbc>
20000c78:	f7ff faf9 	bl	2000026e <_ZN11ChorganCard13ProcessSampleEv+0x1ae>
20000c7c:	238f      	movs	r3, #143	@ 0x8f
20000c7e:	009b      	lsls	r3, r3, #2
20000c80:	58d3      	ldr	r3, [r2, r3]
20000c82:	469a      	mov	sl, r3
20000c84:	2b00      	cmp	r3, #0
20000c86:	dc01      	bgt.n	20000c8c <_ZN11ChorganCard13ProcessSampleEv+0xbcc>
20000c88:	f7ff faf1 	bl	2000026e <_ZN11ChorganCard13ProcessSampleEv+0x1ae>
20000c8c:	2591      	movs	r5, #145	@ 0x91
20000c8e:	00ad      	lsls	r5, r5, #2
20000c90:	5953      	ldr	r3, [r2, r5]
20000c92:	4651      	mov	r1, sl
20000c94:	0018      	movs	r0, r3
20000c96:	9302      	str	r3, [sp, #8]
20000c98:	f000 feca 	bl	20001a30 <____wrap___aeabi_idivmod_veneer>
20000c9c:	465a      	mov	r2, fp
20000c9e:	004b      	lsls	r3, r1, #1
20000ca0:	185b      	adds	r3, r3, r1
20000ca2:	009b      	lsls	r3, r3, #2
20000ca4:	18d2      	adds	r2, r2, r3
20000ca6:	32dd      	adds	r2, #221	@ 0xdd
20000ca8:	32ff      	adds	r2, #255	@ 0xff
20000caa:	6810      	ldr	r0, [r2, #0]
20000cac:	2293      	movs	r2, #147	@ 0x93
20000cae:	465d      	mov	r5, fp
20000cb0:	33d9      	adds	r3, #217	@ 0xd9
20000cb2:	0092      	lsls	r2, r2, #2
20000cb4:	33ff      	adds	r3, #255	@ 0xff
20000cb6:	50a8      	str	r0, [r5, r2]
20000cb8:	445b      	add	r3, fp
20000cba:	6898      	ldr	r0, [r3, #8]
20000cbc:	68da      	ldr	r2, [r3, #12]
20000cbe:	2394      	movs	r3, #148	@ 0x94
20000cc0:	009b      	lsls	r3, r3, #2
20000cc2:	50e8      	str	r0, [r5, r3]
20000cc4:	3304      	adds	r3, #4
20000cc6:	50ea      	str	r2, [r5, r3]
20000cc8:	2201      	movs	r2, #1
20000cca:	3304      	adds	r3, #4
20000ccc:	50e9      	str	r1, [r5, r3]
20000cce:	3304      	adds	r3, #4
20000cd0:	50ee      	str	r6, [r5, r3]
20000cd2:	3304      	adds	r3, #4
20000cd4:	50ef      	str	r7, [r5, r3]
20000cd6:	3b18      	subs	r3, #24
20000cd8:	54ea      	strb	r2, [r5, r3]
20000cda:	9b02      	ldr	r3, [sp, #8]
20000cdc:	4651      	mov	r1, sl
20000cde:	1c58      	adds	r0, r3, #1
20000ce0:	2591      	movs	r5, #145	@ 0x91
20000ce2:	f000 fea5 	bl	20001a30 <____wrap___aeabi_idivmod_veneer>
20000ce6:	465b      	mov	r3, fp
20000ce8:	00ad      	lsls	r5, r5, #2
20000cea:	5159      	str	r1, [r3, r5]
20000cec:	2393      	movs	r3, #147	@ 0x93
20000cee:	465a      	mov	r2, fp
20000cf0:	009b      	lsls	r3, r3, #2
20000cf2:	58d6      	ldr	r6, [r2, r3]
20000cf4:	3304      	adds	r3, #4
20000cf6:	58d7      	ldr	r7, [r2, r3]
20000cf8:	3304      	adds	r3, #4
20000cfa:	58d3      	ldr	r3, [r2, r3]
20000cfc:	4543      	cmp	r3, r8
20000cfe:	d003      	beq.n	20000d08 <_ZN11ChorganCard13ProcessSampleEv+0xc48>
20000d00:	22d6      	movs	r2, #214	@ 0xd6
20000d02:	4659      	mov	r1, fp
20000d04:	0052      	lsls	r2, r2, #1
20000d06:	508b      	str	r3, [r1, r2]
20000d08:	4698      	mov	r8, r3
20000d0a:	f7ff fab7 	bl	2000027c <_ZN11ChorganCard13ProcessSampleEv+0x1bc>
20000d0e:	4640      	mov	r0, r8
20000d10:	2106      	movs	r1, #6
20000d12:	3001      	adds	r0, #1
20000d14:	f000 fe8c 	bl	20001a30 <____wrap___aeabi_idivmod_veneer>
20000d18:	23d6      	movs	r3, #214	@ 0xd6
20000d1a:	465a      	mov	r2, fp
20000d1c:	005b      	lsls	r3, r3, #1
20000d1e:	50d1      	str	r1, [r2, r3]
20000d20:	33a8      	adds	r3, #168	@ 0xa8
20000d22:	4688      	mov	r8, r1
20000d24:	50d1      	str	r1, [r2, r3]
20000d26:	f7ff fa8e 	bl	20000246 <_ZN11ChorganCard13ProcessSampleEv+0x186>
20000d2a:	2201      	movs	r2, #1
20000d2c:	33d5      	adds	r3, #213	@ 0xd5
20000d2e:	33ff      	adds	r3, #255	@ 0xff
20000d30:	54c2      	strb	r2, [r0, r3]
20000d32:	2399      	movs	r3, #153	@ 0x99
20000d34:	2200      	movs	r2, #0
20000d36:	4659      	mov	r1, fp
20000d38:	009b      	lsls	r3, r3, #2
20000d3a:	50ca      	str	r2, [r1, r3]
20000d3c:	f7ff fa76 	bl	2000022c <_ZN11ChorganCard13ProcessSampleEv+0x16c>
20000d40:	4b3e      	ldr	r3, [pc, #248]	@ (20000e3c <_ZN11ChorganCard13ProcessSampleEv+0xd7c>)
20000d42:	9306      	str	r3, [sp, #24]
20000d44:	23b6      	movs	r3, #182	@ 0xb6
20000d46:	f7ff fb5f 	bl	20000408 <_ZN11ChorganCard13ProcessSampleEv+0x348>
20000d4a:	4c3d      	ldr	r4, [pc, #244]	@ (20000e40 <_ZN11ChorganCard13ProcessSampleEv+0xd80>)
20000d4c:	4a3d      	ldr	r2, [pc, #244]	@ (20000e44 <_ZN11ChorganCard13ProcessSampleEv+0xd84>)
20000d4e:	6823      	ldr	r3, [r4, #0]
20000d50:	4d3d      	ldr	r5, [pc, #244]	@ (20000e48 <_ZN11ChorganCard13ProcessSampleEv+0xd88>)
20000d52:	4053      	eors	r3, r2
20000d54:	041b      	lsls	r3, r3, #16
20000d56:	0c1b      	lsrs	r3, r3, #16
20000d58:	2096      	movs	r0, #150	@ 0x96
20000d5a:	602b      	str	r3, [r5, #0]
20000d5c:	465b      	mov	r3, fp
20000d5e:	2101      	movs	r1, #1
20000d60:	0080      	lsls	r0, r0, #2
20000d62:	581b      	ldr	r3, [r3, r0]
20000d64:	4e39      	ldr	r6, [pc, #228]	@ (20000e4c <_ZN11ChorganCard13ProcessSampleEv+0xd8c>)
20000d66:	400b      	ands	r3, r1
20000d68:	2180      	movs	r1, #128	@ 0x80
20000d6a:	46b4      	mov	ip, r6
20000d6c:	0389      	lsls	r1, r1, #14
20000d6e:	3b01      	subs	r3, #1
20000d70:	6824      	ldr	r4, [r4, #0]
20000d72:	400b      	ands	r3, r1
20000d74:	4463      	add	r3, ip
20000d76:	4063      	eors	r3, r4
20000d78:	0c1b      	lsrs	r3, r3, #16
20000d7a:	041b      	lsls	r3, r3, #16
20000d7c:	602b      	str	r3, [r5, #0]
20000d7e:	4d34      	ldr	r5, [pc, #208]	@ (20000e50 <_ZN11ChorganCard13ProcessSampleEv+0xd90>)
20000d80:	4c34      	ldr	r4, [pc, #208]	@ (20000e54 <_ZN11ChorganCard13ProcessSampleEv+0xd94>)
20000d82:	682b      	ldr	r3, [r5, #0]
20000d84:	2602      	movs	r6, #2
20000d86:	4053      	eors	r3, r2
20000d88:	041b      	lsls	r3, r3, #16
20000d8a:	0c1b      	lsrs	r3, r3, #16
20000d8c:	6023      	str	r3, [r4, #0]
20000d8e:	465b      	mov	r3, fp
20000d90:	581b      	ldr	r3, [r3, r0]
20000d92:	682d      	ldr	r5, [r5, #0]
20000d94:	4033      	ands	r3, r6
20000d96:	425e      	negs	r6, r3
20000d98:	4173      	adcs	r3, r6
20000d9a:	425b      	negs	r3, r3
20000d9c:	400b      	ands	r3, r1
20000d9e:	4463      	add	r3, ip
20000da0:	406b      	eors	r3, r5
20000da2:	0c1b      	lsrs	r3, r3, #16
20000da4:	041b      	lsls	r3, r3, #16
20000da6:	6023      	str	r3, [r4, #0]
20000da8:	4c2b      	ldr	r4, [pc, #172]	@ (20000e58 <_ZN11ChorganCard13ProcessSampleEv+0xd98>)
20000daa:	6823      	ldr	r3, [r4, #0]
20000dac:	4053      	eors	r3, r2
20000dae:	041b      	lsls	r3, r3, #16
20000db0:	4a2a      	ldr	r2, [pc, #168]	@ (20000e5c <_ZN11ChorganCard13ProcessSampleEv+0xd9c>)
20000db2:	0c1b      	lsrs	r3, r3, #16
20000db4:	6013      	str	r3, [r2, #0]
20000db6:	465b      	mov	r3, fp
20000db8:	581b      	ldr	r3, [r3, r0]
20000dba:	2004      	movs	r0, #4
20000dbc:	4003      	ands	r3, r0
20000dbe:	4258      	negs	r0, r3
20000dc0:	4143      	adcs	r3, r0
20000dc2:	425b      	negs	r3, r3
20000dc4:	400b      	ands	r3, r1
20000dc6:	6821      	ldr	r1, [r4, #0]
20000dc8:	4463      	add	r3, ip
20000dca:	404b      	eors	r3, r1
20000dcc:	0c1b      	lsrs	r3, r3, #16
20000dce:	041b      	lsls	r3, r3, #16
20000dd0:	6013      	str	r3, [r2, #0]
20000dd2:	e4e7      	b.n	200007a4 <_ZN11ChorganCard13ProcessSampleEv+0x6e4>
20000dd4:	4922      	ldr	r1, [pc, #136]	@ (20000e60 <_ZN11ChorganCard13ProcessSampleEv+0xda0>)
20000dd6:	468c      	mov	ip, r1
20000dd8:	4922      	ldr	r1, [pc, #136]	@ (20000e64 <_ZN11ChorganCard13ProcessSampleEv+0xda4>)
20000dda:	4463      	add	r3, ip
20000ddc:	1acb      	subs	r3, r1, r3
20000dde:	e6f5      	b.n	20000bcc <_ZN11ChorganCard13ProcessSampleEv+0xb0c>
20000de0:	0018      	movs	r0, r3
20000de2:	e5e3      	b.n	200009ac <_ZN11ChorganCard13ProcessSampleEv+0x8ec>
20000de4:	000e      	movs	r6, r1
20000de6:	4661      	mov	r1, ip
20000de8:	313b      	adds	r1, #59	@ 0x3b
20000dea:	f7ff f9e6 	bl	200001ba <_ZN11ChorganCard13ProcessSampleEv+0xfa>
20000dee:	3304      	adds	r3, #4
20000df0:	58ef      	ldr	r7, [r5, r3]
20000df2:	4590      	cmp	r8, r2
20000df4:	d001      	beq.n	20000dfa <_ZN11ChorganCard13ProcessSampleEv+0xd3a>
20000df6:	f7ff fa5f 	bl	200002b8 <_ZN11ChorganCard13ProcessSampleEv+0x1f8>
20000dfa:	f7ff fa62 	bl	200002c2 <_ZN11ChorganCard13ProcessSampleEv+0x202>
20000dfe:	23ea      	movs	r3, #234	@ 0xea
20000e00:	005b      	lsls	r3, r3, #1
20000e02:	5cc3      	ldrb	r3, [r0, r3]
20000e04:	2b00      	cmp	r3, #0
20000e06:	d101      	bne.n	20000e0c <_ZN11ChorganCard13ProcessSampleEv+0xd4c>
20000e08:	f7ff fa10 	bl	2000022c <_ZN11ChorganCard13ProcessSampleEv+0x16c>
20000e0c:	2390      	movs	r3, #144	@ 0x90
20000e0e:	009b      	lsls	r3, r3, #2
20000e10:	58c2      	ldr	r2, [r0, r3]
20000e12:	3328      	adds	r3, #40	@ 0x28
20000e14:	50c2      	str	r2, [r0, r3]
20000e16:	f7ff fa09 	bl	2000022c <_ZN11ChorganCard13ProcessSampleEv+0x16c>
20000e1a:	4640      	mov	r0, r8
20000e1c:	2106      	movs	r1, #6
20000e1e:	3001      	adds	r0, #1
20000e20:	f000 fe06 	bl	20001a30 <____wrap___aeabi_idivmod_veneer>
20000e24:	465b      	mov	r3, fp
20000e26:	4652      	mov	r2, sl
20000e28:	5099      	str	r1, [r3, r2]
20000e2a:	2395      	movs	r3, #149	@ 0x95
20000e2c:	465a      	mov	r2, fp
20000e2e:	009b      	lsls	r3, r3, #2
20000e30:	4688      	mov	r8, r1
20000e32:	50d1      	str	r1, [r2, r3]
20000e34:	e49b      	b.n	2000076e <_ZN11ChorganCard13ProcessSampleEv+0x6ae>
20000e36:	46c0      	nop			@ (mov r8, r8)
20000e38:	0000ffff 	.word	0x0000ffff
20000e3c:	00027fd8 	.word	0x00027fd8
20000e40:	40050070 	.word	0x40050070
20000e44:	0000ffe0 	.word	0x0000ffe0
20000e48:	40051070 	.word	0x40051070
20000e4c:	ffe00000 	.word	0xffe00000
20000e50:	40050084 	.word	0x40050084
20000e54:	40051084 	.word	0x40051084
20000e58:	40050098 	.word	0x40050098
20000e5c:	40051098 	.word	0x40051098
20000e60:	ffff8000 	.word	0xffff8000
20000e64:	00007fff 	.word	0x00007fff

20000e68 <_ZN12ComputerCard11AudioWorkerEv>:
20000e68:	21e0      	movs	r1, #224	@ 0xe0
20000e6a:	b5f8      	push	{r3, r4, r5, r6, r7, lr}
20000e6c:	46de      	mov	lr, fp
20000e6e:	4657      	mov	r7, sl
20000e70:	464e      	mov	r6, r9
20000e72:	4645      	mov	r5, r8
20000e74:	4a6c      	ldr	r2, [pc, #432]	@ (20001028 <_ZN12ComputerCard11AudioWorkerEv+0x1c0>)
20000e76:	01c9      	lsls	r1, r1, #7
20000e78:	6813      	ldr	r3, [r2, #0]
20000e7a:	b5e0      	push	{r5, r6, r7, lr}
20000e7c:	400b      	ands	r3, r1
20000e7e:	496b      	ldr	r1, [pc, #428]	@ (2000102c <_ZN12ComputerCard11AudioWorkerEv+0x1c4>)
20000e80:	0004      	movs	r4, r0
20000e82:	600b      	str	r3, [r1, #0]
20000e84:	23f0      	movs	r3, #240	@ 0xf0
20000e86:	6810      	ldr	r0, [r2, #0]
20000e88:	031b      	lsls	r3, r3, #12
20000e8a:	4043      	eors	r3, r0
20000e8c:	20f8      	movs	r0, #248	@ 0xf8
20000e8e:	0340      	lsls	r0, r0, #13
20000e90:	4003      	ands	r3, r0
20000e92:	600b      	str	r3, [r1, #0]
20000e94:	4b66      	ldr	r3, [pc, #408]	@ (20001030 <_ZN12ComputerCard11AudioWorkerEv+0x1c8>)
20000e96:	2001      	movs	r0, #1
20000e98:	6819      	ldr	r1, [r3, #0]
20000e9a:	4b66      	ldr	r3, [pc, #408]	@ (20001034 <_ZN12ComputerCard11AudioWorkerEv+0x1cc>)
20000e9c:	25b4      	movs	r5, #180	@ 0xb4
20000e9e:	404b      	eors	r3, r1
20000ea0:	4965      	ldr	r1, [pc, #404]	@ (20001038 <_ZN12ComputerCard11AudioWorkerEv+0x1d0>)
20000ea2:	006d      	lsls	r5, r5, #1
20000ea4:	400b      	ands	r3, r1
20000ea6:	4965      	ldr	r1, [pc, #404]	@ (2000103c <_ZN12ComputerCard11AudioWorkerEv+0x1d4>)
20000ea8:	276a      	movs	r7, #106	@ 0x6a
20000eaa:	600b      	str	r3, [r1, #0]
20000eac:	23f8      	movs	r3, #248	@ 0xf8
20000eae:	01db      	lsls	r3, r3, #7
20000eb0:	6113      	str	r3, [r2, #16]
20000eb2:	f000 fdc5 	bl	20001a40 <__dma_claim_unused_channel_veneer>
20000eb6:	5560      	strb	r0, [r4, r5]
20000eb8:	2001      	movs	r0, #1
20000eba:	f000 fdc1 	bl	20001a40 <__dma_claim_unused_channel_veneer>
20000ebe:	37ff      	adds	r7, #255	@ 0xff
20000ec0:	55e0      	strb	r0, [r4, r7]
20000ec2:	20a0      	movs	r0, #160	@ 0xa0
20000ec4:	26b5      	movs	r6, #181	@ 0xb5
20000ec6:	05c0      	lsls	r0, r0, #23
20000ec8:	4684      	mov	ip, r0
20000eca:	5d63      	ldrb	r3, [r4, r5]
20000ecc:	495c      	ldr	r1, [pc, #368]	@ (20001040 <_ZN12ComputerCard11AudioWorkerEv+0x1d8>)
20000ece:	02da      	lsls	r2, r3, #11
20000ed0:	468a      	mov	sl, r1
20000ed2:	400a      	ands	r2, r1
20000ed4:	495b      	ldr	r1, [pc, #364]	@ (20001044 <_ZN12ComputerCard11AudioWorkerEv+0x1dc>)
20000ed6:	0076      	lsls	r6, r6, #1
20000ed8:	4311      	orrs	r1, r2
20000eda:	5da2      	ldrb	r2, [r4, r6]
20000edc:	485a      	ldr	r0, [pc, #360]	@ (20001048 <_ZN12ComputerCard11AudioWorkerEv+0x1e0>)
20000ede:	3214      	adds	r2, #20
20000ee0:	0112      	lsls	r2, r2, #4
20000ee2:	019b      	lsls	r3, r3, #6
20000ee4:	4463      	add	r3, ip
20000ee6:	18a2      	adds	r2, r4, r2
20000ee8:	6018      	str	r0, [r3, #0]
20000eea:	605a      	str	r2, [r3, #4]
20000eec:	2208      	movs	r2, #8
20000eee:	609a      	str	r2, [r3, #8]
20000ef0:	60d9      	str	r1, [r3, #12]
20000ef2:	2301      	movs	r3, #1
20000ef4:	4691      	mov	r9, r2
20000ef6:	5d62      	ldrb	r2, [r4, r5]
20000ef8:	2101      	movs	r1, #1
20000efa:	4093      	lsls	r3, r2
20000efc:	4a53      	ldr	r2, [pc, #332]	@ (2000104c <_ZN12ComputerCard11AudioWorkerEv+0x1e4>)
20000efe:	200b      	movs	r0, #11
20000f00:	6013      	str	r3, [r2, #0]
20000f02:	f000 fd6d 	bl	200019e0 <__irq_set_enabled_veneer>
20000f06:	200b      	movs	r0, #11
20000f08:	4951      	ldr	r1, [pc, #324]	@ (20001050 <_ZN12ComputerCard11AudioWorkerEv+0x1e8>)
20000f0a:	f000 fda1 	bl	20001a50 <__irq_set_exclusive_handler_veneer>
20000f0e:	4649      	mov	r1, r9
20000f10:	23a4      	movs	r3, #164	@ 0xa4
20000f12:	4a50      	ldr	r2, [pc, #320]	@ (20001054 <_ZN12ComputerCard11AudioWorkerEv+0x1ec>)
20000f14:	2004      	movs	r0, #4
20000f16:	50d1      	str	r1, [r2, r3]
20000f18:	4b4f      	ldr	r3, [pc, #316]	@ (20001058 <_ZN12ComputerCard11AudioWorkerEv+0x1f0>)
20000f1a:	6019      	str	r1, [r3, #0]
20000f1c:	4b4f      	ldr	r3, [pc, #316]	@ (2000105c <_ZN12ComputerCard11AudioWorkerEv+0x1f4>)
20000f1e:	0019      	movs	r1, r3
20000f20:	4698      	mov	r8, r3
20000f22:	f000 fd95 	bl	20001a50 <__irq_set_exclusive_handler_veneer>
20000f26:	21ff      	movs	r1, #255	@ 0xff
20000f28:	2004      	movs	r0, #4
20000f2a:	f000 fda1 	bl	20001a70 <__irq_set_priority_veneer>
20000f2e:	2101      	movs	r1, #1
20000f30:	2004      	movs	r0, #4
20000f32:	f000 fd55 	bl	200019e0 <__irq_set_enabled_veneer>
20000f36:	4652      	mov	r2, sl
20000f38:	5de3      	ldrb	r3, [r4, r7]
20000f3a:	02d9      	lsls	r1, r3, #11
20000f3c:	4011      	ands	r1, r2
20000f3e:	4a48      	ldr	r2, [pc, #288]	@ (20001060 <_ZN12ComputerCard11AudioWorkerEv+0x1f8>)
20000f40:	019b      	lsls	r3, r3, #6
20000f42:	430a      	orrs	r2, r1
20000f44:	21a0      	movs	r1, #160	@ 0xa0
20000f46:	05c9      	lsls	r1, r1, #23
20000f48:	468c      	mov	ip, r1
20000f4a:	2100      	movs	r1, #0
20000f4c:	4463      	add	r3, ip
20000f4e:	6019      	str	r1, [r3, #0]
20000f50:	4944      	ldr	r1, [pc, #272]	@ (20001064 <_ZN12ComputerCard11AudioWorkerEv+0x1fc>)
20000f52:	6059      	str	r1, [r3, #4]
20000f54:	2102      	movs	r1, #2
20000f56:	6099      	str	r1, [r3, #8]
20000f58:	611a      	str	r2, [r3, #16]
20000f5a:	22b0      	movs	r2, #176	@ 0xb0
20000f5c:	4b42      	ldr	r3, [pc, #264]	@ (20001068 <_ZN12ComputerCard11AudioWorkerEv+0x200>)
20000f5e:	0052      	lsls	r2, r2, #1
20000f60:	50a3      	str	r3, [r4, r2]
20000f62:	3204      	adds	r2, #4
20000f64:	50a3      	str	r3, [r4, r2]
20000f66:	464a      	mov	r2, r9
20000f68:	4b40      	ldr	r3, [pc, #256]	@ (2000106c <_ZN12ComputerCard11AudioWorkerEv+0x204>)
20000f6a:	601a      	str	r2, [r3, #0]
20000f6c:	2200      	movs	r2, #0
20000f6e:	233e      	movs	r3, #62	@ 0x3e
20000f70:	4692      	mov	sl, r2
20000f72:	3201      	adds	r2, #1
20000f74:	4691      	mov	r9, r2
20000f76:	33ff      	adds	r3, #255	@ 0xff
20000f78:	5ce2      	ldrb	r2, [r4, r3]
20000f7a:	2a03      	cmp	r2, #3
20000f7c:	d014      	beq.n	20000fa8 <_ZN12ComputerCard11AudioWorkerEv+0x140>
20000f7e:	5ce2      	ldrb	r2, [r4, r3]
20000f80:	2a02      	cmp	r2, #2
20000f82:	d1f9      	bne.n	20000f78 <_ZN12ComputerCard11AudioWorkerEv+0x110>
20000f84:	2100      	movs	r1, #0
20000f86:	2004      	movs	r0, #4
20000f88:	f000 fd2a 	bl	200019e0 <__irq_set_enabled_veneer>
20000f8c:	23a4      	movs	r3, #164	@ 0xa4
20000f8e:	2108      	movs	r1, #8
20000f90:	4a30      	ldr	r2, [pc, #192]	@ (20001054 <_ZN12ComputerCard11AudioWorkerEv+0x1ec>)
20000f92:	2004      	movs	r0, #4
20000f94:	50d1      	str	r1, [r2, r3]
20000f96:	4641      	mov	r1, r8
20000f98:	f000 fd3a 	bl	20001a10 <__irq_remove_handler_veneer>
20000f9c:	bcf0      	pop	{r4, r5, r6, r7}
20000f9e:	46bb      	mov	fp, r7
20000fa0:	46b2      	mov	sl, r6
20000fa2:	46a9      	mov	r9, r5
20000fa4:	46a0      	mov	r8, r4
20000fa6:	bdf8      	pop	{r3, r4, r5, r6, r7, pc}
20000fa8:	4652      	mov	r2, sl
20000faa:	4649      	mov	r1, r9
20000fac:	54e2      	strb	r2, [r4, r3]
20000fae:	5d62      	ldrb	r2, [r4, r5]
20000fb0:	482f      	ldr	r0, [pc, #188]	@ (20001070 <_ZN12ComputerCard11AudioWorkerEv+0x208>)
20000fb2:	4091      	lsls	r1, r2
20000fb4:	000a      	movs	r2, r1
20000fb6:	21a0      	movs	r1, #160	@ 0xa0
20000fb8:	05c9      	lsls	r1, r1, #23
20000fba:	500a      	str	r2, [r1, r0]
20000fbc:	20a0      	movs	r0, #160	@ 0xa0
20000fbe:	05c0      	lsls	r0, r0, #23
20000fc0:	4684      	mov	ip, r0
20000fc2:	5da2      	ldrb	r2, [r4, r6]
20000fc4:	5d61      	ldrb	r1, [r4, r5]
20000fc6:	3214      	adds	r2, #20
20000fc8:	0112      	lsls	r2, r2, #4
20000fca:	0189      	lsls	r1, r1, #6
20000fcc:	4461      	add	r1, ip
20000fce:	18a2      	adds	r2, r4, r2
20000fd0:	62ca      	str	r2, [r1, #44]	@ 0x2c
20000fd2:	216a      	movs	r1, #106	@ 0x6a
20000fd4:	20f8      	movs	r0, #248	@ 0xf8
20000fd6:	5da2      	ldrb	r2, [r4, r6]
20000fd8:	31ff      	adds	r1, #255	@ 0xff
20000fda:	5c61      	ldrb	r1, [r4, r1]
20000fdc:	3258      	adds	r2, #88	@ 0x58
20000fde:	0092      	lsls	r2, r2, #2
20000fe0:	0189      	lsls	r1, r1, #6
20000fe2:	4461      	add	r1, ip
20000fe4:	18a2      	adds	r2, r4, r2
20000fe6:	63ca      	str	r2, [r1, #60]	@ 0x3c
20000fe8:	4a0f      	ldr	r2, [pc, #60]	@ (20001028 <_ZN12ComputerCard11AudioWorkerEv+0x1c0>)
20000fea:	0340      	lsls	r0, r0, #13
20000fec:	6811      	ldr	r1, [r2, #0]
20000fee:	4001      	ands	r1, r0
20000ff0:	468c      	mov	ip, r1
20000ff2:	4667      	mov	r7, ip
20000ff4:	490d      	ldr	r1, [pc, #52]	@ (2000102c <_ZN12ComputerCard11AudioWorkerEv+0x1c4>)
20000ff6:	600f      	str	r7, [r1, #0]
20000ff8:	6817      	ldr	r7, [r2, #0]
20000ffa:	46bc      	mov	ip, r7
20000ffc:	27e0      	movs	r7, #224	@ 0xe0
20000ffe:	01ff      	lsls	r7, r7, #7
20001000:	46bb      	mov	fp, r7
20001002:	4667      	mov	r7, ip
20001004:	4658      	mov	r0, fp
20001006:	4007      	ands	r7, r0
20001008:	600f      	str	r7, [r1, #0]
2000100a:	6812      	ldr	r2, [r2, #0]
2000100c:	4694      	mov	ip, r2
2000100e:	22f0      	movs	r2, #240	@ 0xf0
20001010:	4660      	mov	r0, ip
20001012:	0312      	lsls	r2, r2, #12
20001014:	4042      	eors	r2, r0
20001016:	20f8      	movs	r0, #248	@ 0xf8
20001018:	0340      	lsls	r0, r0, #13
2000101a:	4002      	ands	r2, r0
2000101c:	600a      	str	r2, [r1, #0]
2000101e:	2108      	movs	r1, #8
20001020:	4a12      	ldr	r2, [pc, #72]	@ (2000106c <_ZN12ComputerCard11AudioWorkerEv+0x204>)
20001022:	6011      	str	r1, [r2, #0]
20001024:	e7a8      	b.n	20000f78 <_ZN12ComputerCard11AudioWorkerEv+0x110>
20001026:	46c0      	nop			@ (mov r8, r8)
20001028:	4004c000 	.word	0x4004c000
2000102c:	4004d000 	.word	0x4004d000
20001030:	4004c008 	.word	0x4004c008
20001034:	01000009 	.word	0x01000009
20001038:	0f00000f 	.word	0x0f00000f
2000103c:	4004d008 	.word	0x4004d008
20001040:	ffe07fff 	.word	0xffe07fff
20001044:	00120025 	.word	0x00120025
20001048:	4004c00c 	.word	0x4004c00c
2000104c:	50002404 	.word	0x50002404
20001050:	100003d9 	.word	0x100003d9
20001054:	40050000 	.word	0x40050000
20001058:	400520a8 	.word	0x400520a8
2000105c:	100002d5 	.word	0x100002d5
20001060:	00080015 	.word	0x00080015
20001064:	4003c008 	.word	0x4003c008
20001068:	b8003800 	.word	0xb8003800
2000106c:	4004e000 	.word	0x4004e000
20001070:	0000040c 	.word	0x0000040c

20001074 <_ZN12ComputerCard10BufferFullEv>:
20001074:	b5f0      	push	{r4, r5, r6, r7, lr}
20001076:	46de      	mov	lr, fp
20001078:	4657      	mov	r7, sl
2000107a:	464e      	mov	r6, r9
2000107c:	4645      	mov	r5, r8
2000107e:	2208      	movs	r2, #8
20001080:	0004      	movs	r4, r0
20001082:	b5e0      	push	{r5, r6, r7, lr}
20001084:	4be5      	ldr	r3, [pc, #916]	@ (2000141c <_ZN12ComputerCard10BufferFullEv+0x3a8>)
20001086:	49e6      	ldr	r1, [pc, #920]	@ (20001420 <_ZN12ComputerCard10BufferFullEv+0x3ac>)
20001088:	b087      	sub	sp, #28
2000108a:	601a      	str	r2, [r3, #0]
2000108c:	32f8      	adds	r2, #248	@ 0xf8
2000108e:	680b      	ldr	r3, [r1, #0]
20001090:	4213      	tst	r3, r2
20001092:	d0fc      	beq.n	2000108e <_ZN12ComputerCard10BufferFullEv+0x1a>
20001094:	688b      	ldr	r3, [r1, #8]
20001096:	4213      	tst	r3, r2
20001098:	d106      	bne.n	200010a8 <_ZN12ComputerCard10BufferFullEv+0x34>
2000109a:	2180      	movs	r1, #128	@ 0x80
2000109c:	4be0      	ldr	r3, [pc, #896]	@ (20001420 <_ZN12ComputerCard10BufferFullEv+0x3ac>)
2000109e:	0049      	lsls	r1, r1, #1
200010a0:	68da      	ldr	r2, [r3, #12]
200010a2:	689a      	ldr	r2, [r3, #8]
200010a4:	420a      	tst	r2, r1
200010a6:	d0fb      	beq.n	200010a0 <_ZN12ComputerCard10BufferFullEv+0x2c>
200010a8:	22e0      	movs	r2, #224	@ 0xe0
200010aa:	4bdd      	ldr	r3, [pc, #884]	@ (20001420 <_ZN12ComputerCard10BufferFullEv+0x3ac>)
200010ac:	01d2      	lsls	r2, r2, #7
200010ae:	681b      	ldr	r3, [r3, #0]
200010b0:	4013      	ands	r3, r2
200010b2:	4adc      	ldr	r2, [pc, #880]	@ (20001424 <_ZN12ComputerCard10BufferFullEv+0x3b0>)
200010b4:	6013      	str	r3, [r2, #0]
200010b6:	2203      	movs	r2, #3
200010b8:	4bdb      	ldr	r3, [pc, #876]	@ (20001428 <_ZN12ComputerCard10BufferFullEv+0x3b4>)
200010ba:	681e      	ldr	r6, [r3, #0]
200010bc:	9303      	str	r3, [sp, #12]
200010be:	1c73      	adds	r3, r6, #1
200010c0:	401a      	ands	r2, r3
200010c2:	9202      	str	r2, [sp, #8]
200010c4:	07da      	lsls	r2, r3, #31
200010c6:	d400      	bmi.n	200010ca <_ZN12ComputerCard10BufferFullEv+0x56>
200010c8:	e2cb      	b.n	20001662 <_ZN12ComputerCard10BufferFullEv+0x5ee>
200010ca:	22d0      	movs	r2, #208	@ 0xd0
200010cc:	2180      	movs	r1, #128	@ 0x80
200010ce:	0612      	lsls	r2, r2, #24
200010d0:	0449      	lsls	r1, r1, #17
200010d2:	6151      	str	r1, [r2, #20]
200010d4:	079b      	lsls	r3, r3, #30
200010d6:	d400      	bmi.n	200010da <_ZN12ComputerCard10BufferFullEv+0x66>
200010d8:	e2bd      	b.n	20001656 <_ZN12ComputerCard10BufferFullEv+0x5e2>
200010da:	23d0      	movs	r3, #208	@ 0xd0
200010dc:	2280      	movs	r2, #128	@ 0x80
200010de:	061b      	lsls	r3, r3, #24
200010e0:	0492      	lsls	r2, r2, #18
200010e2:	615a      	str	r2, [r3, #20]
200010e4:	21b5      	movs	r1, #181	@ 0xb5
200010e6:	0049      	lsls	r1, r1, #1
200010e8:	5c63      	ldrb	r3, [r4, r1]
200010ea:	2201      	movs	r2, #1
200010ec:	0018      	movs	r0, r3
200010ee:	2301      	movs	r3, #1
200010f0:	9000      	str	r0, [sp, #0]
200010f2:	1a1b      	subs	r3, r3, r0
200010f4:	20b4      	movs	r0, #180	@ 0xb4
200010f6:	0017      	movs	r7, r2
200010f8:	5463      	strb	r3, [r4, r1]
200010fa:	0040      	lsls	r0, r0, #1
200010fc:	5c23      	ldrb	r3, [r4, r0]
200010fe:	409f      	lsls	r7, r3
20001100:	46b8      	mov	r8, r7
20001102:	23a0      	movs	r3, #160	@ 0xa0
20001104:	4645      	mov	r5, r8
20001106:	4fc9      	ldr	r7, [pc, #804]	@ (2000142c <_ZN12ComputerCard10BufferFullEv+0x3b8>)
20001108:	05db      	lsls	r3, r3, #23
2000110a:	51dd      	str	r5, [r3, r7]
2000110c:	25a0      	movs	r5, #160	@ 0xa0
2000110e:	05ed      	lsls	r5, r5, #23
20001110:	46ac      	mov	ip, r5
20001112:	5c63      	ldrb	r3, [r4, r1]
20001114:	5c20      	ldrb	r0, [r4, r0]
20001116:	3314      	adds	r3, #20
20001118:	011b      	lsls	r3, r3, #4
2000111a:	0180      	lsls	r0, r0, #6
2000111c:	4460      	add	r0, ip
2000111e:	18e3      	adds	r3, r4, r3
20001120:	62c3      	str	r3, [r0, #44]	@ 0x2c
20001122:	5c63      	ldrb	r3, [r4, r1]
20001124:	216a      	movs	r1, #106	@ 0x6a
20001126:	31ff      	adds	r1, #255	@ 0xff
20001128:	5c61      	ldrb	r1, [r4, r1]
2000112a:	3358      	adds	r3, #88	@ 0x58
2000112c:	009b      	lsls	r3, r3, #2
2000112e:	0189      	lsls	r1, r1, #6
20001130:	4461      	add	r1, ip
20001132:	18e3      	adds	r3, r4, r3
20001134:	63cb      	str	r3, [r1, #60]	@ 0x3c
20001136:	2108      	movs	r1, #8
20001138:	4bbd      	ldr	r3, [pc, #756]	@ (20001430 <_ZN12ComputerCard10BufferFullEv+0x3bc>)
2000113a:	4dbe      	ldr	r5, [pc, #760]	@ (20001434 <_ZN12ComputerCard10BufferFullEv+0x3c0>)
2000113c:	6019      	str	r1, [r3, #0]
2000113e:	0ff3      	lsrs	r3, r6, #31
20001140:	18f1      	adds	r1, r6, r3
20001142:	400a      	ands	r2, r1
20001144:	1ad2      	subs	r2, r2, r3
20001146:	9b00      	ldr	r3, [sp, #0]
20001148:	46ac      	mov	ip, r5
2000114a:	0119      	lsls	r1, r3, #4
2000114c:	1861      	adds	r1, r4, r1
2000114e:	0008      	movs	r0, r1
20001150:	2380      	movs	r3, #128	@ 0x80
20001152:	304f      	adds	r0, #79	@ 0x4f
20001154:	30ff      	adds	r0, #255	@ 0xff
20001156:	4690      	mov	r8, r2
20001158:	8802      	ldrh	r2, [r0, #0]
2000115a:	009b      	lsls	r3, r3, #2
2000115c:	18d3      	adds	r3, r2, r3
2000115e:	b29b      	uxth	r3, r3
20001160:	0a9b      	lsrs	r3, r3, #10
20001162:	00db      	lsls	r3, r3, #3
20001164:	18d3      	adds	r3, r2, r3
20001166:	0592      	lsls	r2, r2, #22
20001168:	0d92      	lsrs	r2, r2, #22
2000116a:	4462      	add	r2, ip
2000116c:	0015      	movs	r5, r2
2000116e:	426a      	negs	r2, r5
20001170:	416a      	adcs	r2, r5
20001172:	0092      	lsls	r2, r2, #2
20001174:	189b      	adds	r3, r3, r2
20001176:	4ab0      	ldr	r2, [pc, #704]	@ (20001438 <_ZN12ComputerCard10BufferFullEv+0x3c4>)
20001178:	b29b      	uxth	r3, r3
2000117a:	4353      	muls	r3, r2
2000117c:	4691      	mov	r9, r2
2000117e:	0cda      	lsrs	r2, r3, #19
20001180:	8002      	strh	r2, [r0, #0]
20001182:	20a0      	movs	r0, #160	@ 0xa0
20001184:	2380      	movs	r3, #128	@ 0x80
20001186:	0040      	lsls	r0, r0, #1
20001188:	0017      	movs	r7, r2
2000118a:	9204      	str	r2, [sp, #16]
2000118c:	5a0a      	ldrh	r2, [r1, r0]
2000118e:	009b      	lsls	r3, r3, #2
20001190:	18d3      	adds	r3, r2, r3
20001192:	b29b      	uxth	r3, r3
20001194:	0a9b      	lsrs	r3, r3, #10
20001196:	00db      	lsls	r3, r3, #3
20001198:	18d3      	adds	r3, r2, r3
2000119a:	0592      	lsls	r2, r2, #22
2000119c:	0d92      	lsrs	r2, r2, #22
2000119e:	4462      	add	r2, ip
200011a0:	0015      	movs	r5, r2
200011a2:	426a      	negs	r2, r5
200011a4:	416a      	adcs	r2, r5
200011a6:	0092      	lsls	r2, r2, #2
200011a8:	189b      	adds	r3, r3, r2
200011aa:	464a      	mov	r2, r9
200011ac:	b29b      	uxth	r3, r3
200011ae:	4353      	muls	r3, r2
200011b0:	0cda      	lsrs	r2, r3, #19
200011b2:	520a      	strh	r2, [r1, r0]
200011b4:	0008      	movs	r0, r1
200011b6:	2380      	movs	r3, #128	@ 0x80
200011b8:	4d9e      	ldr	r5, [pc, #632]	@ (20001434 <_ZN12ComputerCard10BufferFullEv+0x3c0>)
200011ba:	3049      	adds	r0, #73	@ 0x49
200011bc:	46aa      	mov	sl, r5
200011be:	30ff      	adds	r0, #255	@ 0xff
200011c0:	4694      	mov	ip, r2
200011c2:	8802      	ldrh	r2, [r0, #0]
200011c4:	009b      	lsls	r3, r3, #2
200011c6:	18d3      	adds	r3, r2, r3
200011c8:	b29b      	uxth	r3, r3
200011ca:	0a9b      	lsrs	r3, r3, #10
200011cc:	00db      	lsls	r3, r3, #3
200011ce:	18d3      	adds	r3, r2, r3
200011d0:	0592      	lsls	r2, r2, #22
200011d2:	0d92      	lsrs	r2, r2, #22
200011d4:	4452      	add	r2, sl
200011d6:	0015      	movs	r5, r2
200011d8:	426a      	negs	r2, r5
200011da:	416a      	adcs	r2, r5
200011dc:	0092      	lsls	r2, r2, #2
200011de:	189b      	adds	r3, r3, r2
200011e0:	464a      	mov	r2, r9
200011e2:	b29b      	uxth	r3, r3
200011e4:	4353      	muls	r3, r2
200011e6:	0cda      	lsrs	r2, r3, #19
200011e8:	2380      	movs	r3, #128	@ 0x80
200011ea:	8002      	strh	r2, [r0, #0]
200011ec:	3806      	subs	r0, #6
200011ee:	9201      	str	r2, [sp, #4]
200011f0:	8802      	ldrh	r2, [r0, #0]
200011f2:	009b      	lsls	r3, r3, #2
200011f4:	18d3      	adds	r3, r2, r3
200011f6:	b29b      	uxth	r3, r3
200011f8:	0a9b      	lsrs	r3, r3, #10
200011fa:	00db      	lsls	r3, r3, #3
200011fc:	18d3      	adds	r3, r2, r3
200011fe:	0592      	lsls	r2, r2, #22
20001200:	0d92      	lsrs	r2, r2, #22
20001202:	4452      	add	r2, sl
20001204:	0015      	movs	r5, r2
20001206:	426a      	negs	r2, r5
20001208:	416a      	adcs	r2, r5
2000120a:	464d      	mov	r5, r9
2000120c:	0092      	lsls	r2, r2, #2
2000120e:	189b      	adds	r3, r3, r2
20001210:	b29b      	uxth	r3, r3
20001212:	436b      	muls	r3, r5
20001214:	0cdb      	lsrs	r3, r3, #19
20001216:	8003      	strh	r3, [r0, #0]
20001218:	20a5      	movs	r0, #165	@ 0xa5
2000121a:	0040      	lsls	r0, r0, #1
2000121c:	4682      	mov	sl, r0
2000121e:	448a      	add	sl, r1
20001220:	4650      	mov	r0, sl
20001222:	2280      	movs	r2, #128	@ 0x80
20001224:	4d83      	ldr	r5, [pc, #524]	@ (20001434 <_ZN12ComputerCard10BufferFullEv+0x3c0>)
20001226:	8800      	ldrh	r0, [r0, #0]
20001228:	46ab      	mov	fp, r5
2000122a:	0092      	lsls	r2, r2, #2
2000122c:	1882      	adds	r2, r0, r2
2000122e:	b292      	uxth	r2, r2
20001230:	0a92      	lsrs	r2, r2, #10
20001232:	00d2      	lsls	r2, r2, #3
20001234:	1882      	adds	r2, r0, r2
20001236:	0580      	lsls	r0, r0, #22
20001238:	0d80      	lsrs	r0, r0, #22
2000123a:	4458      	add	r0, fp
2000123c:	0005      	movs	r5, r0
2000123e:	4268      	negs	r0, r5
20001240:	4168      	adcs	r0, r5
20001242:	464d      	mov	r5, r9
20001244:	0080      	lsls	r0, r0, #2
20001246:	1810      	adds	r0, r2, r0
20001248:	b280      	uxth	r0, r0
2000124a:	4368      	muls	r0, r5
2000124c:	4655      	mov	r5, sl
2000124e:	0cc0      	lsrs	r0, r0, #19
20001250:	8028      	strh	r0, [r5, #0]
20001252:	4645      	mov	r5, r8
20001254:	00ad      	lsls	r5, r5, #2
20001256:	46a8      	mov	r8, r5
20001258:	4a78      	ldr	r2, [pc, #480]	@ (2000143c <_ZN12ComputerCard10BufferFullEv+0x3c8>)
2000125a:	181b      	adds	r3, r3, r0
2000125c:	4691      	mov	r9, r2
2000125e:	0015      	movs	r5, r2
20001260:	4642      	mov	r2, r8
20001262:	5952      	ldr	r2, [r2, r5]
20001264:	314d      	adds	r1, #77	@ 0x4d
20001266:	0115      	lsls	r5, r2, #4
20001268:	1aaa      	subs	r2, r5, r2
2000126a:	013d      	lsls	r5, r7, #4
2000126c:	46aa      	mov	sl, r5
2000126e:	4647      	mov	r7, r8
20001270:	464d      	mov	r5, r9
20001272:	4452      	add	r2, sl
20001274:	1112      	asrs	r2, r2, #4
20001276:	517a      	str	r2, [r7, r5]
20001278:	597a      	ldr	r2, [r7, r5]
2000127a:	2580      	movs	r5, #128	@ 0x80
2000127c:	1112      	asrs	r2, r2, #4
2000127e:	012d      	lsls	r5, r5, #4
20001280:	1aaa      	subs	r2, r5, r2
20001282:	44a0      	add	r8, r4
20001284:	2586      	movs	r5, #134	@ 0x86
20001286:	4647      	mov	r7, r8
20001288:	006d      	lsls	r5, r5, #1
2000128a:	517a      	str	r2, [r7, r5]
2000128c:	9a01      	ldr	r2, [sp, #4]
2000128e:	4d6c      	ldr	r5, [pc, #432]	@ (20001440 <_ZN12ComputerCard10BufferFullEv+0x3cc>)
20001290:	4462      	add	r2, ip
20001292:	46ac      	mov	ip, r5
20001294:	258b      	movs	r5, #139	@ 0x8b
20001296:	4462      	add	r2, ip
20001298:	1052      	asrs	r2, r2, #1
2000129a:	4252      	negs	r2, r2
2000129c:	006d      	lsls	r5, r5, #1
2000129e:	b212      	sxth	r2, r2
200012a0:	5362      	strh	r2, [r4, r5]
200012a2:	228a      	movs	r2, #138	@ 0x8a
200012a4:	4463      	add	r3, ip
200012a6:	105b      	asrs	r3, r3, #1
200012a8:	425b      	negs	r3, r3
200012aa:	0052      	lsls	r2, r2, #1
200012ac:	b21b      	sxth	r3, r3
200012ae:	52a3      	strh	r3, [r4, r2]
200012b0:	9705      	str	r7, [sp, #20]
200012b2:	5b63      	ldrh	r3, [r4, r5]
200012b4:	4691      	mov	r9, r2
200012b6:	b21a      	sxth	r2, r3
200012b8:	4690      	mov	r8, r2
200012ba:	46aa      	mov	sl, r5
200012bc:	4d61      	ldr	r5, [pc, #388]	@ (20001444 <_ZN12ComputerCard10BufferFullEv+0x3d0>)
200012be:	69a2      	ldr	r2, [r4, #24]
200012c0:	002b      	movs	r3, r5
200012c2:	46ab      	mov	fp, r5
200012c4:	4645      	mov	r5, r8
200012c6:	4442      	add	r2, r8
200012c8:	4353      	muls	r3, r2
200012ca:	6a22      	ldr	r2, [r4, #32]
200012cc:	469c      	mov	ip, r3
200012ce:	0493      	lsls	r3, r2, #18
200012d0:	1a9b      	subs	r3, r3, r2
200012d2:	01db      	lsls	r3, r3, #7
200012d4:	189b      	adds	r3, r3, r2
200012d6:	009b      	lsls	r3, r3, #2
200012d8:	189b      	adds	r3, r3, r2
200012da:	011b      	lsls	r3, r3, #4
200012dc:	189b      	adds	r3, r3, r2
200012de:	005b      	lsls	r3, r3, #1
200012e0:	189b      	adds	r3, r3, r2
200012e2:	001a      	movs	r2, r3
200012e4:	6963      	ldr	r3, [r4, #20]
200012e6:	6165      	str	r5, [r4, #20]
200012e8:	4655      	mov	r5, sl
200012ea:	4462      	add	r2, ip
200012ec:	61a3      	str	r3, [r4, #24]
200012ee:	1392      	asrs	r2, r2, #14
200012f0:	69e3      	ldr	r3, [r4, #28]
200012f2:	61e2      	str	r2, [r4, #28]
200012f4:	b212      	sxth	r2, r2
200012f6:	6223      	str	r3, [r4, #32]
200012f8:	5362      	strh	r2, [r4, r5]
200012fa:	464a      	mov	r2, r9
200012fc:	5aa3      	ldrh	r3, [r4, r2]
200012fe:	2701      	movs	r7, #1
20001300:	b21a      	sxth	r2, r3
20001302:	4694      	mov	ip, r2
20001304:	465b      	mov	r3, fp
20001306:	4665      	mov	r5, ip
20001308:	68a2      	ldr	r2, [r4, #8]
2000130a:	31ff      	adds	r1, #255	@ 0xff
2000130c:	4462      	add	r2, ip
2000130e:	4353      	muls	r3, r2
20001310:	6922      	ldr	r2, [r4, #16]
20001312:	4698      	mov	r8, r3
20001314:	0493      	lsls	r3, r2, #18
20001316:	1a9b      	subs	r3, r3, r2
20001318:	01db      	lsls	r3, r3, #7
2000131a:	189b      	adds	r3, r3, r2
2000131c:	009b      	lsls	r3, r3, #2
2000131e:	189b      	adds	r3, r3, r2
20001320:	011b      	lsls	r3, r3, #4
20001322:	189b      	adds	r3, r3, r2
20001324:	005b      	lsls	r3, r3, #1
20001326:	189b      	adds	r3, r3, r2
20001328:	001a      	movs	r2, r3
2000132a:	6863      	ldr	r3, [r4, #4]
2000132c:	6065      	str	r5, [r4, #4]
2000132e:	464d      	mov	r5, r9
20001330:	4442      	add	r2, r8
20001332:	60a3      	str	r3, [r4, #8]
20001334:	1392      	asrs	r2, r2, #14
20001336:	68e3      	ldr	r3, [r4, #12]
20001338:	60e2      	str	r2, [r4, #12]
2000133a:	b212      	sxth	r2, r2
2000133c:	6123      	str	r3, [r4, #16]
2000133e:	5362      	strh	r2, [r4, r5]
20001340:	2284      	movs	r2, #132	@ 0x84
20001342:	0052      	lsls	r2, r2, #1
20001344:	5ca3      	ldrb	r3, [r4, r2]
20001346:	4690      	mov	r8, r2
20001348:	b2db      	uxtb	r3, r3
2000134a:	3202      	adds	r2, #2
2000134c:	54a3      	strb	r3, [r4, r2]
2000134e:	220a      	movs	r2, #10
20001350:	250c      	movs	r5, #12
20001352:	32ff      	adds	r2, #255	@ 0xff
20001354:	5ca3      	ldrb	r3, [r4, r2]
20001356:	35ff      	adds	r5, #255	@ 0xff
20001358:	b2db      	uxtb	r3, r3
2000135a:	5563      	strb	r3, [r4, r5]
2000135c:	25d0      	movs	r5, #208	@ 0xd0
2000135e:	062d      	lsls	r5, r5, #24
20001360:	686b      	ldr	r3, [r5, #4]
20001362:	46ac      	mov	ip, r5
20001364:	4645      	mov	r5, r8
20001366:	075b      	lsls	r3, r3, #29
20001368:	0fdb      	lsrs	r3, r3, #31
2000136a:	407b      	eors	r3, r7
2000136c:	b2db      	uxtb	r3, r3
2000136e:	5563      	strb	r3, [r4, r5]
20001370:	4665      	mov	r5, ip
20001372:	686b      	ldr	r3, [r5, #4]
20001374:	071b      	lsls	r3, r3, #28
20001376:	0fdb      	lsrs	r3, r3, #31
20001378:	407b      	eors	r3, r7
2000137a:	b2db      	uxtb	r3, r3
2000137c:	54a3      	strb	r3, [r4, r2]
2000137e:	4b32      	ldr	r3, [pc, #200]	@ (20001448 <_ZN12ComputerCard10BufferFullEv+0x3d4>)
20001380:	00b2      	lsls	r2, r6, #2
20001382:	4694      	mov	ip, r2
20001384:	58d2      	ldr	r2, [r2, r3]
20001386:	363e      	adds	r6, #62	@ 0x3e
20001388:	4690      	mov	r8, r2
2000138a:	880a      	ldrh	r2, [r1, #0]
2000138c:	4641      	mov	r1, r8
2000138e:	4645      	mov	r5, r8
20001390:	01c9      	lsls	r1, r1, #7
20001392:	1b49      	subs	r1, r1, r5
20001394:	0112      	lsls	r2, r2, #4
20001396:	1852      	adds	r2, r2, r1
20001398:	4661      	mov	r1, ip
2000139a:	11d2      	asrs	r2, r2, #7
2000139c:	50ca      	str	r2, [r1, r3]
2000139e:	58cb      	ldr	r3, [r1, r3]
200013a0:	00b6      	lsls	r6, r6, #2
200013a2:	111b      	asrs	r3, r3, #4
200013a4:	5133      	str	r3, [r6, r4]
200013a6:	2382      	movs	r3, #130	@ 0x82
200013a8:	22fa      	movs	r2, #250	@ 0xfa
200013aa:	005b      	lsls	r3, r3, #1
200013ac:	58e1      	ldr	r1, [r4, r3]
200013ae:	0092      	lsls	r2, r2, #2
200013b0:	58e6      	ldr	r6, [r4, r3]
200013b2:	2301      	movs	r3, #1
200013b4:	4291      	cmp	r1, r2
200013b6:	dc00      	bgt.n	200013ba <_ZN12ComputerCard10BufferFullEv+0x346>
200013b8:	2300      	movs	r3, #0
200013ba:	4924      	ldr	r1, [pc, #144]	@ (2000144c <_ZN12ComputerCard10BufferFullEv+0x3d8>)
200013bc:	2201      	movs	r2, #1
200013be:	428e      	cmp	r6, r1
200013c0:	dc00      	bgt.n	200013c4 <_ZN12ComputerCard10BufferFullEv+0x350>
200013c2:	2200      	movs	r2, #0
200013c4:	189b      	adds	r3, r3, r2
200013c6:	223c      	movs	r2, #60	@ 0x3c
200013c8:	4e21      	ldr	r6, [pc, #132]	@ (20001450 <_ZN12ComputerCard10BufferFullEv+0x3dc>)
200013ca:	32ff      	adds	r2, #255	@ 0xff
200013cc:	b2db      	uxtb	r3, r3
200013ce:	54a3      	strb	r3, [r4, r2]
200013d0:	6832      	ldr	r2, [r6, #0]
200013d2:	2a00      	cmp	r2, #0
200013d4:	d002      	beq.n	200013dc <_ZN12ComputerCard10BufferFullEv+0x368>
200013d6:	229e      	movs	r2, #158	@ 0x9e
200013d8:	0052      	lsls	r2, r2, #1
200013da:	54a3      	strb	r3, [r4, r2]
200013dc:	239d      	movs	r3, #157	@ 0x9d
200013de:	005b      	lsls	r3, r3, #1
200013e0:	5ce3      	ldrb	r3, [r4, r3]
200013e2:	2b00      	cmp	r3, #0
200013e4:	d000      	beq.n	200013e8 <_ZN12ComputerCard10BufferFullEv+0x374>
200013e6:	e07f      	b.n	200014e8 <_ZN12ComputerCard10BufferFullEv+0x474>
200013e8:	4b1a      	ldr	r3, [pc, #104]	@ (20001454 <_ZN12ComputerCard10BufferFullEv+0x3e0>)
200013ea:	4698      	mov	r8, r3
200013ec:	6823      	ldr	r3, [r4, #0]
200013ee:	0020      	movs	r0, r4
200013f0:	681b      	ldr	r3, [r3, #0]
200013f2:	4798      	blx	r3
200013f4:	23f2      	movs	r3, #242	@ 0xf2
200013f6:	2080      	movs	r0, #128	@ 0x80
200013f8:	5ae3      	ldrh	r3, [r4, r3]
200013fa:	9900      	ldr	r1, [sp, #0]
200013fc:	425b      	negs	r3, r3
200013fe:	3158      	adds	r1, #88	@ 0x58
20001400:	1c1a      	adds	r2, r3, #0
20001402:	b21b      	sxth	r3, r3
20001404:	0089      	lsls	r1, r1, #2
20001406:	0100      	lsls	r0, r0, #4
20001408:	4283      	cmp	r3, r0
2000140a:	db01      	blt.n	20001410 <_ZN12ComputerCard10BufferFullEv+0x39c>
2000140c:	4b12      	ldr	r3, [pc, #72]	@ (20001458 <_ZN12ComputerCard10BufferFullEv+0x3e4>)
2000140e:	1c1a      	adds	r2, r3, #0
20001410:	4b12      	ldr	r3, [pc, #72]	@ (2000145c <_ZN12ComputerCard10BufferFullEv+0x3e8>)
20001412:	b210      	sxth	r0, r2
20001414:	4298      	cmp	r0, r3
20001416:	da23      	bge.n	20001460 <_ZN12ComputerCard10BufferFullEv+0x3ec>
20001418:	1c1a      	adds	r2, r3, #0
2000141a:	e021      	b.n	20001460 <_ZN12ComputerCard10BufferFullEv+0x3ec>
2000141c:	4004f000 	.word	0x4004f000
20001420:	4004c000 	.word	0x4004c000
20001424:	4004d000 	.word	0x4004d000
20001428:	20002154 	.word	0x20002154
2000142c:	0000040c 	.word	0x0000040c
20001430:	4004e000 	.word	0x4004e000
20001434:	fffffe01 	.word	0xfffffe01
20001438:	0007f09d 	.word	0x0007f09d
2000143c:	2000213c 	.word	0x2000213c
20001440:	fffff000 	.word	0xfffff000
20001444:	00003fae 	.word	0x00003fae
20001448:	20002144 	.word	0x20002144
2000144c:	00000bb8 	.word	0x00000bb8
20001450:	20001a90 	.word	0x20001a90
20001454:	20002134 	.word	0x20002134
20001458:	000007ff 	.word	0x000007ff
2000145c:	fffff800 	.word	0xfffff800
20001460:	2380      	movs	r3, #128	@ 0x80
20001462:	011b      	lsls	r3, r3, #4
20001464:	469c      	mov	ip, r3
20001466:	23c0      	movs	r3, #192	@ 0xc0
20001468:	4462      	add	r2, ip
2000146a:	019b      	lsls	r3, r3, #6
2000146c:	4313      	orrs	r3, r2
2000146e:	530b      	strh	r3, [r1, r4]
20001470:	9b00      	ldr	r3, [sp, #0]
20001472:	009d      	lsls	r5, r3, #2
20001474:	23f4      	movs	r3, #244	@ 0xf4
20001476:	5ae3      	ldrh	r3, [r4, r3]
20001478:	1965      	adds	r5, r4, r5
2000147a:	425b      	negs	r3, r3
2000147c:	3563      	adds	r5, #99	@ 0x63
2000147e:	1c1a      	adds	r2, r3, #0
20001480:	b21b      	sxth	r3, r3
20001482:	35ff      	adds	r5, #255	@ 0xff
20001484:	4563      	cmp	r3, ip
20001486:	db01      	blt.n	2000148c <_ZN12ComputerCard10BufferFullEv+0x418>
20001488:	4b9b      	ldr	r3, [pc, #620]	@ (200016f8 <_ZN12ComputerCard10BufferFullEv+0x684>)
2000148a:	1c1a      	adds	r2, r3, #0
2000148c:	4b9b      	ldr	r3, [pc, #620]	@ (200016fc <_ZN12ComputerCard10BufferFullEv+0x688>)
2000148e:	b211      	sxth	r1, r2
20001490:	4299      	cmp	r1, r3
20001492:	da00      	bge.n	20001496 <_ZN12ComputerCard10BufferFullEv+0x422>
20001494:	1c1a      	adds	r2, r3, #0
20001496:	2380      	movs	r3, #128	@ 0x80
20001498:	011b      	lsls	r3, r3, #4
2000149a:	469c      	mov	ip, r3
2000149c:	4b98      	ldr	r3, [pc, #608]	@ (20001700 <_ZN12ComputerCard10BufferFullEv+0x68c>)
2000149e:	4462      	add	r2, ip
200014a0:	4313      	orrs	r3, r2
200014a2:	802b      	strh	r3, [r5, #0]
200014a4:	253e      	movs	r5, #62	@ 0x3e
200014a6:	9b02      	ldr	r3, [sp, #8]
200014a8:	9a03      	ldr	r2, [sp, #12]
200014aa:	35ff      	adds	r5, #255	@ 0xff
200014ac:	6013      	str	r3, [r2, #0]
200014ae:	5d63      	ldrb	r3, [r4, r5]
200014b0:	b2da      	uxtb	r2, r3
200014b2:	2b01      	cmp	r3, #1
200014b4:	d100      	bne.n	200014b8 <_ZN12ComputerCard10BufferFullEv+0x444>
200014b6:	e0ef      	b.n	20001698 <_ZN12ComputerCard10BufferFullEv+0x624>
200014b8:	4643      	mov	r3, r8
200014ba:	681a      	ldr	r2, [r3, #0]
200014bc:	230f      	movs	r3, #15
200014be:	3201      	adds	r2, #1
200014c0:	4013      	ands	r3, r2
200014c2:	4642      	mov	r2, r8
200014c4:	6013      	str	r3, [r2, #0]
200014c6:	233c      	movs	r3, #60	@ 0x3c
200014c8:	33ff      	adds	r3, #255	@ 0xff
200014ca:	5ce2      	ldrb	r2, [r4, r3]
200014cc:	3301      	adds	r3, #1
200014ce:	54e2      	strb	r2, [r4, r3]
200014d0:	6833      	ldr	r3, [r6, #0]
200014d2:	2b00      	cmp	r3, #0
200014d4:	d001      	beq.n	200014da <_ZN12ComputerCard10BufferFullEv+0x466>
200014d6:	3b01      	subs	r3, #1
200014d8:	6033      	str	r3, [r6, #0]
200014da:	b007      	add	sp, #28
200014dc:	bcf0      	pop	{r4, r5, r6, r7}
200014de:	46bb      	mov	fp, r7
200014e0:	46b2      	mov	sl, r6
200014e2:	46a9      	mov	r9, r5
200014e4:	46a0      	mov	r8, r4
200014e6:	bdf0      	pop	{r4, r5, r6, r7, pc}
200014e8:	4b86      	ldr	r3, [pc, #536]	@ (20001704 <_ZN12ComputerCard10BufferFullEv+0x690>)
200014ea:	4698      	mov	r8, r3
200014ec:	681b      	ldr	r3, [r3, #0]
200014ee:	2b00      	cmp	r3, #0
200014f0:	d100      	bne.n	200014f4 <_ZN12ComputerCard10BufferFullEv+0x480>
200014f2:	e0bc      	b.n	2000166e <_ZN12ComputerCard10BufferFullEv+0x5fa>
200014f4:	001a      	movs	r2, r3
200014f6:	3a0e      	subs	r2, #14
200014f8:	2a01      	cmp	r2, #1
200014fa:	d874      	bhi.n	200015e6 <_ZN12ComputerCard10BufferFullEv+0x572>
200014fc:	27e1      	movs	r7, #225	@ 0xe1
200014fe:	00ff      	lsls	r7, r7, #3
20001500:	46bc      	mov	ip, r7
20001502:	9f04      	ldr	r7, [sp, #16]
20001504:	2192      	movs	r1, #146	@ 0x92
20001506:	46b9      	mov	r9, r7
20001508:	45e1      	cmp	r9, ip
2000150a:	41bf      	sbcs	r7, r7
2000150c:	427f      	negs	r7, r7
2000150e:	46b9      	mov	r9, r7
20001510:	9d05      	ldr	r5, [sp, #20]
20001512:	0049      	lsls	r1, r1, #1
20001514:	586a      	ldr	r2, [r5, r1]
20001516:	0052      	lsls	r2, r2, #1
20001518:	444a      	add	r2, r9
2000151a:	506a      	str	r2, [r5, r1]
2000151c:	2b0f      	cmp	r3, #15
2000151e:	d162      	bne.n	200015e6 <_ZN12ComputerCard10BufferFullEv+0x572>
20001520:	330e      	adds	r3, #14
20001522:	33ff      	adds	r3, #255	@ 0xff
20001524:	4699      	mov	r9, r3
20001526:	4560      	cmp	r0, ip
20001528:	4180      	sbcs	r0, r0
2000152a:	464a      	mov	r2, r9
2000152c:	58e3      	ldr	r3, [r4, r3]
2000152e:	4240      	negs	r0, r0
20001530:	005b      	lsls	r3, r3, #1
20001532:	181b      	adds	r3, r3, r0
20001534:	50a3      	str	r3, [r4, r2]
20001536:	9b01      	ldr	r3, [sp, #4]
20001538:	2090      	movs	r0, #144	@ 0x90
2000153a:	469a      	mov	sl, r3
2000153c:	45e2      	cmp	sl, ip
2000153e:	419b      	sbcs	r3, r3
20001540:	0040      	lsls	r0, r0, #1
20001542:	5822      	ldr	r2, [r4, r0]
20001544:	425b      	negs	r3, r3
20001546:	0052      	lsls	r2, r2, #1
20001548:	18d2      	adds	r2, r2, r3
2000154a:	2396      	movs	r3, #150	@ 0x96
2000154c:	5022      	str	r2, [r4, r0]
2000154e:	2284      	movs	r2, #132	@ 0x84
20001550:	005b      	lsls	r3, r3, #1
20001552:	469a      	mov	sl, r3
20001554:	0052      	lsls	r2, r2, #1
20001556:	58e3      	ldr	r3, [r4, r3]
20001558:	5ca2      	ldrb	r2, [r4, r2]
2000155a:	005b      	lsls	r3, r3, #1
2000155c:	189b      	adds	r3, r3, r2
2000155e:	4652      	mov	r2, sl
20001560:	50a3      	str	r3, [r4, r2]
20001562:	2398      	movs	r3, #152	@ 0x98
20001564:	220a      	movs	r2, #10
20001566:	005b      	lsls	r3, r3, #1
20001568:	469c      	mov	ip, r3
2000156a:	32ff      	adds	r2, #255	@ 0xff
2000156c:	58e3      	ldr	r3, [r4, r3]
2000156e:	5ca2      	ldrb	r2, [r4, r2]
20001570:	005b      	lsls	r3, r3, #1
20001572:	189b      	adds	r3, r3, r2
20001574:	4662      	mov	r2, ip
20001576:	50a3      	str	r3, [r4, r2]
20001578:	4b63      	ldr	r3, [pc, #396]	@ (20001708 <_ZN12ComputerCard10BufferFullEv+0x694>)
2000157a:	681a      	ldr	r2, [r3, #0]
2000157c:	464b      	mov	r3, r9
2000157e:	58e3      	ldr	r3, [r4, r3]
20001580:	1ad3      	subs	r3, r2, r3
20001582:	1e5d      	subs	r5, r3, #1
20001584:	41ab      	sbcs	r3, r5
20001586:	259a      	movs	r5, #154	@ 0x9a
20001588:	b2db      	uxtb	r3, r3
2000158a:	006d      	lsls	r5, r5, #1
2000158c:	5563      	strb	r3, [r4, r5]
2000158e:	5823      	ldr	r3, [r4, r0]
20001590:	1ad3      	subs	r3, r2, r3
20001592:	1e58      	subs	r0, r3, #1
20001594:	4183      	sbcs	r3, r0
20001596:	2036      	movs	r0, #54	@ 0x36
20001598:	b2db      	uxtb	r3, r3
2000159a:	30ff      	adds	r0, #255	@ 0xff
2000159c:	5423      	strb	r3, [r4, r0]
2000159e:	5863      	ldr	r3, [r4, r1]
200015a0:	1ad3      	subs	r3, r2, r3
200015a2:	1e59      	subs	r1, r3, #1
200015a4:	418b      	sbcs	r3, r1
200015a6:	219b      	movs	r1, #155	@ 0x9b
200015a8:	b2db      	uxtb	r3, r3
200015aa:	0049      	lsls	r1, r1, #1
200015ac:	5463      	strb	r3, [r4, r1]
200015ae:	2394      	movs	r3, #148	@ 0x94
200015b0:	005b      	lsls	r3, r3, #1
200015b2:	58e3      	ldr	r3, [r4, r3]
200015b4:	1ad3      	subs	r3, r2, r3
200015b6:	1e59      	subs	r1, r3, #1
200015b8:	418b      	sbcs	r3, r1
200015ba:	2138      	movs	r1, #56	@ 0x38
200015bc:	b2db      	uxtb	r3, r3
200015be:	31ff      	adds	r1, #255	@ 0xff
200015c0:	5463      	strb	r3, [r4, r1]
200015c2:	4653      	mov	r3, sl
200015c4:	58e3      	ldr	r3, [r4, r3]
200015c6:	1ad3      	subs	r3, r2, r3
200015c8:	1e59      	subs	r1, r3, #1
200015ca:	418b      	sbcs	r3, r1
200015cc:	219c      	movs	r1, #156	@ 0x9c
200015ce:	b2db      	uxtb	r3, r3
200015d0:	0049      	lsls	r1, r1, #1
200015d2:	5463      	strb	r3, [r4, r1]
200015d4:	4663      	mov	r3, ip
200015d6:	58e3      	ldr	r3, [r4, r3]
200015d8:	1a9b      	subs	r3, r3, r2
200015da:	1e5a      	subs	r2, r3, #1
200015dc:	4193      	sbcs	r3, r2
200015de:	223a      	movs	r2, #58	@ 0x3a
200015e0:	b2db      	uxtb	r3, r3
200015e2:	32ff      	adds	r2, #255	@ 0xff
200015e4:	54a3      	strb	r3, [r4, r2]
200015e6:	239a      	movs	r3, #154	@ 0x9a
200015e8:	005b      	lsls	r3, r3, #1
200015ea:	5ce3      	ldrb	r3, [r4, r3]
200015ec:	b2da      	uxtb	r2, r3
200015ee:	2b00      	cmp	r3, #0
200015f0:	d102      	bne.n	200015f8 <_ZN12ComputerCard10BufferFullEv+0x584>
200015f2:	3315      	adds	r3, #21
200015f4:	33ff      	adds	r3, #255	@ 0xff
200015f6:	52e2      	strh	r2, [r4, r3]
200015f8:	2336      	movs	r3, #54	@ 0x36
200015fa:	33ff      	adds	r3, #255	@ 0xff
200015fc:	5ce3      	ldrb	r3, [r4, r3]
200015fe:	b2da      	uxtb	r2, r3
20001600:	2b00      	cmp	r3, #0
20001602:	d102      	bne.n	2000160a <_ZN12ComputerCard10BufferFullEv+0x596>
20001604:	3317      	adds	r3, #23
20001606:	33ff      	adds	r3, #255	@ 0xff
20001608:	52e2      	strh	r2, [r4, r3]
2000160a:	239b      	movs	r3, #155	@ 0x9b
2000160c:	005b      	lsls	r3, r3, #1
2000160e:	5ce3      	ldrb	r3, [r4, r3]
20001610:	b2da      	uxtb	r2, r3
20001612:	2b00      	cmp	r3, #0
20001614:	d102      	bne.n	2000161c <_ZN12ComputerCard10BufferFullEv+0x5a8>
20001616:	330d      	adds	r3, #13
20001618:	33ff      	adds	r3, #255	@ 0xff
2000161a:	50e2      	str	r2, [r4, r3]
2000161c:	2338      	movs	r3, #56	@ 0x38
2000161e:	33ff      	adds	r3, #255	@ 0xff
20001620:	5ce3      	ldrb	r3, [r4, r3]
20001622:	b2da      	uxtb	r2, r3
20001624:	2b00      	cmp	r3, #0
20001626:	d102      	bne.n	2000162e <_ZN12ComputerCard10BufferFullEv+0x5ba>
20001628:	3311      	adds	r3, #17
2000162a:	33ff      	adds	r3, #255	@ 0xff
2000162c:	50e2      	str	r2, [r4, r3]
2000162e:	239c      	movs	r3, #156	@ 0x9c
20001630:	005b      	lsls	r3, r3, #1
20001632:	5ce3      	ldrb	r3, [r4, r3]
20001634:	b2da      	uxtb	r2, r3
20001636:	2b00      	cmp	r3, #0
20001638:	d102      	bne.n	20001640 <_ZN12ComputerCard10BufferFullEv+0x5cc>
2000163a:	3309      	adds	r3, #9
2000163c:	33ff      	adds	r3, #255	@ 0xff
2000163e:	54e2      	strb	r2, [r4, r3]
20001640:	233a      	movs	r3, #58	@ 0x3a
20001642:	33ff      	adds	r3, #255	@ 0xff
20001644:	5ce3      	ldrb	r3, [r4, r3]
20001646:	b2da      	uxtb	r2, r3
20001648:	2b00      	cmp	r3, #0
2000164a:	d000      	beq.n	2000164e <_ZN12ComputerCard10BufferFullEv+0x5da>
2000164c:	e6ce      	b.n	200013ec <_ZN12ComputerCard10BufferFullEv+0x378>
2000164e:	230a      	movs	r3, #10
20001650:	33ff      	adds	r3, #255	@ 0xff
20001652:	54e2      	strb	r2, [r4, r3]
20001654:	e6ca      	b.n	200013ec <_ZN12ComputerCard10BufferFullEv+0x378>
20001656:	23d0      	movs	r3, #208	@ 0xd0
20001658:	2280      	movs	r2, #128	@ 0x80
2000165a:	061b      	lsls	r3, r3, #24
2000165c:	0492      	lsls	r2, r2, #18
2000165e:	619a      	str	r2, [r3, #24]
20001660:	e540      	b.n	200010e4 <_ZN12ComputerCard10BufferFullEv+0x70>
20001662:	22d0      	movs	r2, #208	@ 0xd0
20001664:	2180      	movs	r1, #128	@ 0x80
20001666:	0612      	lsls	r2, r2, #24
20001668:	0449      	lsls	r1, r1, #17
2000166a:	6191      	str	r1, [r2, #24]
2000166c:	e532      	b.n	200010d4 <_ZN12ComputerCard10BufferFullEv+0x60>
2000166e:	4a27      	ldr	r2, [pc, #156]	@ (2000170c <_ZN12ComputerCard10BufferFullEv+0x698>)
20001670:	4b27      	ldr	r3, [pc, #156]	@ (20001710 <_ZN12ComputerCard10BufferFullEv+0x69c>)
20001672:	6811      	ldr	r1, [r2, #0]
20001674:	434b      	muls	r3, r1
20001676:	4927      	ldr	r1, [pc, #156]	@ (20001714 <_ZN12ComputerCard10BufferFullEv+0x6a0>)
20001678:	468c      	mov	ip, r1
2000167a:	4463      	add	r3, ip
2000167c:	6013      	str	r3, [r2, #0]
2000167e:	0fd9      	lsrs	r1, r3, #31
20001680:	2b00      	cmp	r3, #0
20001682:	db33      	blt.n	200016ec <_ZN12ComputerCard10BufferFullEv+0x678>
20001684:	23d0      	movs	r3, #208	@ 0xd0
20001686:	2210      	movs	r2, #16
20001688:	061b      	lsls	r3, r3, #24
2000168a:	619a      	str	r2, [r3, #24]
2000168c:	4a1e      	ldr	r2, [pc, #120]	@ (20001708 <_ZN12ComputerCard10BufferFullEv+0x694>)
2000168e:	6813      	ldr	r3, [r2, #0]
20001690:	005b      	lsls	r3, r3, #1
20001692:	185b      	adds	r3, r3, r1
20001694:	6013      	str	r3, [r2, #0]
20001696:	e7a6      	b.n	200015e6 <_ZN12ComputerCard10BufferFullEv+0x572>
20001698:	2108      	movs	r1, #8
2000169a:	4b1f      	ldr	r3, [pc, #124]	@ (20001718 <_ZN12ComputerCard10BufferFullEv+0x6a4>)
2000169c:	481f      	ldr	r0, [pc, #124]	@ (2000171c <_ZN12ComputerCard10BufferFullEv+0x6a8>)
2000169e:	6019      	str	r1, [r3, #0]
200016a0:	21f8      	movs	r1, #248	@ 0xf8
200016a2:	6803      	ldr	r3, [r0, #0]
200016a4:	0349      	lsls	r1, r1, #13
200016a6:	400b      	ands	r3, r1
200016a8:	491d      	ldr	r1, [pc, #116]	@ (20001720 <_ZN12ComputerCard10BufferFullEv+0x6ac>)
200016aa:	600b      	str	r3, [r1, #0]
200016ac:	6803      	ldr	r3, [r0, #0]
200016ae:	20e0      	movs	r0, #224	@ 0xe0
200016b0:	01c0      	lsls	r0, r0, #7
200016b2:	4003      	ands	r3, r0
200016b4:	600b      	str	r3, [r1, #0]
200016b6:	23b4      	movs	r3, #180	@ 0xb4
200016b8:	005b      	lsls	r3, r3, #1
200016ba:	5ce1      	ldrb	r1, [r4, r3]
200016bc:	20a0      	movs	r0, #160	@ 0xa0
200016be:	408a      	lsls	r2, r1
200016c0:	4918      	ldr	r1, [pc, #96]	@ (20001724 <_ZN12ComputerCard10BufferFullEv+0x6b0>)
200016c2:	05c0      	lsls	r0, r0, #23
200016c4:	5042      	str	r2, [r0, r1]
200016c6:	5ce0      	ldrb	r0, [r4, r3]
200016c8:	f000 f9aa 	bl	20001a20 <__dma_channel_cleanup_veneer>
200016cc:	236a      	movs	r3, #106	@ 0x6a
200016ce:	33ff      	adds	r3, #255	@ 0xff
200016d0:	5ce0      	ldrb	r0, [r4, r3]
200016d2:	f000 f9a5 	bl	20001a20 <__dma_channel_cleanup_veneer>
200016d6:	2100      	movs	r1, #0
200016d8:	200b      	movs	r0, #11
200016da:	f000 f981 	bl	200019e0 <__irq_set_enabled_veneer>
200016de:	200b      	movs	r0, #11
200016e0:	4911      	ldr	r1, [pc, #68]	@ (20001728 <_ZN12ComputerCard10BufferFullEv+0x6b4>)
200016e2:	f000 f995 	bl	20001a10 <__irq_remove_handler_veneer>
200016e6:	2302      	movs	r3, #2
200016e8:	5563      	strb	r3, [r4, r5]
200016ea:	e6e5      	b.n	200014b8 <_ZN12ComputerCard10BufferFullEv+0x444>
200016ec:	23d0      	movs	r3, #208	@ 0xd0
200016ee:	2210      	movs	r2, #16
200016f0:	061b      	lsls	r3, r3, #24
200016f2:	615a      	str	r2, [r3, #20]
200016f4:	e7ca      	b.n	2000168c <_ZN12ComputerCard10BufferFullEv+0x618>
200016f6:	46c0      	nop			@ (mov r8, r8)
200016f8:	000007ff 	.word	0x000007ff
200016fc:	fffff800 	.word	0xfffff800
20001700:	ffffb000 	.word	0xffffb000
20001704:	20002134 	.word	0x20002134
20001708:	20002138 	.word	0x20002138
2000170c:	20001a94 	.word	0x20001a94
20001710:	0019660d 	.word	0x0019660d
20001714:	3c6ef35f 	.word	0x3c6ef35f
20001718:	4004f000 	.word	0x4004f000
2000171c:	4004c000 	.word	0x4004c000
20001720:	4004d000 	.word	0x4004d000
20001724:	0000040c 	.word	0x0000040c
20001728:	100003d9 	.word	0x100003d9

2000172c <flash_init_boot2_copyout>:
2000172c:	b510      	push	{r4, lr}
2000172e:	4c08      	ldr	r4, [pc, #32]	@ (20001750 <flash_init_boot2_copyout+0x24>)
20001730:	7823      	ldrb	r3, [r4, #0]
20001732:	2b00      	cmp	r3, #0
20001734:	d10a      	bne.n	2000174c <flash_init_boot2_copyout+0x20>
20001736:	2380      	movs	r3, #128	@ 0x80
20001738:	4806      	ldr	r0, [pc, #24]	@ (20001754 <flash_init_boot2_copyout+0x28>)
2000173a:	4907      	ldr	r1, [pc, #28]	@ (20001758 <flash_init_boot2_copyout+0x2c>)
2000173c:	055b      	lsls	r3, r3, #21
2000173e:	681a      	ldr	r2, [r3, #0]
20001740:	50c2      	str	r2, [r0, r3]
20001742:	3304      	adds	r3, #4
20001744:	428b      	cmp	r3, r1
20001746:	d1fa      	bne.n	2000173e <flash_init_boot2_copyout+0x12>
20001748:	2301      	movs	r3, #1
2000174a:	7023      	strb	r3, [r4, #0]
2000174c:	bd10      	pop	{r4, pc}
2000174e:	46c0      	nop			@ (mov r8, r8)
20001750:	200022d2 	.word	0x200022d2
20001754:	10002160 	.word	0x10002160
20001758:	10000100 	.word	0x10000100

2000175c <flash_enable_xip_via_boot2>:
2000175c:	b510      	push	{r4, lr}
2000175e:	4b01      	ldr	r3, [pc, #4]	@ (20001764 <flash_enable_xip_via_boot2+0x8>)
20001760:	4798      	blx	r3
20001762:	bd10      	pop	{r4, pc}
20001764:	20002161 	.word	0x20002161

20001768 <flash_save_hardware_state>:
20001768:	4b06      	ldr	r3, [pc, #24]	@ (20001784 <flash_save_hardware_state+0x1c>)
2000176a:	685a      	ldr	r2, [r3, #4]
2000176c:	6002      	str	r2, [r0, #0]
2000176e:	689a      	ldr	r2, [r3, #8]
20001770:	6042      	str	r2, [r0, #4]
20001772:	68da      	ldr	r2, [r3, #12]
20001774:	6082      	str	r2, [r0, #8]
20001776:	691a      	ldr	r2, [r3, #16]
20001778:	60c2      	str	r2, [r0, #12]
2000177a:	695a      	ldr	r2, [r3, #20]
2000177c:	6102      	str	r2, [r0, #16]
2000177e:	699b      	ldr	r3, [r3, #24]
20001780:	6143      	str	r3, [r0, #20]
20001782:	4770      	bx	lr
20001784:	40020000 	.word	0x40020000

20001788 <flash_restore_hardware_state>:
20001788:	6802      	ldr	r2, [r0, #0]
2000178a:	4b06      	ldr	r3, [pc, #24]	@ (200017a4 <flash_restore_hardware_state+0x1c>)
2000178c:	605a      	str	r2, [r3, #4]
2000178e:	6842      	ldr	r2, [r0, #4]
20001790:	609a      	str	r2, [r3, #8]
20001792:	6882      	ldr	r2, [r0, #8]
20001794:	60da      	str	r2, [r3, #12]
20001796:	68c2      	ldr	r2, [r0, #12]
20001798:	611a      	str	r2, [r3, #16]
2000179a:	6902      	ldr	r2, [r0, #16]
2000179c:	615a      	str	r2, [r3, #20]
2000179e:	6942      	ldr	r2, [r0, #20]
200017a0:	619a      	str	r2, [r3, #24]
200017a2:	4770      	bx	lr
200017a4:	40020000 	.word	0x40020000

200017a8 <flash_cs_force.constprop.0>:
200017a8:	4b03      	ldr	r3, [pc, #12]	@ (200017b8 <flash_cs_force.constprop.0+0x10>)
200017aa:	681a      	ldr	r2, [r3, #0]
200017ac:	23c0      	movs	r3, #192	@ 0xc0
200017ae:	009b      	lsls	r3, r3, #2
200017b0:	4393      	bics	r3, r2
200017b2:	4a02      	ldr	r2, [pc, #8]	@ (200017bc <flash_cs_force.constprop.0+0x14>)
200017b4:	6013      	str	r3, [r2, #0]
200017b6:	4770      	bx	lr
200017b8:	4001800c 	.word	0x4001800c
200017bc:	4001900c 	.word	0x4001900c

200017c0 <flash_cs_force.constprop.1>:
200017c0:	4b05      	ldr	r3, [pc, #20]	@ (200017d8 <flash_cs_force.constprop.1+0x18>)
200017c2:	681a      	ldr	r2, [r3, #0]
200017c4:	2380      	movs	r3, #128	@ 0x80
200017c6:	009b      	lsls	r3, r3, #2
200017c8:	4053      	eors	r3, r2
200017ca:	22c0      	movs	r2, #192	@ 0xc0
200017cc:	0092      	lsls	r2, r2, #2
200017ce:	4013      	ands	r3, r2
200017d0:	4a02      	ldr	r2, [pc, #8]	@ (200017dc <flash_cs_force.constprop.1+0x1c>)
200017d2:	6013      	str	r3, [r2, #0]
200017d4:	4770      	bx	lr
200017d6:	46c0      	nop			@ (mov r8, r8)
200017d8:	4001800c 	.word	0x4001800c
200017dc:	4001900c 	.word	0x4001900c

200017e0 <flash_do_cmd>:
200017e0:	2300      	movs	r3, #0
200017e2:	b5f0      	push	{r4, r5, r6, r7, lr}
200017e4:	46de      	mov	lr, fp
200017e6:	4657      	mov	r7, sl
200017e8:	464e      	mov	r6, r9
200017ea:	4645      	mov	r5, r8
200017ec:	469a      	mov	sl, r3
200017ee:	b5e0      	push	{r5, r6, r7, lr}
200017f0:	b089      	sub	sp, #36	@ 0x24
200017f2:	9001      	str	r0, [sp, #4]
200017f4:	000e      	movs	r6, r1
200017f6:	8a98      	ldrh	r0, [r3, #20]
200017f8:	4945      	ldr	r1, [pc, #276]	@ (20001910 <flash_do_cmd+0x130>)
200017fa:	8b1b      	ldrh	r3, [r3, #24]
200017fc:	0014      	movs	r4, r2
200017fe:	4798      	blx	r3
20001800:	4653      	mov	r3, sl
20001802:	4681      	mov	r9, r0
20001804:	4943      	ldr	r1, [pc, #268]	@ (20001914 <flash_do_cmd+0x134>)
20001806:	8a98      	ldrh	r0, [r3, #20]
20001808:	8b1b      	ldrh	r3, [r3, #24]
2000180a:	4798      	blx	r3
2000180c:	4653      	mov	r3, sl
2000180e:	4942      	ldr	r1, [pc, #264]	@ (20001918 <flash_do_cmd+0x138>)
20001810:	0005      	movs	r5, r0
20001812:	8a98      	ldrh	r0, [r3, #20]
20001814:	8b1b      	ldrh	r3, [r3, #24]
20001816:	4798      	blx	r3
20001818:	4680      	mov	r8, r0
2000181a:	f7ff ff87 	bl	2000172c <flash_init_boot2_copyout>
2000181e:	a802      	add	r0, sp, #8
20001820:	f7ff ffa2 	bl	20001768 <flash_save_hardware_state>
20001824:	47c8      	blx	r9
20001826:	47a8      	blx	r5
20001828:	f7ff ffca 	bl	200017c0 <flash_cs_force.constprop.1>
2000182c:	1e25      	subs	r5, r4, #0
2000182e:	d022      	beq.n	20001876 <flash_do_cmd+0x96>
20001830:	2308      	movs	r3, #8
20001832:	21c0      	movs	r1, #192	@ 0xc0
20001834:	469c      	mov	ip, r3
20001836:	2002      	movs	r0, #2
20001838:	0549      	lsls	r1, r1, #21
2000183a:	4662      	mov	r2, ip
2000183c:	6a8b      	ldr	r3, [r1, #40]	@ 0x28
2000183e:	401a      	ands	r2, r3
20001840:	4218      	tst	r0, r3
20001842:	d03f      	beq.n	200018c4 <flash_do_cmd+0xe4>
20001844:	1b63      	subs	r3, r4, r5
20001846:	2d00      	cmp	r5, #0
20001848:	d12f      	bne.n	200018aa <flash_do_cmd+0xca>
2000184a:	2a00      	cmp	r2, #0
2000184c:	d111      	bne.n	20001872 <flash_do_cmd+0x92>
2000184e:	2c00      	cmp	r4, #0
20001850:	d011      	beq.n	20001876 <flash_do_cmd+0x96>
20001852:	23c0      	movs	r3, #192	@ 0xc0
20001854:	055b      	lsls	r3, r3, #21
20001856:	469b      	mov	fp, r3
20001858:	2302      	movs	r3, #2
2000185a:	469a      	mov	sl, r3
2000185c:	3306      	adds	r3, #6
2000185e:	4699      	mov	r9, r3
20001860:	465b      	mov	r3, fp
20001862:	464a      	mov	r2, r9
20001864:	4657      	mov	r7, sl
20001866:	6a9b      	ldr	r3, [r3, #40]	@ 0x28
20001868:	401a      	ands	r2, r3
2000186a:	421f      	tst	r7, r3
2000186c:	d042      	beq.n	200018f4 <flash_do_cmd+0x114>
2000186e:	2a00      	cmp	r2, #0
20001870:	d0f6      	beq.n	20001860 <flash_do_cmd+0x80>
20001872:	2c00      	cmp	r4, #0
20001874:	d130      	bne.n	200018d8 <flash_do_cmd+0xf8>
20001876:	f7ff ff97 	bl	200017a8 <flash_cs_force.constprop.0>
2000187a:	47c0      	blx	r8
2000187c:	f7ff ff6e 	bl	2000175c <flash_enable_xip_via_boot2>
20001880:	a802      	add	r0, sp, #8
20001882:	f7ff ff81 	bl	20001788 <flash_restore_hardware_state>
20001886:	b009      	add	sp, #36	@ 0x24
20001888:	bcf0      	pop	{r4, r5, r6, r7}
2000188a:	46bb      	mov	fp, r7
2000188c:	46b2      	mov	sl, r6
2000188e:	46a9      	mov	r9, r5
20001890:	46a0      	mov	r8, r4
20001892:	bdf0      	pop	{r4, r5, r6, r7, pc}
20001894:	2c00      	cmp	r4, #0
20001896:	d12f      	bne.n	200018f8 <flash_do_cmd+0x118>
20001898:	22c0      	movs	r2, #192	@ 0xc0
2000189a:	0552      	lsls	r2, r2, #21
2000189c:	6a92      	ldr	r2, [r2, #40]	@ 0x28
2000189e:	4691      	mov	r9, r2
200018a0:	2208      	movs	r2, #8
200018a2:	464f      	mov	r7, r9
200018a4:	403a      	ands	r2, r7
200018a6:	07bf      	lsls	r7, r7, #30
200018a8:	d52d      	bpl.n	20001906 <flash_do_cmd+0x126>
200018aa:	2b0d      	cmp	r3, #13
200018ac:	d91b      	bls.n	200018e6 <flash_do_cmd+0x106>
200018ae:	2a00      	cmp	r2, #0
200018b0:	d1f0      	bne.n	20001894 <flash_do_cmd+0xb4>
200018b2:	22c0      	movs	r2, #192	@ 0xc0
200018b4:	0552      	lsls	r2, r2, #21
200018b6:	6a92      	ldr	r2, [r2, #40]	@ 0x28
200018b8:	4691      	mov	r9, r2
200018ba:	2208      	movs	r2, #8
200018bc:	464f      	mov	r7, r9
200018be:	403a      	ands	r2, r7
200018c0:	07bf      	lsls	r7, r7, #30
200018c2:	d4f2      	bmi.n	200018aa <flash_do_cmd+0xca>
200018c4:	2a00      	cmp	r2, #0
200018c6:	d104      	bne.n	200018d2 <flash_do_cmd+0xf2>
200018c8:	002b      	movs	r3, r5
200018ca:	4323      	orrs	r3, r4
200018cc:	2b00      	cmp	r3, #0
200018ce:	d1b4      	bne.n	2000183a <flash_do_cmd+0x5a>
200018d0:	e7d1      	b.n	20001876 <flash_do_cmd+0x96>
200018d2:	002b      	movs	r3, r5
200018d4:	2c00      	cmp	r4, #0
200018d6:	d0f9      	beq.n	200018cc <flash_do_cmd+0xec>
200018d8:	6e0b      	ldr	r3, [r1, #96]	@ 0x60
200018da:	3c01      	subs	r4, #1
200018dc:	7033      	strb	r3, [r6, #0]
200018de:	0023      	movs	r3, r4
200018e0:	3601      	adds	r6, #1
200018e2:	432b      	orrs	r3, r5
200018e4:	e7f2      	b.n	200018cc <flash_do_cmd+0xec>
200018e6:	9f01      	ldr	r7, [sp, #4]
200018e8:	3d01      	subs	r5, #1
200018ea:	783b      	ldrb	r3, [r7, #0]
200018ec:	3701      	adds	r7, #1
200018ee:	660b      	str	r3, [r1, #96]	@ 0x60
200018f0:	9701      	str	r7, [sp, #4]
200018f2:	e7e7      	b.n	200018c4 <flash_do_cmd+0xe4>
200018f4:	2500      	movs	r5, #0
200018f6:	e7e5      	b.n	200018c4 <flash_do_cmd+0xe4>
200018f8:	23c0      	movs	r3, #192	@ 0xc0
200018fa:	055b      	lsls	r3, r3, #21
200018fc:	6e1b      	ldr	r3, [r3, #96]	@ 0x60
200018fe:	3c01      	subs	r4, #1
20001900:	7033      	strb	r3, [r6, #0]
20001902:	3601      	adds	r6, #1
20001904:	e799      	b.n	2000183a <flash_do_cmd+0x5a>
20001906:	002b      	movs	r3, r5
20001908:	2a00      	cmp	r2, #0
2000190a:	d1df      	bne.n	200018cc <flash_do_cmd+0xec>
2000190c:	e7dc      	b.n	200018c8 <flash_do_cmd+0xe8>
2000190e:	46c0      	nop			@ (mov r8, r8)
20001910:	00004649 	.word	0x00004649
20001914:	00005845 	.word	0x00005845
20001918:	00004346 	.word	0x00004346

2000191c <mutex_try_enter_block_until>:
2000191c:	b5f0      	push	{r4, r5, r6, r7, lr}
2000191e:	46c6      	mov	lr, r8
20001920:	0015      	movs	r5, r2
20001922:	b500      	push	{lr}
20001924:	0004      	movs	r4, r0
20001926:	001e      	movs	r6, r3
20001928:	6802      	ldr	r2, [r0, #0]
2000192a:	f3ef 8110 	mrs	r1, PRIMASK
2000192e:	b672      	cpsid	i
20001930:	6813      	ldr	r3, [r2, #0]
20001932:	2b00      	cmp	r3, #0
20001934:	d0fc      	beq.n	20001930 <mutex_try_enter_block_until+0x14>
20001936:	f3bf 8f5f 	dmb	sy
2000193a:	2304      	movs	r3, #4
2000193c:	56e3      	ldrsb	r3, [r4, r3]
2000193e:	6822      	ldr	r2, [r4, #0]
20001940:	2b00      	cmp	r3, #0
20001942:	db2b      	blt.n	2000199c <mutex_try_enter_block_until+0x80>
20001944:	f3bf 8f5f 	dmb	sy
20001948:	2000      	movs	r0, #0
2000194a:	6010      	str	r0, [r2, #0]
2000194c:	f381 8810 	msr	PRIMASK, r1
20001950:	22d0      	movs	r2, #208	@ 0xd0
20001952:	0612      	lsls	r2, r2, #24
20001954:	7812      	ldrb	r2, [r2, #0]
20001956:	2700      	movs	r7, #0
20001958:	b252      	sxtb	r2, r2
2000195a:	4690      	mov	r8, r2
2000195c:	429a      	cmp	r2, r3
2000195e:	d10e      	bne.n	2000197e <mutex_try_enter_block_until+0x62>
20001960:	2000      	movs	r0, #0
20001962:	bc80      	pop	{r7}
20001964:	46b8      	mov	r8, r7
20001966:	bdf0      	pop	{r4, r5, r6, r7, pc}
20001968:	f3bf 8f5f 	dmb	sy
2000196c:	6017      	str	r7, [r2, #0]
2000196e:	f381 8810 	msr	PRIMASK, r1
20001972:	0028      	movs	r0, r5
20001974:	0031      	movs	r1, r6
20001976:	f000 f883 	bl	20001a80 <__best_effort_wfe_or_timeout_veneer>
2000197a:	2800      	cmp	r0, #0
2000197c:	d1f0      	bne.n	20001960 <mutex_try_enter_block_until+0x44>
2000197e:	6822      	ldr	r2, [r4, #0]
20001980:	f3ef 8110 	mrs	r1, PRIMASK
20001984:	b672      	cpsid	i
20001986:	6813      	ldr	r3, [r2, #0]
20001988:	2b00      	cmp	r3, #0
2000198a:	d0fc      	beq.n	20001986 <mutex_try_enter_block_until+0x6a>
2000198c:	f3bf 8f5f 	dmb	sy
20001990:	7923      	ldrb	r3, [r4, #4]
20001992:	6822      	ldr	r2, [r4, #0]
20001994:	2b7f      	cmp	r3, #127	@ 0x7f
20001996:	d9e7      	bls.n	20001968 <mutex_try_enter_block_until+0x4c>
20001998:	4643      	mov	r3, r8
2000199a:	e002      	b.n	200019a2 <mutex_try_enter_block_until+0x86>
2000199c:	23d0      	movs	r3, #208	@ 0xd0
2000199e:	061b      	lsls	r3, r3, #24
200019a0:	681b      	ldr	r3, [r3, #0]
200019a2:	7123      	strb	r3, [r4, #4]
200019a4:	f3bf 8f5f 	dmb	sy
200019a8:	2300      	movs	r3, #0
200019aa:	6013      	str	r3, [r2, #0]
200019ac:	f381 8810 	msr	PRIMASK, r1
200019b0:	2001      	movs	r0, #1
200019b2:	e7d6      	b.n	20001962 <mutex_try_enter_block_until+0x46>

200019b4 <mutex_exit>:
200019b4:	6802      	ldr	r2, [r0, #0]
200019b6:	f3ef 8110 	mrs	r1, PRIMASK
200019ba:	b672      	cpsid	i
200019bc:	6813      	ldr	r3, [r2, #0]
200019be:	2b00      	cmp	r3, #0
200019c0:	d0fc      	beq.n	200019bc <mutex_exit+0x8>
200019c2:	f3bf 8f5f 	dmb	sy
200019c6:	23ff      	movs	r3, #255	@ 0xff
200019c8:	7103      	strb	r3, [r0, #4]
200019ca:	6803      	ldr	r3, [r0, #0]
200019cc:	f3bf 8f5f 	dmb	sy
200019d0:	2200      	movs	r2, #0
200019d2:	601a      	str	r2, [r3, #0]
200019d4:	f381 8810 	msr	PRIMASK, r1
200019d8:	bf40      	sev
200019da:	4770      	bx	lr

200019dc <__aeabi_idiv0>:
200019dc:	4770      	bx	lr
200019de:	46c0      	nop			@ (mov r8, r8)

200019e0 <__irq_set_enabled_veneer>:
200019e0:	b401      	push	{r0}
200019e2:	4802      	ldr	r0, [pc, #8]	@ (200019ec <__irq_set_enabled_veneer+0xc>)
200019e4:	4684      	mov	ip, r0
200019e6:	bc01      	pop	{r0}
200019e8:	4760      	bx	ip
200019ea:	bf00      	nop
200019ec:	10001c6d 	.word	0x10001c6d

200019f0 <____wrap___aeabi_lmul_veneer>:
200019f0:	b401      	push	{r0}
200019f2:	4802      	ldr	r0, [pc, #8]	@ (200019fc <____wrap___aeabi_lmul_veneer+0xc>)
200019f4:	4684      	mov	ip, r0
200019f6:	bc01      	pop	{r0}
200019f8:	4760      	bx	ip
200019fa:	bf00      	nop
200019fc:	10002f89 	.word	0x10002f89

20001a00 <____wrap___aeabi_idiv_veneer>:
20001a00:	b401      	push	{r0}
20001a02:	4802      	ldr	r0, [pc, #8]	@ (20001a0c <____wrap___aeabi_idiv_veneer+0xc>)
20001a04:	4684      	mov	ip, r0
20001a06:	bc01      	pop	{r0}
20001a08:	4760      	bx	ip
20001a0a:	bf00      	nop
20001a0c:	100029f9 	.word	0x100029f9

20001a10 <__irq_remove_handler_veneer>:
20001a10:	b401      	push	{r0}
20001a12:	4802      	ldr	r0, [pc, #8]	@ (20001a1c <__irq_remove_handler_veneer+0xc>)
20001a14:	4684      	mov	ip, r0
20001a16:	bc01      	pop	{r0}
20001a18:	4760      	bx	ip
20001a1a:	bf00      	nop
20001a1c:	10001ce5 	.word	0x10001ce5

20001a20 <__dma_channel_cleanup_veneer>:
20001a20:	b401      	push	{r0}
20001a22:	4802      	ldr	r0, [pc, #8]	@ (20001a2c <__dma_channel_cleanup_veneer+0xc>)
20001a24:	4684      	mov	ip, r0
20001a26:	bc01      	pop	{r0}
20001a28:	4760      	bx	ip
20001a2a:	bf00      	nop
20001a2c:	10003511 	.word	0x10003511

20001a30 <____wrap___aeabi_idivmod_veneer>:
20001a30:	b401      	push	{r0}
20001a32:	4802      	ldr	r0, [pc, #8]	@ (20001a3c <____wrap___aeabi_idivmod_veneer+0xc>)
20001a34:	4684      	mov	ip, r0
20001a36:	bc01      	pop	{r0}
20001a38:	4760      	bx	ip
20001a3a:	bf00      	nop
20001a3c:	100029f9 	.word	0x100029f9

20001a40 <__dma_claim_unused_channel_veneer>:
20001a40:	b401      	push	{r0}
20001a42:	4802      	ldr	r0, [pc, #8]	@ (20001a4c <__dma_claim_unused_channel_veneer+0xc>)
20001a44:	4684      	mov	ip, r0
20001a46:	bc01      	pop	{r0}
20001a48:	4760      	bx	ip
20001a4a:	bf00      	nop
20001a4c:	100034ed 	.word	0x100034ed

20001a50 <__irq_set_exclusive_handler_veneer>:
20001a50:	b401      	push	{r0}
20001a52:	4802      	ldr	r0, [pc, #8]	@ (20001a5c <__irq_set_exclusive_handler_veneer+0xc>)
20001a54:	4684      	mov	ip, r0
20001a56:	bc01      	pop	{r0}
20001a58:	4760      	bx	ip
20001a5a:	bf00      	nop
20001a5c:	10001c91 	.word	0x10001c91

20001a60 <____wrap___aeabi_uldivmod_veneer>:
20001a60:	b401      	push	{r0}
20001a62:	4802      	ldr	r0, [pc, #8]	@ (20001a6c <____wrap___aeabi_uldivmod_veneer+0xc>)
20001a64:	4684      	mov	ip, r0
20001a66:	bc01      	pop	{r0}
20001a68:	4760      	bx	ip
20001a6a:	bf00      	nop
20001a6c:	10002ac5 	.word	0x10002ac5

20001a70 <__irq_set_priority_veneer>:
20001a70:	b401      	push	{r0}
20001a72:	4802      	ldr	r0, [pc, #8]	@ (20001a7c <__irq_set_priority_veneer+0xc>)
20001a74:	4684      	mov	ip, r0
20001a76:	bc01      	pop	{r0}
20001a78:	4760      	bx	ip
20001a7a:	bf00      	nop
20001a7c:	10001eb9 	.word	0x10001eb9

20001a80 <__best_effort_wfe_or_timeout_veneer>:
20001a80:	b401      	push	{r0}
20001a82:	4802      	ldr	r0, [pc, #8]	@ (20001a8c <__best_effort_wfe_or_timeout_veneer+0xc>)
20001a84:	4684      	mov	ip, r0
20001a86:	bc01      	pop	{r0}
20001a88:	4760      	bx	ip
20001a8a:	bf00      	nop
20001a8c:	10001ab5 	.word	0x10001ab5

20001a90 <_ZZN12ComputerCard10BufferFullEvE14startupCounter>:
20001a90:	00000008                                ....

20001a94 <_ZZN12ComputerCard15next_norm_probeEvE8lcg_seed>:
20001a94:	00000001                                ....

20001a98 <_ZN12ComputerCard7cvValueE>:
20001a98:	00040000 00040000                       ........

20001aa0 <striped_spin_lock_num>:
20001aa0:	00000010                                ....

20001aa4 <default_alarm_pool>:
	...
20001ab8:	20001db0                                ... 

20001abc <irq_handler_chain_slots>:
20001abc:	00000000 	.word	0x00000000
20001ac0:	00010000 	.word	0x00010000
	...
20001acc:	00020000 	.word	0x00020000
	...
20001ad8:	00030000 	.word	0x00030000
	...
20001ae4:	00ff0000 	.word	0x00ff0000
20001ae8:	00000000 	.word	0x00000000

20001aec <irq_handler_chain_first_slot>:
20001aec:	b501      	push	{r0, lr}
20001aee:	6848      	ldr	r0, [r1, #4]
20001af0:	3101      	adds	r1, #1
20001af2:	468e      	mov	lr, r1
20001af4:	4700      	bx	r0

20001af6 <irq_handler_chain_remove_tail>:
20001af6:	4670      	mov	r0, lr
20001af8:	3809      	subs	r0, #9
20001afa:	4901      	ldr	r1, [pc, #4]	@ (20001b00 <irq_handler_chain_remove_tail+0xa>)
20001afc:	4788      	blx	r1
20001afe:	bd01      	pop	{r0, pc}
20001b00:	10001ee1 	.word	0x10001ee1
	...

20001b10 <aeabi_bits_funcs>:
20001b10:	00003350 	.word	0x00003350
20001b14:	0000334c 	.word	0x0000334c
20001b18:	00003354 	.word	0x00003354
20001b1c:	00003352 	.word	0x00003352

20001b20 <aeabi_bits_funcs_end>:
20001b20:	0000534d 	.word	0x0000534d
20001b24:	0000434d 	.word	0x0000434d
20001b28:	00003453 	.word	0x00003453
20001b2c:	00003443 	.word	0x00003443

20001b30 <i2c0_inst>:
20001b30:	40044000 00000000                       .@.@....

20001b38 <print_mutex>:
	...
